player_id,player_name,season,age,role,position,war,wrc_plus,ops_plus,obp,slg,iso,hr,bb_pct,k_pct,baserunning_runs,defensive_runs,avg_ev,barrel_pct,hard_hit_pct,launch_angle,bat_speed,chase_pct,whiff_pct,sprint_speed,era,era_plus,fip,xfip,innings,avg_velocity,stuff_plus,location_plus,pitching_plus,hard_hit_pct_allowed,gb_pct,hr9
10001,Demo Hitter 001,2019,20,Hitter,CF,2.31,108.3,123.2,0.326,0.419,0.182,22.0,5.2,24.5,-5.1,9.3,89.7,8.3,45.1,13.1,72.2,29.5,27.7,28.4,,,,,,,,,,,,
10001,Demo Hitter 001,2020,21,Hitter,CF,2.6,123.0,128.7,0.338,0.39,0.232,13.0,5.8,17.6,1.4,9.0,88.7,8.9,41.2,11.5,71.4,25.5,25.5,27.5,,,,,,,,,,,,
10001,Demo Hitter 001,2021,22,Hitter,CF,1.66,117.3,117.9,0.34,0.406,0.148,15.0,9.8,19.8,-1.9,5.7,87.2,6.5,37.8,13.8,72.4,27.0,20.1,26.8,,,,,,,,,,,,
10001,Demo Hitter 001,2022,23,Hitter,CF,3.72,127.6,133.3,0.357,0.478,0.214,27.0,9.0,17.5,2.9,-5.6,91.8,8.6,54.9,6.0,74.3,25.3,23.0,26.9,,,,,,,,,,,,
10001,Demo Hitter 001,2023,24,Hitter,CF,2.94,152.4,130.2,0.325,0.471,0.212,20.0,10.8,21.3,2.1,3.6,89.3,9.3,45.0,14.3,69.2,27.0,22.5,26.7,,,,,,,,,,,,
10002,Demo Hitter 002,2020,22,Hitter,SS,5.59,166.1,159.4,0.39,0.518,0.249,39.0,12.7,16.4,-2.9,-0.6,93.6,13.4,52.6,14.7,72.3,18.6,22.8,26.6,,,,,,,,,,,,
10002,Demo Hitter 002,2021,23,Hitter,SS,3.54,143.5,135.2,0.356,0.453,0.213,25.0,12.2,20.8,-3.5,1.1,89.9,10.5,37.4,17.2,70.7,32.9,21.5,27.0,,,,,,,,,,,,
10002,Demo Hitter 002,2022,24,Hitter,SS,4.61,152.0,167.2,0.354,0.543,0.24,28.0,13.4,21.9,2.4,-6.7,91.4,11.6,45.0,12.5,72.4,32.1,23.9,24.6,,,,,,,,,,,,
10002,Demo Hitter 002,2023,25,Hitter,SS,5.51,161.4,156.1,0.343,0.521,0.234,40.0,12.7,21.0,-0.9,-9.1,92.9,14.6,46.4,10.8,71.4,21.3,18.6,26.9,,,,,,,,,,,,
10002,Demo Hitter 002,2024,26,Hitter,SS,5.8,167.9,170.9,0.358,0.549,0.241,44.0,14.4,18.3,0.3,6.1,90.4,9.8,51.8,21.7,70.1,27.0,18.4,26.6,,,,,,,,,,,,
10003,Demo Hitter 003,2019,20,Hitter,SS,2.99,123.2,135.8,0.337,0.446,0.197,18.0,9.9,16.2,-0.5,-1.1,88.8,9.8,38.8,15.0,71.5,27.2,23.2,26.1,,,,,,,,,,,,
10003,Demo Hitter 003,2020,21,Hitter,SS,3.1,131.2,116.5,0.371,0.447,0.187,27.0,6.2,19.7,0.8,-1.3,89.6,9.4,40.3,12.8,71.8,25.2,24.7,27.4,,,,,,,,,,,,
10003,Demo Hitter 003,2021,22,Hitter,SS,2.84,126.0,129.3,0.361,0.48,0.179,22.0,8.8,22.3,-0.4,1.6,91.1,10.4,42.7,14.3,70.2,28.2,23.2,26.3,,,,,,,,,,,,
10003,Demo Hitter 003,2022,23,Hitter,SS,4.26,151.6,120.8,0.345,0.48,0.221,26.0,10.2,18.4,-1.3,2.9,90.3,10.7,43.3,12.8,70.4,25.8,24.7,28.2,,,,,,,,,,,,
10003,Demo Hitter 003,2023,24,Hitter,SS,1.8,141.6,112.8,0.345,0.395,0.191,21.0,8.8,21.3,-0.6,3.7,87.3,8.0,36.9,6.5,71.0,29.4,23.3,25.2,,,,,,,,,,,,
10003,Demo Hitter 003,2024,25,Hitter,SS,3.19,133.6,131.8,0.348,0.43,0.223,30.0,11.5,22.2,3.3,3.7,91.2,11.1,42.6,15.5,70.5,27.8,24.4,26.2,,,,,,,,,,,,
10003,Demo Hitter 003,2025,26,Hitter,SS,1.89,115.5,113.0,0.347,0.384,0.164,29.0,4.8,21.3,-1.6,-8.6,88.5,6.9,27.9,10.5,68.9,32.7,24.7,25.5,,,,,,,,,,,,
10003,Demo Hitter 003,2026,27,Hitter,SS,3.66,157.4,126.2,0.336,0.468,0.212,29.0,7.7,20.6,-3.0,-4.0,91.3,9.6,45.5,11.6,72.0,28.5,25.3,27.9,,,,,,,,,,,,
10004,Demo Hitter 004,2011,20,Hitter,3B,5.14,165.4,147.6,0.365,0.505,0.243,43.0,14.9,29.2,4.6,8.4,91.0,11.5,47.0,11.9,71.1,26.2,23.7,27.1,,,,,,,,,,,,
10004,Demo Hitter 004,2012,21,Hitter,3B,5.19,162.7,155.4,0.386,0.502,0.24,42.0,13.4,14.4,0.4,7.8,91.9,15.8,41.0,14.9,69.6,29.1,18.8,28.9,,,,,,,,,,,,
10004,Demo Hitter 004,2013,22,Hitter,3B,4.23,148.0,144.8,0.358,0.446,0.236,28.0,15.4,19.1,0.6,-1.5,93.0,15.0,47.2,17.3,70.9,24.9,27.1,25.9,,,,,,,,,,,,
10004,Demo Hitter 004,2014,23,Hitter,3B,4.54,136.3,142.6,0.367,0.489,0.197,36.0,11.5,11.9,-2.7,-1.6,89.9,12.7,49.7,12.7,72.1,31.5,27.7,26.6,,,,,,,,,,,,
10004,Demo Hitter 004,2015,24,Hitter,3B,5.83,148.5,170.9,0.381,0.497,0.24,38.0,14.6,20.8,0.8,-1.9,91.8,11.8,47.0,9.6,72.4,27.7,20.9,24.7,,,,,,,,,,,,
10004,Demo Hitter 004,2016,25,Hitter,3B,5.53,160.6,158.6,0.359,0.505,0.238,43.0,9.7,21.0,-0.3,3.4,90.4,10.4,51.3,11.3,73.4,28.6,16.8,26.3,,,,,,,,,,,,
10004,Demo Hitter 004,2017,26,Hitter,3B,4.74,156.9,151.9,0.374,0.488,0.257,33.0,11.1,17.7,-2.9,-0.2,91.2,13.2,54.5,14.2,72.9,23.3,21.9,27.0,,,,,,,,,,,,
10004,Demo Hitter 004,2018,27,Hitter,3B,5.25,155.9,155.2,0.352,0.533,0.26,29.0,9.0,16.7,0.3,-4.5,91.4,14.8,50.9,17.3,70.4,20.7,23.7,26.0,,,,,,,,,,,,
10004,Demo Hitter 004,2019,28,Hitter,3B,4.37,138.0,138.2,0.366,0.449,0.195,36.0,12.0,14.3,-4.8,1.3,91.6,16.0,47.1,15.1,71.6,27.3,21.3,28.3,,,,,,,,,,,,
10005,Demo Hitter 005,2018,25,Hitter,DH,3.62,138.5,143.7,0.355,0.423,0.229,25.0,12.6,19.0,-2.5,3.5,88.0,13.2,40.6,14.9,69.5,27.8,21.5,28.9,,,,,,,,,,,,
10005,Demo Hitter 005,2019,26,Hitter,DH,3.81,139.4,130.8,0.352,0.475,0.235,32.0,7.7,25.5,0.1,5.3,89.5,12.7,42.9,11.6,71.6,25.2,24.6,27.4,,,,,,,,,,,,
10005,Demo Hitter 005,2020,27,Hitter,DH,4.85,164.1,156.3,0.37,0.522,0.235,38.0,11.2,13.8,-1.8,-4.8,90.2,12.5,46.5,15.1,70.9,25.8,24.7,27.8,,,,,,,,,,,,
10005,Demo Hitter 005,2021,28,Hitter,DH,5.19,155.0,169.8,0.357,0.467,0.232,28.0,12.8,18.5,-3.8,0.7,92.6,12.0,45.3,9.8,71.7,22.7,21.5,25.6,,,,,,,,,,,,
10005,Demo Hitter 005,2022,29,Hitter,DH,4.38,157.7,149.3,0.362,0.512,0.235,28.0,11.6,21.3,-0.8,2.6,89.2,12.8,47.1,13.5,71.7,28.2,20.3,26.2,,,,,,,,,,,,
10005,Demo Hitter 005,2023,30,Hitter,DH,4.4,156.9,150.4,0.358,0.497,0.212,32.0,9.9,16.0,0.7,-1.7,90.2,10.5,51.0,14.8,71.0,29.3,23.0,26.0,,,,,,,,,,,,
10005,Demo Hitter 005,2024,31,Hitter,DH,3.33,145.0,130.7,0.354,0.448,0.214,29.0,11.0,21.9,2.5,3.8,88.8,14.0,40.5,10.7,71.7,30.8,25.1,25.6,,,,,,,,,,,,
10005,Demo Hitter 005,2025,32,Hitter,DH,3.31,144.9,135.1,0.352,0.424,0.205,28.0,8.3,15.2,0.5,3.9,87.7,10.0,47.6,19.3,71.8,21.7,24.2,28.2,,,,,,,,,,,,
10005,Demo Hitter 005,2026,33,Hitter,DH,5.0,164.2,156.1,0.361,0.465,0.22,29.0,10.5,21.3,0.3,-9.9,90.5,15.4,49.8,19.1,70.9,28.2,21.5,25.6,,,,,,,,,,,,
10006,Demo Hitter 006,2008,27,Hitter,2B,2.29,123.5,119.4,0.357,0.431,0.198,17.0,7.2,20.4,-1.4,-1.5,88.9,12.5,36.1,8.0,71.9,32.8,29.6,25.6,,,,,,,,,,,,
10006,Demo Hitter 006,2009,28,Hitter,2B,2.45,110.9,124.0,0.323,0.43,0.16,30.0,11.2,23.0,-2.3,8.3,90.5,8.9,44.5,15.0,72.2,31.5,26.6,27.0,,,,,,,,,,,,
10006,Demo Hitter 006,2010,29,Hitter,2B,1.23,104.4,115.9,0.321,0.426,0.131,16.0,7.8,27.3,-0.7,-3.0,88.2,10.1,47.3,7.7,73.2,24.2,29.2,28.9,,,,,,,,,,,,
10006,Demo Hitter 006,2011,30,Hitter,2B,2.56,108.0,118.1,0.367,0.458,0.212,24.0,10.1,22.5,-1.5,4.9,92.5,7.5,36.6,9.2,70.1,29.4,25.7,27.7,,,,,,,,,,,,
10006,Demo Hitter 006,2012,31,Hitter,2B,1.75,108.4,116.3,0.317,0.425,0.186,21.0,11.3,22.7,2.7,14.4,89.6,5.4,33.6,12.5,72.1,28.5,26.6,26.4,,,,,,,,,,,,
10006,Demo Hitter 006,2013,32,Hitter,2B,1.18,110.7,127.6,0.341,0.382,0.164,27.0,8.7,29.8,0.7,1.3,87.5,7.3,36.4,15.5,72.4,29.2,27.0,25.4,,,,,,,,,,,,
10006,Demo Hitter 006,2014,33,Hitter,2B,1.18,118.7,111.4,0.316,0.432,0.187,24.0,9.5,28.3,-0.6,3.0,85.7,7.7,37.4,21.7,72.6,33.8,22.4,26.7,,,,,,,,,,,,
10007,Demo Hitter 007,2010,27,Hitter,DH,4.24,146.3,135.4,0.386,0.495,0.221,24.0,12.5,19.0,-1.1,-3.2,92.3,8.2,40.5,16.2,72.7,29.1,22.1,27.6,,,,,,,,,,,,
10007,Demo Hitter 007,2011,28,Hitter,DH,3.22,129.7,130.6,0.34,0.472,0.203,23.0,7.9,26.1,-2.5,0.6,87.4,8.0,43.1,19.6,74.0,27.1,21.1,28.0,,,,,,,,,,,,
10007,Demo Hitter 007,2012,29,Hitter,DH,4.5,142.7,139.5,0.383,0.468,0.243,28.0,11.9,15.5,1.2,-5.2,88.8,11.3,50.3,14.4,72.3,29.8,21.0,28.5,,,,,,,,,,,,
10007,Demo Hitter 007,2013,30,Hitter,DH,2.53,146.2,129.3,0.344,0.388,0.191,24.0,10.9,18.2,4.3,-0.7,89.6,8.4,50.4,10.8,71.5,32.1,31.5,27.1,,,,,,,,,,,,
10007,Demo Hitter 007,2014,31,Hitter,DH,2.85,129.3,129.7,0.354,0.456,0.176,26.0,10.2,19.7,2.5,6.8,85.8,11.3,44.1,19.5,72.8,33.9,27.7,25.9,,,,,,,,,,,,
10007,Demo Hitter 007,2015,32,Hitter,DH,2.61,123.1,131.3,0.336,0.426,0.203,32.0,9.8,19.9,-1.8,-0.7,89.2,10.2,43.7,13.9,68.5,32.1,33.7,26.0,,,,,,,,,,,,
10007,Demo Hitter 007,2016,33,Hitter,DH,1.83,132.8,132.8,0.338,0.484,0.216,26.0,13.6,16.8,2.9,-5.5,87.4,8.2,37.2,12.9,74.4,30.7,23.5,26.3,,,,,,,,,,,,
10007,Demo Hitter 007,2017,34,Hitter,DH,2.3,110.1,139.5,0.327,0.489,0.159,18.0,8.0,23.2,2.0,-6.1,86.6,9.0,40.9,14.9,68.1,33.6,24.2,27.5,,,,,,,,,,,,
10007,Demo Hitter 007,2018,35,Hitter,DH,2.53,119.5,133.4,0.367,0.457,0.175,21.0,9.9,22.1,2.8,-4.0,88.7,10.3,40.8,12.4,69.9,27.6,24.2,28.5,,,,,,,,,,,,
10007,Demo Hitter 007,2019,36,Hitter,DH,1.88,133.9,125.1,0.339,0.442,0.183,19.0,7.9,26.2,-1.7,5.5,87.5,9.1,41.8,18.4,71.5,27.0,21.2,26.1,,,,,,,,,,,,
10007,Demo Hitter 007,2020,37,Hitter,DH,2.23,115.3,129.8,0.337,0.396,0.172,25.0,7.7,22.5,1.1,-11.3,85.5,7.3,33.1,14.5,70.9,26.9,25.0,27.5,,,,,,,,,,,,
10008,Demo Hitter 008,2013,23,Hitter,RF,4.49,147.2,155.2,0.34,0.458,0.237,29.0,13.6,22.0,-2.6,-6.8,92.0,13.0,46.8,8.4,72.7,23.0,24.0,27.7,,,,,,,,,,,,
10008,Demo Hitter 008,2014,24,Hitter,RF,3.04,127.3,156.9,0.349,0.459,0.178,29.0,10.3,21.9,3.1,3.0,93.4,9.2,38.7,16.8,70.3,31.3,20.3,27.1,,,,,,,,,,,,
10008,Demo Hitter 008,2015,25,Hitter,RF,5.0,156.0,153.7,0.395,0.515,0.227,33.0,14.6,24.0,3.8,0.7,90.1,13.8,40.3,7.3,71.4,26.9,24.2,24.0,,,,,,,,,,,,
10008,Demo Hitter 008,2016,26,Hitter,RF,4.85,152.5,155.2,0.39,0.511,0.271,31.0,9.5,19.3,-2.1,8.0,87.9,13.9,47.5,14.8,71.9,24.7,22.2,24.7,,,,,,,,,,,,
10008,Demo Hitter 008,2017,27,Hitter,RF,2.94,127.9,121.0,0.334,0.467,0.148,21.0,6.8,22.0,2.2,0.5,86.9,8.8,38.3,13.3,73.2,27.0,29.2,27.6,,,,,,,,,,,,
10008,Demo Hitter 008,2018,28,Hitter,RF,4.57,147.2,134.1,0.404,0.494,0.213,24.0,7.1,24.0,0.7,0.6,89.6,13.3,50.2,9.3,71.6,22.3,18.5,26.2,,,,,,,,,,,,
10008,Demo Hitter 008,2019,29,Hitter,RF,3.72,160.9,141.7,0.358,0.474,0.233,27.0,8.6,18.2,0.2,3.3,91.0,11.8,42.9,16.1,72.5,32.8,21.9,27.5,,,,,,,,,,,,
10008,Demo Hitter 008,2020,30,Hitter,RF,3.23,131.4,141.4,0.355,0.454,0.2,24.0,11.7,21.8,1.6,0.9,91.3,13.6,39.8,10.9,71.6,26.5,23.4,28.4,,,,,,,,,,,,
10008,Demo Hitter 008,2021,31,Hitter,RF,2.75,121.9,128.5,0.356,0.45,0.175,27.0,9.5,20.0,0.4,3.0,88.4,10.2,43.0,9.5,71.4,27.7,23.6,28.1,,,,,,,,,,,,
10008,Demo Hitter 008,2022,32,Hitter,RF,3.55,141.7,146.2,0.336,0.488,0.199,25.0,13.2,23.4,3.6,8.1,86.5,12.9,39.0,17.0,75.6,28.3,17.7,27.6,,,,,,,,,,,,
10008,Demo Hitter 008,2023,33,Hitter,RF,2.64,143.9,145.0,0.341,0.419,0.173,17.0,7.1,20.1,1.1,-5.5,88.9,15.7,33.6,15.8,71.7,28.3,26.0,26.5,,,,,,,,,,,,
10008,Demo Hitter 008,2024,34,Hitter,RF,1.78,122.0,117.2,0.342,0.402,0.155,29.0,8.9,24.1,-1.4,0.5,88.5,6.8,41.1,18.2,71.4,33.0,27.1,26.9,,,,,,,,,,,,
10009,Demo Hitter 009,2013,21,Hitter,RF,4.22,158.9,133.4,0.339,0.498,0.185,31.0,12.4,15.2,1.3,1.2,92.1,10.1,42.3,9.9,70.7,30.3,25.5,29.4,,,,,,,,,,,,
10009,Demo Hitter 009,2014,22,Hitter,RF,5.11,144.4,151.7,0.376,0.534,0.231,26.0,10.6,16.0,0.5,4.9,93.0,13.5,48.1,15.2,72.0,29.2,28.2,25.8,,,,,,,,,,,,
10009,Demo Hitter 009,2015,23,Hitter,RF,5.12,164.9,160.1,0.385,0.594,0.236,35.0,9.6,19.0,2.2,-2.3,89.9,11.8,40.9,23.1,73.3,23.5,22.3,27.6,,,,,,,,,,,,
10009,Demo Hitter 009,2016,24,Hitter,RF,4.21,143.6,145.6,0.343,0.485,0.204,25.0,11.8,17.1,-1.3,0.3,92.0,11.5,47.3,7.3,70.6,32.8,23.6,26.6,,,,,,,,,,,,
10009,Demo Hitter 009,2017,25,Hitter,RF,3.71,137.4,139.9,0.35,0.484,0.207,24.0,15.3,19.9,-0.0,2.1,89.9,16.1,44.8,16.7,72.3,33.1,28.4,27.1,,,,,,,,,,,,
10010,Demo Hitter 010,2016,25,Hitter,RF,1.82,130.1,120.1,0.321,0.486,0.195,16.0,6.0,18.9,2.7,-1.0,89.5,8.7,40.9,10.5,73.3,28.7,24.5,27.5,,,,,,,,,,,,
10010,Demo Hitter 010,2017,26,Hitter,RF,2.3,124.2,119.4,0.337,0.501,0.148,26.0,9.8,18.5,-2.9,-3.3,87.0,8.7,40.9,13.8,68.6,25.1,29.8,25.4,,,,,,,,,,,,
10010,Demo Hitter 010,2018,27,Hitter,RF,1.38,128.5,108.0,0.328,0.448,0.198,22.0,7.7,16.0,-1.4,1.6,87.6,7.3,39.6,10.6,68.5,28.8,25.4,27.8,,,,,,,,,,,,
10010,Demo Hitter 010,2019,28,Hitter,RF,1.66,118.6,108.5,0.324,0.412,0.158,19.0,11.4,21.0,-0.0,-9.4,88.8,10.9,38.6,14.8,71.6,33.2,24.5,26.9,,,,,,,,,,,,
10010,Demo Hitter 010,2020,29,Hitter,RF,2.31,121.2,120.0,0.333,0.446,0.181,30.0,9.1,19.6,3.4,5.5,91.7,10.9,35.6,19.8,72.6,26.3,23.3,25.2,,,,,,,,,,,,
10010,Demo Hitter 010,2021,30,Hitter,RF,1.61,108.0,119.9,0.296,0.452,0.205,21.0,6.4,19.5,1.7,-13.6,89.2,5.1,35.7,10.3,70.6,30.9,23.0,27.1,,,,,,,,,,,,
10010,Demo Hitter 010,2022,31,Hitter,RF,0.23,101.8,91.3,0.315,0.39,0.149,14.0,7.2,25.7,-2.0,-0.6,86.9,7.7,33.5,10.6,72.4,29.2,21.3,29.1,,,,,,,,,,,,
10010,Demo Hitter 010,2023,32,Hitter,RF,0.72,107.4,105.7,0.32,0.395,0.122,17.0,12.0,25.7,0.6,-2.3,85.8,5.2,32.2,7.9,72.5,30.4,23.2,26.8,,,,,,,,,,,,
10010,Demo Hitter 010,2024,33,Hitter,RF,1.77,125.6,126.7,0.322,0.394,0.18,22.0,10.5,18.2,-0.7,8.3,86.2,7.7,37.3,8.5,72.3,29.0,20.7,25.9,,,,,,,,,,,,
10010,Demo Hitter 010,2025,34,Hitter,RF,0.03,116.0,97.4,0.305,0.425,0.152,25.0,6.6,18.5,3.6,-2.4,87.1,5.8,31.6,16.1,68.9,32.4,25.2,27.8,,,,,,,,,,,,
10011,Demo Hitter 011,2009,23,Hitter,CF,5.39,176.6,153.1,0.383,0.521,0.239,31.0,12.1,15.3,4.0,8.7,90.2,12.3,42.7,18.4,72.9,23.5,21.3,28.4,,,,,,,,,,,,
10011,Demo Hitter 011,2010,24,Hitter,CF,3.89,153.6,121.6,0.36,0.488,0.223,31.0,9.7,19.6,-1.9,-6.6,92.5,9.9,41.5,0.8,73.0,27.2,21.6,26.7,,,,,,,,,,,,
10011,Demo Hitter 011,2011,25,Hitter,CF,3.52,132.0,129.5,0.357,0.492,0.231,28.0,12.6,23.9,3.4,5.1,87.7,11.2,44.6,19.4,71.1,29.8,24.3,25.0,,,,,,,,,,,,
10011,Demo Hitter 011,2012,26,Hitter,CF,3.46,128.8,151.7,0.357,0.498,0.217,31.0,12.5,19.2,-2.5,-3.9,91.5,11.1,39.6,8.0,70.9,29.5,23.7,26.3,,,,,,,,,,,,
10011,Demo Hitter 011,2013,27,Hitter,CF,3.19,131.3,144.4,0.384,0.468,0.235,27.0,7.9,20.0,-3.0,2.0,89.7,6.3,38.1,20.2,70.8,28.9,22.6,25.9,,,,,,,,,,,,
10012,Demo Hitter 012,2008,27,Hitter,DH,3.28,118.0,118.3,0.319,0.49,0.213,26.0,10.9,22.9,-6.3,-9.6,89.8,12.5,44.7,7.0,71.5,30.9,23.4,26.0,,,,,,,,,,,,
10012,Demo Hitter 012,2009,28,Hitter,DH,2.89,141.1,117.4,0.334,0.476,0.181,11.0,10.4,19.9,-4.0,-7.1,90.1,11.6,36.4,14.7,70.9,28.6,26.3,24.9,,,,,,,,,,,,
10012,Demo Hitter 012,2010,29,Hitter,DH,2.84,159.0,117.8,0.346,0.423,0.213,27.0,8.4,21.0,1.3,6.2,90.0,12.7,42.2,17.7,72.1,29.3,25.7,27.7,,,,,,,,,,,,
10012,Demo Hitter 012,2011,30,Hitter,DH,3.1,125.0,128.9,0.364,0.46,0.185,24.0,12.2,16.7,-4.0,-3.7,88.1,12.2,42.7,15.5,71.0,30.7,23.3,25.7,,,,,,,,,,,,
10012,Demo Hitter 012,2012,31,Hitter,DH,2.21,129.7,126.3,0.328,0.463,0.194,21.0,7.1,25.9,0.8,4.1,87.4,9.6,43.0,13.8,71.1,25.6,28.2,28.0,,,,,,,,,,,,
10012,Demo Hitter 012,2013,32,Hitter,DH,2.1,106.9,129.5,0.32,0.429,0.179,33.0,10.0,27.0,0.9,-3.8,90.5,13.1,37.5,11.2,72.8,35.2,23.5,26.2,,,,,,,,,,,,
10012,Demo Hitter 012,2014,33,Hitter,DH,2.18,121.3,116.5,0.344,0.435,0.175,26.0,6.3,26.4,4.2,3.1,88.0,7.2,36.1,15.2,70.5,31.7,24.2,27.5,,,,,,,,,,,,
10012,Demo Hitter 012,2015,34,Hitter,DH,2.92,135.2,121.1,0.341,0.402,0.202,14.0,8.9,18.7,-0.9,5.3,89.0,10.0,35.0,13.4,72.6,24.8,21.9,23.6,,,,,,,,,,,,
10012,Demo Hitter 012,2016,35,Hitter,DH,2.43,128.5,109.6,0.349,0.427,0.167,33.0,9.5,18.8,-4.9,3.1,88.4,6.4,39.6,8.9,71.9,31.7,23.8,27.6,,,,,,,,,,,,
10013,Demo Hitter 013,2014,20,Hitter,2B,3.49,149.3,131.6,0.346,0.473,0.216,25.0,9.9,20.9,-2.7,-8.6,89.7,11.1,40.3,10.2,71.3,27.7,22.3,26.7,,,,,,,,,,,,
10013,Demo Hitter 013,2015,21,Hitter,2B,4.22,138.0,123.8,0.346,0.484,0.167,24.0,7.0,18.0,0.9,1.7,91.2,14.8,44.0,15.9,73.6,23.5,26.0,28.0,,,,,,,,,,,,
10013,Demo Hitter 013,2016,22,Hitter,2B,4.34,155.7,148.7,0.36,0.493,0.24,34.0,8.5,22.2,2.5,4.0,90.3,13.0,42.0,12.6,72.4,30.1,19.9,25.9,,,,,,,,,,,,
10013,Demo Hitter 013,2017,23,Hitter,2B,4.21,152.9,144.1,0.375,0.501,0.208,23.0,8.3,17.5,3.2,0.1,91.3,9.2,41.4,9.4,70.8,27.5,22.4,25.8,,,,,,,,,,,,
10013,Demo Hitter 013,2018,24,Hitter,2B,4.01,143.0,129.3,0.376,0.466,0.205,31.0,12.5,20.6,0.4,3.6,89.4,10.3,42.2,10.4,70.3,32.7,26.4,27.0,,,,,,,,,,,,
10013,Demo Hitter 013,2019,25,Hitter,2B,5.34,144.8,149.6,0.39,0.527,0.236,28.0,14.1,15.2,-1.9,-0.2,91.2,13.9,48.8,14.6,76.5,28.1,22.3,24.3,,,,,,,,,,,,
10013,Demo Hitter 013,2020,26,Hitter,2B,5.28,153.5,159.6,0.37,0.53,0.264,44.0,11.5,15.3,0.1,-9.6,90.7,13.4,37.3,17.3,71.1,25.5,23.0,26.9,,,,,,,,,,,,
10013,Demo Hitter 013,2021,27,Hitter,2B,4.96,154.2,151.8,0.349,0.52,0.219,27.0,11.0,15.5,-7.9,8.4,89.7,12.7,54.8,8.3,72.2,28.2,25.6,25.3,,,,,,,,,,,,
10013,Demo Hitter 013,2022,28,Hitter,2B,3.72,150.2,138.3,0.333,0.433,0.23,35.0,10.2,19.7,-1.3,-13.2,92.0,11.3,48.4,10.4,71.4,27.8,23.2,26.5,,,,,,,,,,,,
10013,Demo Hitter 013,2023,29,Hitter,2B,5.44,171.8,163.4,0.362,0.507,0.223,48.0,11.0,19.3,-2.2,3.1,92.8,11.8,50.2,9.9,72.0,26.4,20.1,28.3,,,,,,,,,,,,
10013,Demo Hitter 013,2024,30,Hitter,2B,4.12,146.3,145.7,0.344,0.473,0.215,21.0,13.9,22.1,1.1,3.6,88.4,11.4,49.4,11.0,72.4,28.9,18.3,26.2,,,,,,,,,,,,
10013,Demo Hitter 013,2025,31,Hitter,2B,4.47,150.3,161.9,0.367,0.433,0.258,24.0,11.8,20.5,0.7,1.1,89.3,13.6,46.2,11.1,73.3,34.7,19.4,26.2,,,,,,,,,,,,
10014,Demo Hitter 014,2011,27,Hitter,LF,3.55,139.4,143.3,0.354,0.46,0.218,29.0,11.6,20.0,-3.5,3.7,89.3,10.4,46.5,14.4,71.1,35.4,28.7,26.4,,,,,,,,,,,,
10014,Demo Hitter 014,2012,28,Hitter,LF,2.97,142.5,133.1,0.345,0.463,0.196,29.0,10.1,23.9,2.8,-0.1,90.1,11.4,41.5,15.6,71.4,31.6,22.3,26.8,,,,,,,,,,,,
10014,Demo Hitter 014,2013,29,Hitter,LF,2.98,119.9,132.8,0.343,0.456,0.229,26.0,14.0,15.7,0.4,6.1,90.0,11.5,39.1,6.3,71.3,31.2,25.2,25.6,,,,,,,,,,,,
10014,Demo Hitter 014,2014,30,Hitter,LF,4.28,146.4,141.8,0.365,0.46,0.244,41.0,8.8,20.1,-3.0,1.6,91.4,15.5,41.2,11.1,73.2,27.3,24.5,29.3,,,,,,,,,,,,
10014,Demo Hitter 014,2015,31,Hitter,LF,4.05,133.5,154.5,0.336,0.499,0.221,32.0,11.0,21.4,-4.9,1.8,88.9,10.0,44.3,13.4,71.5,33.3,25.6,24.4,,,,,,,,,,,,
10015,Demo Hitter 015,2014,27,Hitter,LF,4.58,150.7,152.9,0.371,0.459,0.205,31.0,11.6,17.0,1.0,0.2,91.1,15.0,48.0,20.4,71.7,27.7,16.7,26.8,,,,,,,,,,,,
10015,Demo Hitter 015,2015,28,Hitter,LF,3.93,128.7,132.0,0.363,0.457,0.228,38.0,12.6,15.9,-0.4,1.3,89.5,11.2,43.1,5.4,73.0,30.4,27.7,24.7,,,,,,,,,,,,
10015,Demo Hitter 015,2016,29,Hitter,LF,3.52,147.6,135.7,0.336,0.431,0.232,21.0,8.5,25.4,-4.4,3.0,90.4,11.0,44.4,7.4,71.7,30.6,24.6,26.9,,,,,,,,,,,,
10015,Demo Hitter 015,2017,30,Hitter,LF,2.05,118.7,132.3,0.351,0.45,0.185,26.0,10.1,19.1,1.4,3.9,86.7,10.9,35.6,16.5,71.0,30.3,21.0,28.3,,,,,,,,,,,,
10015,Demo Hitter 015,2018,31,Hitter,LF,2.7,125.5,136.6,0.334,0.456,0.224,21.0,7.8,21.5,-1.3,-1.0,88.0,8.2,32.4,7.4,71.6,29.0,25.5,28.6,,,,,,,,,,,,
10015,Demo Hitter 015,2019,32,Hitter,LF,1.99,121.4,115.4,0.342,0.415,0.192,15.0,9.5,22.9,2.8,2.8,90.0,9.3,36.3,9.6,71.3,27.3,21.4,24.2,,,,,,,,,,,,
10015,Demo Hitter 015,2020,33,Hitter,LF,1.7,109.7,105.1,0.344,0.387,0.178,21.0,7.8,19.8,-0.8,4.1,89.5,7.6,37.1,17.9,69.5,29.7,27.4,28.6,,,,,,,,,,,,
10015,Demo Hitter 015,2021,34,Hitter,LF,1.46,120.3,114.8,0.304,0.399,0.183,19.0,8.7,19.1,-0.6,3.0,89.7,9.2,39.0,10.9,74.4,32.3,19.1,25.8,,,,,,,,,,,,
10015,Demo Hitter 015,2022,35,Hitter,LF,1.99,112.9,128.0,0.339,0.441,0.174,31.0,9.3,19.2,-4.1,1.6,88.3,6.5,40.5,9.9,69.4,29.1,21.4,27.0,,,,,,,,,,,,
10015,Demo Hitter 015,2023,36,Hitter,LF,0.82,101.8,125.4,0.31,0.412,0.212,17.0,7.5,18.6,1.9,-11.5,85.5,6.8,42.1,20.6,72.2,30.9,23.6,27.5,,,,,,,,,,,,
10015,Demo Hitter 015,2024,37,Hitter,LF,2.24,122.6,130.9,0.318,0.439,0.179,24.0,8.4,19.8,-0.2,-2.3,87.3,4.6,46.0,5.4,70.6,29.1,28.6,26.6,,,,,,,,,,,,
10016,Demo Hitter 016,2015,21,Hitter,RF,5.32,152.1,152.0,0.343,0.467,0.214,26.0,12.9,18.9,-2.3,11.3,91.5,15.5,49.5,11.1,72.0,28.6,22.6,29.2,,,,,,,,,,,,
10016,Demo Hitter 016,2016,22,Hitter,RF,5.08,161.5,145.0,0.352,0.481,0.278,29.0,9.5,20.8,-1.6,-0.6,87.6,13.1,46.5,10.8,72.0,26.6,23.9,26.2,,,,,,,,,,,,
10016,Demo Hitter 016,2017,23,Hitter,RF,5.13,164.7,146.4,0.366,0.515,0.198,31.0,15.1,14.8,-1.4,1.9,91.7,13.4,45.6,12.1,72.9,29.2,20.9,25.3,,,,,,,,,,,,
10016,Demo Hitter 016,2018,24,Hitter,RF,4.54,167.3,147.9,0.362,0.466,0.202,33.0,11.5,20.3,-2.3,-2.1,90.1,11.1,42.8,10.7,69.7,25.3,17.4,26.3,,,,,,,,,,,,
10016,Demo Hitter 016,2019,25,Hitter,RF,5.7,150.9,164.8,0.34,0.525,0.215,32.0,12.2,19.4,-1.3,7.3,88.3,13.9,50.6,12.0,73.4,26.5,23.9,27.0,,,,,,,,,,,,
10016,Demo Hitter 016,2020,26,Hitter,RF,5.49,164.6,152.6,0.368,0.511,0.242,47.0,10.8,17.8,1.8,3.9,92.6,14.1,50.2,20.6,74.4,26.2,25.3,28.5,,,,,,,,,,,,
10016,Demo Hitter 016,2021,27,Hitter,RF,6.05,176.4,154.5,0.383,0.524,0.254,37.0,12.7,19.7,-0.1,1.9,90.3,13.5,46.8,15.1,73.9,24.5,22.4,27.1,,,,,,,,,,,,
10016,Demo Hitter 016,2022,28,Hitter,RF,3.48,130.4,138.2,0.364,0.46,0.213,34.0,11.3,20.5,2.9,0.3,91.7,11.8,41.6,13.6,72.4,26.2,22.1,27.5,,,,,,,,,,,,
10016,Demo Hitter 016,2023,29,Hitter,RF,4.89,134.5,173.2,0.368,0.513,0.259,40.0,12.2,24.9,-2.1,-1.6,89.5,15.6,43.9,12.2,72.1,37.6,19.0,28.9,,,,,,,,,,,,
10016,Demo Hitter 016,2024,30,Hitter,RF,5.09,150.7,154.9,0.371,0.506,0.213,38.0,11.3,16.4,2.9,3.4,92.4,14.2,40.8,11.1,72.3,23.9,18.1,26.2,,,,,,,,,,,,
10016,Demo Hitter 016,2025,31,Hitter,RF,5.12,145.6,152.9,0.386,0.505,0.231,29.0,10.5,18.7,-5.1,0.6,94.1,11.1,52.8,10.9,74.1,30.8,22.8,25.9,,,,,,,,,,,,
10017,Demo Hitter 017,2015,27,Hitter,2B,4.45,140.2,149.8,0.351,0.462,0.204,37.0,12.8,18.8,-1.2,-10.4,88.5,11.3,46.2,8.5,71.7,24.5,22.1,27.8,,,,,,,,,,,,
10017,Demo Hitter 017,2016,28,Hitter,2B,4.48,141.4,146.9,0.362,0.539,0.221,35.0,9.9,16.6,-0.3,-2.0,90.3,13.6,47.9,10.3,71.2,24.9,24.8,27.3,,,,,,,,,,,,
10017,Demo Hitter 017,2017,29,Hitter,2B,3.64,132.3,137.9,0.343,0.482,0.198,28.0,10.3,24.2,2.2,3.3,91.1,16.0,43.1,14.5,71.3,29.4,21.2,28.0,,,,,,,,,,,,
10017,Demo Hitter 017,2018,30,Hitter,2B,2.31,133.6,99.4,0.346,0.402,0.147,26.0,11.3,24.2,-1.9,7.5,88.8,9.9,28.9,12.2,71.7,28.2,26.8,28.3,,,,,,,,,,,,
10017,Demo Hitter 017,2019,31,Hitter,2B,4.26,138.7,138.2,0.362,0.51,0.184,32.0,10.9,23.2,-2.4,4.2,90.0,15.3,45.8,15.1,72.8,25.5,21.0,26.1,,,,,,,,,,,,
10017,Demo Hitter 017,2020,32,Hitter,2B,1.31,97.3,110.1,0.352,0.422,0.155,22.0,9.5,19.8,-1.1,-8.1,86.1,7.1,42.0,15.3,72.9,28.8,27.7,25.4,,,,,,,,,,,,
10017,Demo Hitter 017,2021,33,Hitter,2B,2.93,120.1,137.1,0.327,0.48,0.179,25.0,9.2,17.2,2.7,4.0,89.2,10.0,41.4,16.0,71.8,28.8,23.5,28.7,,,,,,,,,,,,
10017,Demo Hitter 017,2022,34,Hitter,2B,3.15,134.4,139.4,0.325,0.433,0.211,22.0,8.0,20.8,-0.2,2.8,90.6,9.5,44.4,10.0,70.7,22.0,30.1,27.6,,,,,,,,,,,,
10017,Demo Hitter 017,2023,35,Hitter,2B,1.3,123.7,108.2,0.329,0.408,0.144,21.0,8.4,18.9,-1.1,0.4,89.3,7.9,37.9,15.1,69.7,31.8,22.7,29.1,,,,,,,,,,,,
10017,Demo Hitter 017,2024,36,Hitter,2B,1.69,120.2,120.6,0.309,0.408,0.198,26.0,6.0,19.2,2.3,6.0,86.7,7.4,36.0,15.0,67.7,28.3,18.7,26.2,,,,,,,,,,,,
10018,Demo Hitter 018,2019,20,Hitter,C,5.76,149.2,160.9,0.397,0.512,0.229,31.0,12.3,18.9,-0.1,0.3,91.0,17.5,41.4,20.7,74.9,26.7,24.7,28.9,,,,,,,,,,,,
10018,Demo Hitter 018,2020,21,Hitter,C,4.03,130.4,133.5,0.355,0.524,0.201,27.0,8.0,19.6,2.0,-2.1,87.7,11.3,45.3,16.2,68.2,24.8,24.9,27.4,,,,,,,,,,,,
10018,Demo Hitter 018,2021,22,Hitter,C,5.37,157.0,154.1,0.371,0.515,0.26,35.0,11.3,21.5,2.5,4.9,92.1,12.5,51.1,20.9,76.3,26.7,21.7,26.5,,,,,,,,,,,,
10018,Demo Hitter 018,2022,23,Hitter,C,4.86,158.2,156.0,0.37,0.498,0.258,31.0,10.3,19.8,1.4,4.1,93.3,13.8,42.6,13.3,75.2,24.4,21.4,28.2,,,,,,,,,,,,
10018,Demo Hitter 018,2023,24,Hitter,C,2.29,128.8,129.7,0.353,0.451,0.197,20.0,9.3,21.9,2.5,2.7,88.6,10.9,38.0,6.7,70.9,32.9,26.3,26.7,,,,,,,,,,,,
10019,Demo Hitter 019,2021,21,Hitter,DH,4.46,148.9,147.8,0.341,0.48,0.212,34.0,10.9,15.7,1.3,-0.0,90.8,10.8,42.8,21.5,70.1,27.9,20.3,29.3,,,,,,,,,,,,
10019,Demo Hitter 019,2022,22,Hitter,DH,5.29,179.6,166.5,0.347,0.485,0.242,33.0,9.0,17.9,-0.3,-2.7,92.6,13.9,48.2,9.3,73.5,22.7,20.6,25.7,,,,,,,,,,,,
10019,Demo Hitter 019,2023,23,Hitter,DH,3.97,137.7,140.1,0.349,0.471,0.208,34.0,11.4,22.8,-1.2,1.7,88.5,15.7,44.8,13.2,72.7,24.4,25.2,25.9,,,,,,,,,,,,
10019,Demo Hitter 019,2024,24,Hitter,DH,5.04,167.5,161.4,0.348,0.548,0.211,32.0,10.2,12.9,-2.4,2.0,91.3,12.7,44.8,9.6,74.8,26.6,19.6,26.7,,,,,,,,,,,,
10019,Demo Hitter 019,2025,25,Hitter,DH,5.52,155.2,142.6,0.398,0.5,0.251,41.0,10.9,20.6,6.4,4.9,90.9,16.2,55.8,7.8,73.1,29.7,21.0,26.7,,,,,,,,,,,,
10019,Demo Hitter 019,2026,26,Hitter,DH,4.58,158.7,143.4,0.347,0.427,0.227,38.0,9.8,24.3,-2.9,-4.5,91.0,11.8,50.5,10.2,70.7,22.8,26.0,29.3,,,,,,,,,,,,
10020,Demo Hitter 020,2018,26,Hitter,LF,5.48,164.8,156.2,0.338,0.526,0.204,32.0,12.1,21.4,-0.5,7.5,92.0,13.8,48.8,17.1,73.7,28.3,21.7,25.3,,,,,,,,,,,,
10020,Demo Hitter 020,2019,27,Hitter,LF,4.09,147.6,134.5,0.349,0.476,0.254,31.0,12.9,20.6,0.9,-5.3,92.7,9.1,43.3,7.7,71.9,28.1,23.8,29.7,,,,,,,,,,,,
10020,Demo Hitter 020,2020,28,Hitter,LF,5.19,163.0,144.8,0.34,0.495,0.263,34.0,11.9,17.6,-0.8,-4.6,91.9,17.4,47.5,11.7,72.9,31.7,21.2,28.3,,,,,,,,,,,,
10020,Demo Hitter 020,2021,29,Hitter,LF,5.7,158.4,159.2,0.383,0.542,0.277,34.0,14.7,14.1,-3.3,7.2,92.6,14.3,40.6,9.1,73.6,27.7,24.3,27.3,,,,,,,,,,,,
10020,Demo Hitter 020,2022,30,Hitter,LF,4.72,157.1,157.5,0.351,0.539,0.203,29.0,9.5,19.5,1.4,-2.4,93.0,9.2,55.0,13.4,74.3,26.7,20.4,28.0,,,,,,,,,,,,
10020,Demo Hitter 020,2023,31,Hitter,LF,3.7,133.6,144.4,0.379,0.466,0.265,25.0,7.1,15.7,7.4,-2.6,90.8,6.3,47.4,11.1,70.4,29.0,15.2,27.0,,,,,,,,,,,,
10020,Demo Hitter 020,2024,32,Hitter,LF,3.79,142.4,135.4,0.319,0.468,0.229,27.0,11.5,16.4,-0.4,-1.8,90.6,12.2,47.1,16.1,73.2,34.2,23.4,26.7,,,,,,,,,,,,
10020,Demo Hitter 020,2025,33,Hitter,LF,3.94,161.6,145.4,0.341,0.502,0.262,31.0,7.0,15.2,-3.9,-0.5,89.0,11.9,47.4,7.3,68.9,29.5,26.2,26.8,,,,,,,,,,,,
10021,Demo Hitter 021,2010,27,Hitter,DH,3.17,135.5,120.5,0.329,0.449,0.188,31.0,7.7,15.7,-1.1,1.7,88.8,7.5,45.2,14.1,75.2,32.5,22.7,27.7,,,,,,,,,,,,
10021,Demo Hitter 021,2011,28,Hitter,DH,4.33,137.9,148.8,0.363,0.489,0.251,29.0,9.8,19.3,0.9,-1.4,90.2,14.9,48.1,16.5,70.8,26.2,26.2,27.8,,,,,,,,,,,,
10021,Demo Hitter 021,2012,29,Hitter,DH,3.08,128.0,136.2,0.344,0.462,0.184,21.0,12.4,21.0,-1.8,-1.2,87.6,11.6,39.8,16.9,71.1,28.0,20.2,28.7,,,,,,,,,,,,
10021,Demo Hitter 021,2013,30,Hitter,DH,3.21,149.1,133.9,0.346,0.467,0.188,33.0,9.5,21.1,-0.7,2.4,91.8,10.0,45.0,16.8,71.9,29.4,20.1,26.6,,,,,,,,,,,,
10021,Demo Hitter 021,2014,31,Hitter,DH,3.65,133.0,136.6,0.312,0.477,0.218,30.0,9.6,27.0,2.8,4.8,89.9,7.6,42.7,12.2,73.1,25.9,27.9,26.9,,,,,,,,,,,,
10021,Demo Hitter 021,2015,32,Hitter,DH,2.26,131.1,137.0,0.325,0.445,0.22,21.0,11.8,24.2,-1.9,0.4,89.2,6.5,39.1,15.7,68.8,32.7,20.0,28.6,,,,,,,,,,,,
10022,Demo Hitter 022,2018,21,Hitter,DH,2.38,136.7,120.7,0.316,0.446,0.165,14.0,6.6,23.7,-3.6,-3.2,89.9,10.6,43.9,15.5,71.4,31.0,24.9,26.4,,,,,,,,,,,,
10022,Demo Hitter 022,2019,22,Hitter,DH,1.88,119.2,127.2,0.317,0.421,0.181,20.0,8.5,19.4,0.2,2.1,89.8,12.0,35.2,13.1,72.7,25.5,26.1,27.8,,,,,,,,,,,,
10022,Demo Hitter 022,2020,23,Hitter,DH,2.82,118.3,140.8,0.345,0.48,0.197,28.0,9.6,22.0,1.5,2.2,88.2,12.6,46.6,21.5,71.7,28.5,20.7,27.1,,,,,,,,,,,,
10022,Demo Hitter 022,2021,24,Hitter,DH,2.55,121.1,132.9,0.333,0.438,0.191,22.0,11.8,21.2,-1.7,3.2,89.6,15.2,44.2,11.6,73.4,32.1,22.1,27.6,,,,,,,,,,,,
10022,Demo Hitter 022,2022,25,Hitter,DH,3.16,123.8,129.8,0.385,0.452,0.187,30.0,8.3,21.0,3.2,4.4,85.1,8.7,38.3,10.8,68.9,26.9,21.2,28.4,,,,,,,,,,,,
10022,Demo Hitter 022,2023,26,Hitter,DH,3.26,124.6,123.4,0.339,0.463,0.184,37.0,9.0,24.6,0.4,-0.7,90.7,13.0,41.1,4.8,70.4,26.4,23.4,26.9,,,,,,,,,,,,
10023,Demo Hitter 023,2019,22,Hitter,2B,2.51,118.8,115.8,0.339,0.416,0.223,22.0,11.0,21.6,-1.5,-10.2,90.3,6.9,43.2,10.8,71.0,23.3,25.4,25.4,,,,,,,,,,,,
10023,Demo Hitter 023,2020,23,Hitter,2B,2.56,137.2,127.3,0.319,0.416,0.19,19.0,9.5,26.1,-1.3,-0.5,89.2,8.6,45.1,9.5,73.1,26.3,21.4,24.2,,,,,,,,,,,,
10023,Demo Hitter 023,2021,24,Hitter,2B,2.69,129.2,143.2,0.35,0.424,0.223,15.0,10.1,21.5,0.1,3.4,89.8,11.1,40.6,17.3,72.6,31.3,25.7,27.7,,,,,,,,,,,,
10023,Demo Hitter 023,2022,25,Hitter,2B,2.47,136.1,128.9,0.331,0.428,0.207,18.0,8.9,24.7,-1.2,0.9,86.8,7.1,39.7,15.9,71.7,25.6,25.3,28.8,,,,,,,,,,,,
10023,Demo Hitter 023,2023,26,Hitter,2B,3.28,144.4,138.0,0.367,0.467,0.177,30.0,11.9,21.7,1.0,-7.1,91.8,6.5,45.1,18.2,71.1,33.6,20.6,28.1,,,,,,,,,,,,
10023,Demo Hitter 023,2024,27,Hitter,2B,1.67,112.1,114.9,0.323,0.418,0.187,18.0,8.1,22.4,1.4,-5.2,88.3,8.1,41.1,11.1,74.8,31.1,30.1,26.0,,,,,,,,,,,,
10023,Demo Hitter 023,2025,28,Hitter,2B,2.36,130.2,109.3,0.316,0.434,0.17,27.0,9.4,24.9,-0.2,-7.1,87.9,9.0,44.5,10.0,70.2,34.2,25.1,27.1,,,,,,,,,,,,
10023,Demo Hitter 023,2026,29,Hitter,2B,3.55,148.3,136.7,0.35,0.479,0.236,32.0,8.3,20.5,1.2,7.1,90.1,11.5,45.3,9.3,71.9,34.0,22.4,25.3,,,,,,,,,,,,
10024,Demo Hitter 024,2008,25,Hitter,SS,2.56,125.9,129.2,0.338,0.454,0.219,31.0,9.9,20.4,1.6,5.9,88.8,11.5,34.8,11.4,71.7,31.1,19.5,25.7,,,,,,,,,,,,
10024,Demo Hitter 024,2009,26,Hitter,SS,2.29,130.3,131.1,0.333,0.456,0.179,24.0,6.5,25.7,0.3,-8.2,90.1,5.8,40.6,12.2,72.7,26.7,21.7,24.8,,,,,,,,,,,,
10024,Demo Hitter 024,2010,27,Hitter,SS,3.12,130.4,124.9,0.325,0.476,0.189,34.0,8.8,26.6,0.9,-2.3,89.4,10.6,49.9,9.6,69.8,26.7,24.0,28.8,,,,,,,,,,,,
10024,Demo Hitter 024,2011,28,Hitter,SS,4.18,123.6,153.6,0.381,0.44,0.231,37.0,11.2,20.8,-2.1,3.4,90.5,10.6,45.4,16.5,70.3,29.7,19.9,24.1,,,,,,,,,,,,
10024,Demo Hitter 024,2012,29,Hitter,SS,3.41,133.1,151.5,0.373,0.512,0.222,25.0,10.0,22.2,2.1,8.2,91.9,10.6,49.6,8.0,70.2,29.7,23.2,26.8,,,,,,,,,,,,
10024,Demo Hitter 024,2013,30,Hitter,SS,3.37,127.3,142.2,0.341,0.448,0.243,34.0,8.6,25.0,-0.2,-6.7,90.1,10.1,47.3,16.9,73.0,25.7,26.5,28.0,,,,,,,,,,,,
10024,Demo Hitter 024,2014,31,Hitter,SS,3.35,152.6,131.8,0.341,0.462,0.194,27.0,10.2,23.0,1.0,2.2,91.6,13.1,44.3,11.3,70.2,25.4,22.6,26.6,,,,,,,,,,,,
10024,Demo Hitter 024,2015,32,Hitter,SS,2.11,126.8,123.2,0.331,0.414,0.179,24.0,9.0,24.9,0.7,0.3,87.9,9.2,40.0,9.0,68.6,28.3,28.9,28.9,,,,,,,,,,,,
10024,Demo Hitter 024,2016,33,Hitter,SS,2.38,131.7,126.0,0.323,0.422,0.214,19.0,8.7,17.7,-1.8,-0.4,88.1,8.7,41.6,8.0,72.4,26.4,23.3,29.0,,,,,,,,,,,,
10024,Demo Hitter 024,2017,34,Hitter,SS,2.25,123.5,124.5,0.326,0.392,0.211,23.0,7.1,18.6,0.5,-0.5,90.8,10.5,39.3,13.0,72.7,23.0,26.5,29.1,,,,,,,,,,,,
10025,Demo Hitter 025,2014,27,Hitter,3B,4.26,129.2,141.5,0.356,0.496,0.207,29.0,11.1,21.4,-1.1,4.9,88.2,11.2,51.9,17.8,70.3,29.8,20.8,26.3,,,,,,,,,,,,
10025,Demo Hitter 025,2015,28,Hitter,3B,4.63,143.6,142.8,0.369,0.507,0.258,29.0,10.8,20.9,0.9,-9.3,90.4,12.8,43.3,20.1,72.5,30.2,24.3,26.9,,,,,,,,,,,,
10025,Demo Hitter 025,2016,29,Hitter,3B,3.59,118.8,127.8,0.347,0.496,0.23,32.0,11.9,23.4,2.0,1.2,90.2,11.1,44.1,18.6,70.3,25.6,24.7,28.1,,,,,,,,,,,,
10025,Demo Hitter 025,2017,30,Hitter,3B,3.39,130.5,127.8,0.332,0.442,0.211,27.0,6.6,23.2,2.2,-2.2,89.9,10.4,45.0,9.1,70.2,28.4,29.6,27.8,,,,,,,,,,,,
10025,Demo Hitter 025,2018,31,Hitter,3B,3.81,132.9,143.2,0.343,0.453,0.197,28.0,10.2,25.6,-0.9,-3.8,92.6,11.9,40.7,17.1,69.7,29.6,27.4,25.9,,,,,,,,,,,,
10025,Demo Hitter 025,2019,32,Hitter,3B,3.17,144.0,128.6,0.361,0.399,0.216,18.0,13.4,23.5,-3.8,-1.3,89.2,14.5,44.4,11.5,74.0,31.0,25.5,27.7,,,,,,,,,,,,
10025,Demo Hitter 025,2020,33,Hitter,3B,2.09,121.3,116.8,0.332,0.432,0.201,24.0,8.0,26.3,1.9,-6.6,86.0,6.4,45.4,16.0,70.3,23.9,24.5,25.4,,,,,,,,,,,,
10026,Demo Hitter 026,2016,23,Hitter,LF,3.3,143.4,133.6,0.36,0.415,0.227,22.0,9.5,17.8,-6.0,-8.4,90.0,8.4,46.1,14.3,73.0,30.0,23.3,29.4,,,,,,,,,,,,
10026,Demo Hitter 026,2017,24,Hitter,LF,3.68,141.8,129.5,0.349,0.47,0.224,30.0,7.7,16.9,2.5,-0.3,89.5,13.3,46.6,15.3,69.2,24.1,23.8,27.8,,,,,,,,,,,,
10026,Demo Hitter 026,2018,25,Hitter,LF,3.97,138.5,148.1,0.352,0.487,0.215,22.0,10.9,20.9,-0.4,-6.4,90.4,12.4,50.5,11.3,70.6,30.0,23.8,27.0,,,,,,,,,,,,
10026,Demo Hitter 026,2019,26,Hitter,LF,4.3,139.8,149.9,0.365,0.49,0.222,26.0,5.8,16.2,0.4,7.6,93.9,10.1,48.8,21.9,72.0,31.4,23.2,26.4,,,,,,,,,,,,
10026,Demo Hitter 026,2020,27,Hitter,LF,3.25,128.0,125.6,0.332,0.482,0.217,23.0,9.6,23.5,-1.4,-1.0,89.6,11.7,41.2,8.3,68.4,23.8,18.7,28.1,,,,,,,,,,,,
10026,Demo Hitter 026,2021,28,Hitter,LF,3.88,138.4,138.3,0.34,0.484,0.212,33.0,8.9,20.8,-0.2,-1.9,87.7,12.6,42.2,16.2,70.3,23.4,15.4,27.7,,,,,,,,,,,,
10026,Demo Hitter 026,2022,29,Hitter,LF,2.98,139.3,118.3,0.355,0.45,0.181,21.0,11.5,19.6,-5.0,3.0,90.2,13.5,44.2,21.9,72.4,24.6,21.2,27.3,,,,,,,,,,,,
10026,Demo Hitter 026,2023,30,Hitter,LF,2.26,129.7,124.7,0.347,0.451,0.194,27.0,9.4,21.7,-3.6,-1.9,90.5,7.4,33.1,13.9,69.8,34.5,25.5,26.0,,,,,,,,,,,,
10026,Demo Hitter 026,2024,31,Hitter,LF,3.84,154.6,146.7,0.374,0.475,0.198,33.0,11.3,18.6,-0.2,4.0,89.5,10.4,51.5,11.5,70.4,30.0,20.5,29.2,,,,,,,,,,,,
10026,Demo Hitter 026,2025,32,Hitter,LF,3.21,140.8,141.1,0.367,0.456,0.182,20.0,12.0,26.9,-4.1,1.6,88.8,13.0,41.0,9.5,71.3,25.0,25.8,28.9,,,,,,,,,,,,
10026,Demo Hitter 026,2026,33,Hitter,LF,3.14,128.2,155.7,0.366,0.497,0.176,23.0,12.9,27.4,0.6,-2.9,88.4,12.1,45.5,17.9,68.4,32.7,20.7,28.2,,,,,,,,,,,,
10027,Demo Hitter 027,2008,22,Hitter,DH,3.96,150.8,149.0,0.387,0.474,0.214,34.0,10.0,16.9,-1.5,0.6,91.5,14.2,35.7,16.8,69.6,24.7,24.7,26.6,,,,,,,,,,,,
10027,Demo Hitter 027,2009,23,Hitter,DH,4.52,132.0,145.8,0.398,0.448,0.256,28.0,12.7,17.1,-9.3,-3.9,93.6,10.6,52.0,8.3,72.7,30.5,15.5,27.2,,,,,,,,,,,,
10027,Demo Hitter 027,2010,24,Hitter,DH,4.19,149.1,138.4,0.35,0.497,0.208,40.0,11.3,17.9,0.8,-1.0,90.9,8.7,43.4,18.7,69.7,28.3,20.0,29.9,,,,,,,,,,,,
10027,Demo Hitter 027,2011,25,Hitter,DH,3.57,141.6,138.5,0.353,0.485,0.21,30.0,10.8,19.1,-3.3,-4.3,91.1,13.4,47.4,15.3,70.5,28.7,23.6,24.6,,,,,,,,,,,,
10028,Demo Hitter 028,2013,20,Hitter,RF,3.27,148.9,142.1,0.364,0.468,0.208,27.0,9.6,23.9,4.8,3.3,88.9,8.8,45.6,13.3,71.1,24.2,20.4,25.7,,,,,,,,,,,,
10028,Demo Hitter 028,2014,21,Hitter,RF,3.19,126.1,141.3,0.334,0.443,0.205,29.0,10.1,16.4,3.0,10.9,91.0,8.2,44.9,18.9,67.1,25.5,26.0,26.0,,,,,,,,,,,,
10028,Demo Hitter 028,2015,22,Hitter,RF,2.59,137.3,126.7,0.341,0.493,0.196,33.0,9.7,19.6,-2.3,-5.5,91.2,9.8,43.0,14.2,72.2,23.7,29.4,27.6,,,,,,,,,,,,
10028,Demo Hitter 028,2016,23,Hitter,RF,4.69,156.6,133.8,0.358,0.469,0.222,37.0,11.7,16.9,-3.7,3.7,91.4,15.6,49.3,12.1,71.0,29.4,23.2,28.1,,,,,,,,,,,,
10028,Demo Hitter 028,2017,24,Hitter,RF,4.35,144.4,143.1,0.351,0.493,0.219,41.0,7.7,22.1,5.9,-0.6,89.3,14.2,43.0,12.5,73.3,27.3,22.2,27.5,,,,,,,,,,,,
10028,Demo Hitter 028,2018,25,Hitter,RF,3.48,137.8,138.4,0.362,0.49,0.258,23.0,8.4,20.5,2.0,6.4,89.6,11.3,45.6,17.0,70.3,34.9,30.0,28.3,,,,,,,,,,,,
10028,Demo Hitter 028,2019,26,Hitter,RF,4.01,154.9,145.7,0.37,0.441,0.261,32.0,15.0,18.3,3.7,7.8,89.9,12.2,47.6,14.3,72.9,27.9,25.5,25.1,,,,,,,,,,,,
10028,Demo Hitter 028,2020,27,Hitter,RF,4.3,151.5,135.4,0.344,0.493,0.221,32.0,12.7,19.9,-1.5,5.5,91.3,14.2,43.9,11.5,72.7,27.8,22.9,24.5,,,,,,,,,,,,
10028,Demo Hitter 028,2021,28,Hitter,RF,4.18,162.8,147.5,0.362,0.481,0.229,26.0,11.5,17.5,-2.3,2.9,89.0,10.0,48.3,8.0,73.6,30.8,26.1,25.5,,,,,,,,,,,,
10028,Demo Hitter 028,2022,29,Hitter,RF,4.09,154.5,147.2,0.347,0.505,0.189,29.0,9.8,24.3,-0.7,-3.3,91.1,8.9,41.6,7.0,72.4,24.0,19.9,26.5,,,,,,,,,,,,
10028,Demo Hitter 028,2023,30,Hitter,RF,2.84,138.0,142.1,0.358,0.481,0.161,23.0,11.4,23.0,1.1,-7.8,90.6,14.5,38.6,9.4,71.9,29.3,24.3,28.1,,,,,,,,,,,,
10028,Demo Hitter 028,2024,31,Hitter,RF,2.33,134.5,113.6,0.313,0.474,0.208,25.0,10.7,25.6,2.0,-2.1,90.2,7.4,41.4,5.8,71.5,29.9,24.0,25.2,,,,,,,,,,,,
10029,Demo Hitter 029,2011,22,Hitter,1B,3.67,138.8,134.7,0.319,0.489,0.213,25.0,8.9,15.1,-2.7,6.5,90.4,14.1,46.1,11.0,72.4,22.6,26.9,26.7,,,,,,,,,,,,
10029,Demo Hitter 029,2012,23,Hitter,1B,3.18,136.9,133.0,0.349,0.458,0.188,24.0,7.0,21.7,-4.0,3.1,88.6,9.3,33.8,12.9,70.2,29.2,23.7,26.8,,,,,,,,,,,,
10029,Demo Hitter 029,2013,24,Hitter,1B,3.63,135.2,132.3,0.341,0.462,0.201,31.0,11.4,19.1,-1.9,-2.3,90.7,10.5,41.8,7.8,73.4,26.6,23.4,28.3,,,,,,,,,,,,
10029,Demo Hitter 029,2014,25,Hitter,1B,2.1,120.0,128.1,0.317,0.415,0.177,21.0,8.5,21.6,-2.7,-4.3,88.1,8.0,44.1,11.8,71.6,33.4,24.2,27.0,,,,,,,,,,,,
10029,Demo Hitter 029,2015,26,Hitter,1B,3.0,133.1,123.1,0.345,0.48,0.18,28.0,11.4,18.2,3.2,-0.2,90.3,11.4,43.9,13.9,72.1,29.8,21.3,28.6,,,,,,,,,,,,
10029,Demo Hitter 029,2016,27,Hitter,1B,3.07,134.2,124.9,0.369,0.488,0.207,31.0,13.8,21.5,3.1,2.2,87.2,9.6,48.3,13.2,73.3,27.7,22.9,28.3,,,,,,,,,,,,
10029,Demo Hitter 029,2017,28,Hitter,1B,4.18,146.4,131.8,0.337,0.508,0.224,28.0,11.9,21.7,2.9,1.0,92.7,15.5,43.9,12.0,74.2,30.8,23.2,23.9,,,,,,,,,,,,
10029,Demo Hitter 029,2018,29,Hitter,1B,3.37,138.6,138.0,0.341,0.459,0.218,24.0,9.1,22.2,-0.9,-1.9,89.6,9.4,40.5,6.2,70.2,31.1,20.5,27.4,,,,,,,,,,,,
10030,Demo Hitter 030,2011,23,Hitter,3B,3.6,140.6,139.0,0.349,0.468,0.204,23.0,5.7,18.3,-2.5,4.7,89.1,9.4,44.5,17.4,69.1,30.8,27.7,25.8,,,,,,,,,,,,
10030,Demo Hitter 030,2012,24,Hitter,3B,3.24,130.7,147.6,0.373,0.455,0.187,31.0,10.4,22.8,-0.5,-6.7,90.3,6.6,42.8,15.8,73.0,30.0,22.9,27.4,,,,,,,,,,,,
10030,Demo Hitter 030,2013,25,Hitter,3B,3.32,149.2,134.6,0.339,0.487,0.183,27.0,8.6,14.8,-0.2,1.3,88.3,12.6,42.4,16.2,71.0,31.9,22.1,27.0,,,,,,,,,,,,
10030,Demo Hitter 030,2014,26,Hitter,3B,4.34,142.8,139.2,0.368,0.47,0.245,31.0,9.2,21.4,2.7,3.0,91.7,12.8,46.1,19.0,71.2,25.0,23.6,25.9,,,,,,,,,,,,
10030,Demo Hitter 030,2015,27,Hitter,3B,3.96,136.2,137.1,0.346,0.481,0.213,32.0,9.6,19.7,4.6,4.4,88.4,7.8,40.9,16.1,71.3,24.7,24.5,26.0,,,,,,,,,,,,
10030,Demo Hitter 030,2016,28,Hitter,3B,4.54,140.5,145.9,0.375,0.544,0.222,32.0,14.9,22.5,2.7,-3.4,91.5,17.2,44.6,10.8,72.5,27.0,24.6,27.1,,,,,,,,,,,,
10030,Demo Hitter 030,2017,29,Hitter,3B,5.05,163.5,164.1,0.371,0.525,0.222,38.0,14.5,19.4,-1.8,-6.0,91.6,13.9,50.1,13.1,70.6,26.3,16.5,28.8,,,,,,,,,,,,
10030,Demo Hitter 030,2018,30,Hitter,3B,3.86,141.2,144.6,0.342,0.466,0.231,25.0,11.4,19.7,2.3,10.7,90.3,14.5,43.6,14.1,72.7,24.8,26.5,26.4,,,,,,,,,,,,
10030,Demo Hitter 030,2019,31,Hitter,3B,3.94,129.8,140.0,0.362,0.484,0.257,37.0,12.0,18.5,-0.8,-1.7,88.3,11.1,48.9,17.1,73.7,26.6,28.6,29.0,,,,,,,,,,,,
10030,Demo Hitter 030,2020,32,Hitter,3B,3.39,139.7,138.4,0.359,0.479,0.208,23.0,10.2,21.4,-4.0,9.8,90.1,12.1,41.0,12.8,70.3,26.7,20.7,28.2,,,,,,,,,,,,
10031,Demo Hitter 031,2014,24,Hitter,3B,5.63,153.7,149.5,0.376,0.507,0.234,39.0,12.6,17.1,-2.8,7.5,92.8,14.1,48.1,9.1,71.8,27.1,19.2,28.6,,,,,,,,,,,,
10031,Demo Hitter 031,2015,25,Hitter,3B,6.26,186.4,163.6,0.375,0.525,0.245,35.0,13.2,19.1,-2.6,2.5,91.6,16.5,46.8,15.9,73.2,21.6,20.4,24.7,,,,,,,,,,,,
10031,Demo Hitter 031,2016,26,Hitter,3B,5.45,158.6,143.0,0.356,0.462,0.252,41.0,13.2,21.1,2.2,0.3,91.6,11.0,53.3,17.0,72.5,25.1,24.2,25.9,,,,,,,,,,,,
10031,Demo Hitter 031,2017,27,Hitter,3B,5.97,167.0,150.9,0.395,0.532,0.264,45.0,11.6,14.9,2.9,-7.4,93.2,12.7,54.2,9.0,70.7,29.6,22.4,27.5,,,,,,,,,,,,
10032,Demo Hitter 032,2016,21,Hitter,RF,4.22,146.1,127.0,0.354,0.464,0.234,28.0,13.4,14.7,3.7,6.2,92.8,14.3,44.1,13.6,71.2,28.8,21.4,26.4,,,,,,,,,,,,
10032,Demo Hitter 032,2017,22,Hitter,RF,4.89,139.7,163.9,0.366,0.538,0.215,40.0,13.8,14.2,0.2,2.4,91.6,14.8,49.4,12.1,74.3,29.0,23.9,28.9,,,,,,,,,,,,
10032,Demo Hitter 032,2018,23,Hitter,RF,4.19,150.6,140.7,0.368,0.479,0.254,31.0,12.3,20.3,-1.3,-0.3,89.8,11.6,45.5,13.1,74.7,22.9,24.3,26.9,,,,,,,,,,,,
10032,Demo Hitter 032,2019,24,Hitter,RF,4.98,172.6,154.3,0.363,0.498,0.226,26.0,14.9,23.6,-1.6,-6.1,89.9,12.5,52.1,17.4,73.0,27.9,19.5,26.8,,,,,,,,,,,,
10032,Demo Hitter 032,2020,25,Hitter,RF,5.45,156.1,153.1,0.39,0.531,0.248,29.0,12.2,12.7,-3.8,-4.2,92.4,11.5,47.9,16.9,71.6,29.0,20.6,25.8,,,,,,,,,,,,
10032,Demo Hitter 032,2021,26,Hitter,RF,5.3,152.6,153.4,0.403,0.473,0.286,28.0,6.6,19.1,0.2,-1.0,93.0,14.2,43.6,12.9,74.5,28.9,22.4,28.0,,,,,,,,,,,,
10032,Demo Hitter 032,2022,27,Hitter,RF,5.9,153.2,145.4,0.38,0.557,0.266,39.0,11.2,12.7,1.6,-2.0,91.5,13.1,40.2,11.6,74.9,26.3,22.5,27.5,,,,,,,,,,,,
10032,Demo Hitter 032,2023,28,Hitter,RF,4.95,145.9,157.5,0.369,0.53,0.237,32.0,12.5,12.9,-1.4,5.0,91.5,13.2,38.3,12.6,72.1,26.7,24.5,27.2,,,,,,,,,,,,
10032,Demo Hitter 032,2024,29,Hitter,RF,5.7,148.6,154.8,0.384,0.498,0.25,38.0,15.6,19.5,-3.1,-6.0,91.6,15.6,47.2,18.0,73.1,24.0,27.2,27.1,,,,,,,,,,,,
10033,Demo Hitter 033,2014,22,Hitter,RF,4.27,143.8,140.5,0.369,0.473,0.208,29.0,12.2,23.2,-0.4,-11.1,89.4,11.9,46.6,18.7,69.5,22.7,23.2,28.4,,,,,,,,,,,,
10033,Demo Hitter 033,2015,23,Hitter,RF,4.8,127.6,172.7,0.36,0.499,0.254,41.0,11.0,18.0,2.6,7.3,90.9,15.4,45.7,10.0,71.0,25.5,21.4,28.9,,,,,,,,,,,,
10033,Demo Hitter 033,2016,24,Hitter,RF,4.43,149.9,149.8,0.399,0.48,0.25,22.0,9.2,18.5,-1.3,-2.1,90.7,10.4,43.1,8.4,72.4,31.2,23.0,28.1,,,,,,,,,,,,
10033,Demo Hitter 033,2017,25,Hitter,RF,3.6,136.1,138.8,0.33,0.458,0.185,26.0,11.3,20.1,-2.1,7.0,90.1,10.6,43.5,10.0,71.7,29.9,18.7,27.2,,,,,,,,,,,,
10033,Demo Hitter 033,2018,26,Hitter,RF,3.9,137.1,139.3,0.365,0.533,0.222,34.0,10.1,27.7,4.0,-1.5,90.4,12.6,41.1,15.1,72.4,28.3,24.7,27.3,,,,,,,,,,,,
10034,Demo Hitter 034,2013,25,Hitter,1B,2.68,128.4,139.0,0.345,0.446,0.207,22.0,10.8,18.5,-1.7,-0.4,88.2,9.2,39.8,8.6,69.6,30.7,25.4,28.1,,,,,,,,,,,,
10034,Demo Hitter 034,2014,26,Hitter,1B,2.14,133.0,116.6,0.346,0.48,0.194,20.0,8.5,25.4,2.1,-0.5,88.4,9.0,38.1,10.7,71.1,32.9,26.5,25.9,,,,,,,,,,,,
10034,Demo Hitter 034,2015,27,Hitter,1B,1.6,133.4,116.4,0.328,0.467,0.14,24.0,7.2,25.5,-1.6,1.9,90.4,7.3,32.4,14.5,72.4,33.0,23.3,25.8,,,,,,,,,,,,
10034,Demo Hitter 034,2016,28,Hitter,1B,2.59,121.0,116.8,0.361,0.453,0.177,35.0,9.8,26.8,4.3,3.8,89.7,7.2,37.5,6.6,71.5,26.3,25.7,26.5,,,,,,,,,,,,
10034,Demo Hitter 034,2017,29,Hitter,1B,2.42,123.6,130.8,0.326,0.416,0.211,23.0,11.3,20.6,0.6,6.4,87.7,8.1,39.9,15.7,72.7,30.3,29.1,25.7,,,,,,,,,,,,
10034,Demo Hitter 034,2018,30,Hitter,1B,1.78,127.3,129.7,0.353,0.452,0.179,25.0,9.1,23.1,2.3,-0.8,87.8,9.6,35.5,15.0,72.5,24.8,30.2,26.6,,,,,,,,,,,,
10034,Demo Hitter 034,2019,31,Hitter,1B,1.77,122.3,117.3,0.323,0.406,0.188,20.0,8.8,22.0,0.3,-4.0,86.6,6.4,42.5,10.7,66.3,29.2,28.4,26.2,,,,,,,,,,,,
10034,Demo Hitter 034,2020,32,Hitter,1B,2.26,145.0,116.9,0.331,0.434,0.153,20.0,9.0,23.1,0.8,-3.4,89.2,9.6,41.4,10.2,73.0,29.3,26.6,27.9,,,,,,,,,,,,
10034,Demo Hitter 034,2021,33,Hitter,1B,0.63,115.8,98.2,0.332,0.411,0.175,17.0,6.6,27.5,-3.5,3.3,88.2,11.1,32.8,15.6,70.2,31.0,25.9,25.8,,,,,,,,,,,,
10034,Demo Hitter 034,2022,34,Hitter,1B,1.11,106.2,113.0,0.284,0.427,0.179,22.0,6.9,20.5,5.9,12.8,86.6,9.1,37.4,17.3,70.4,27.8,30.4,26.2,,,,,,,,,,,,
10034,Demo Hitter 034,2023,35,Hitter,1B,0.23,98.8,107.1,0.315,0.371,0.175,20.0,8.4,20.0,4.2,-4.1,87.0,3.7,29.7,14.4,70.3,34.2,24.2,23.5,,,,,,,,,,,,
10035,Demo Hitter 035,2016,25,Hitter,1B,2.23,126.5,118.0,0.331,0.421,0.179,19.0,10.4,26.3,-0.1,-5.8,87.2,7.3,46.6,16.7,72.7,30.4,23.5,27.6,,,,,,,,,,,,
10035,Demo Hitter 035,2017,26,Hitter,1B,1.55,116.7,117.9,0.32,0.4,0.168,23.0,9.0,25.5,-3.4,-3.6,88.0,10.8,33.3,7.9,70.0,33.3,27.7,26.3,,,,,,,,,,,,
10035,Demo Hitter 035,2018,27,Hitter,1B,3.06,137.7,125.7,0.346,0.473,0.217,28.0,8.0,22.0,1.9,-3.6,90.2,9.8,52.4,20.7,68.8,30.9,25.8,27.2,,,,,,,,,,,,
10035,Demo Hitter 035,2019,28,Hitter,1B,1.26,104.0,114.3,0.308,0.37,0.179,19.0,7.2,25.6,-0.7,-4.5,89.5,5.5,42.2,10.2,73.6,31.3,30.3,28.1,,,,,,,,,,,,
10035,Demo Hitter 035,2020,29,Hitter,1B,1.1,109.1,121.9,0.323,0.39,0.121,16.0,9.2,19.7,-1.7,7.4,85.5,5.9,38.6,14.5,71.1,30.0,29.6,27.4,,,,,,,,,,,,
10035,Demo Hitter 035,2021,30,Hitter,1B,2.48,129.2,131.1,0.344,0.47,0.2,23.0,11.4,17.2,1.2,4.5,88.3,13.0,35.8,14.4,70.7,27.9,23.9,26.0,,,,,,,,,,,,
10035,Demo Hitter 035,2022,31,Hitter,1B,2.85,131.0,110.9,0.358,0.456,0.176,17.0,8.5,21.2,0.4,4.0,89.0,11.0,36.7,9.4,71.2,26.9,22.1,27.2,,,,,,,,,,,,
10036,Demo Hitter 036,2018,21,Hitter,LF,6.1,161.0,157.7,0.379,0.494,0.252,37.0,10.8,21.7,1.0,-3.0,90.3,12.3,57.8,5.9,72.5,22.5,23.9,25.8,,,,,,,,,,,,
10036,Demo Hitter 036,2019,22,Hitter,LF,4.55,165.1,141.7,0.347,0.486,0.235,31.0,11.9,19.4,-1.1,1.0,89.4,13.5,51.4,19.4,72.4,27.3,22.9,27.0,,,,,,,,,,,,
10036,Demo Hitter 036,2020,23,Hitter,LF,5.26,153.7,156.9,0.351,0.52,0.225,34.0,9.8,21.3,0.0,2.2,91.5,14.5,52.2,14.5,69.5,28.1,17.0,26.0,,,,,,,,,,,,
10036,Demo Hitter 036,2021,24,Hitter,LF,6.19,180.9,178.8,0.372,0.504,0.235,38.0,15.2,14.3,-1.9,-0.4,93.2,8.4,47.9,13.8,73.6,27.9,20.5,30.0,,,,,,,,,,,,
10036,Demo Hitter 036,2022,25,Hitter,LF,4.92,153.9,149.7,0.357,0.456,0.228,41.0,10.9,21.3,5.0,4.7,91.5,14.4,48.4,11.8,70.9,27.1,23.5,26.4,,,,,,,,,,,,
10036,Demo Hitter 036,2023,26,Hitter,LF,6.19,164.2,150.8,0.365,0.551,0.232,40.0,10.4,17.7,-1.2,-2.8,91.9,15.9,50.6,12.5,71.1,23.1,23.3,28.6,,,,,,,,,,,,
10037,Demo Hitter 037,2013,26,Hitter,1B,2.81,119.8,137.8,0.349,0.531,0.201,32.0,6.5,24.7,-0.5,-0.9,91.4,7.4,40.3,14.9,71.3,30.6,19.2,26.9,,,,,,,,,,,,
10037,Demo Hitter 037,2014,27,Hitter,1B,3.41,147.0,125.2,0.369,0.458,0.192,33.0,9.2,23.3,-0.8,2.0,90.9,11.8,38.2,17.6,73.0,26.2,21.8,28.7,,,,,,,,,,,,
10037,Demo Hitter 037,2015,28,Hitter,1B,3.82,153.7,146.4,0.382,0.465,0.218,27.0,14.2,23.0,0.0,1.6,89.8,13.0,45.1,14.8,72.0,33.5,22.2,27.4,,,,,,,,,,,,
10037,Demo Hitter 037,2016,29,Hitter,1B,4.99,158.5,146.3,0.384,0.508,0.252,32.0,12.0,20.9,-1.7,-3.7,88.9,13.9,41.0,11.9,71.7,24.2,18.2,27.2,,,,,,,,,,,,
10037,Demo Hitter 037,2017,30,Hitter,1B,5.11,144.3,150.0,0.353,0.493,0.244,28.0,9.1,22.0,-2.3,3.3,91.2,12.8,50.7,7.5,73.8,25.3,18.4,30.5,,,,,,,,,,,,
10037,Demo Hitter 037,2018,31,Hitter,1B,5.34,175.5,167.9,0.353,0.447,0.245,39.0,10.4,20.0,1.4,7.2,92.8,13.0,45.9,18.5,73.2,28.6,16.4,24.3,,,,,,,,,,,,
10037,Demo Hitter 037,2019,32,Hitter,1B,2.57,139.9,122.5,0.338,0.427,0.188,20.0,11.6,28.0,-2.1,-4.7,87.6,10.8,39.5,7.8,72.9,20.2,25.1,28.3,,,,,,,,,,,,
10037,Demo Hitter 037,2020,33,Hitter,1B,2.65,144.8,127.5,0.337,0.442,0.183,23.0,8.8,15.3,2.8,3.2,88.0,11.9,45.8,14.1,71.1,24.5,19.7,27.2,,,,,,,,,,,,
10037,Demo Hitter 037,2021,34,Hitter,1B,2.39,124.6,135.0,0.32,0.447,0.191,23.0,7.9,23.6,-0.1,-14.9,87.9,7.3,40.2,6.1,71.3,31.2,19.8,26.6,,,,,,,,,,,,
10037,Demo Hitter 037,2022,35,Hitter,1B,2.92,125.5,141.2,0.363,0.472,0.174,22.0,10.5,20.0,-1.1,4.4,88.8,6.8,41.4,13.3,71.5,28.8,19.6,27.3,,,,,,,,,,,,
10038,Demo Hitter 038,2010,25,Hitter,RF,1.92,120.6,121.8,0.323,0.442,0.185,17.0,8.7,21.0,-2.4,3.8,88.9,6.8,41.5,9.6,71.3,26.3,25.5,27.2,,,,,,,,,,,,
10038,Demo Hitter 038,2011,26,Hitter,RF,3.27,131.2,137.7,0.353,0.45,0.231,34.0,9.3,18.0,0.5,1.0,88.9,7.0,43.4,10.4,72.0,28.2,22.7,27.2,,,,,,,,,,,,
10038,Demo Hitter 038,2012,27,Hitter,RF,2.51,143.6,131.1,0.338,0.421,0.212,22.0,8.9,21.3,-5.0,2.0,89.4,11.3,40.7,8.4,71.2,20.7,25.5,29.1,,,,,,,,,,,,
10038,Demo Hitter 038,2013,28,Hitter,RF,1.96,111.4,117.6,0.341,0.406,0.142,22.0,8.0,23.7,2.4,-0.8,86.3,7.3,42.5,11.6,70.7,34.5,23.7,27.9,,,,,,,,,,,,
10038,Demo Hitter 038,2014,29,Hitter,RF,1.29,117.8,106.7,0.321,0.392,0.201,17.0,7.4,21.1,-1.2,3.2,87.9,8.2,29.6,17.6,70.2,25.5,21.1,26.4,,,,,,,,,,,,
10038,Demo Hitter 038,2015,30,Hitter,RF,3.49,132.1,133.1,0.38,0.53,0.224,29.0,10.0,22.3,1.0,-11.9,88.5,14.1,46.8,12.7,72.5,30.2,21.6,27.2,,,,,,,,,,,,
10039,Demo Hitter 039,2013,20,Hitter,1B,8.01,177.5,165.9,0.396,0.581,0.294,47.0,11.1,13.0,0.7,-6.5,95.0,15.0,50.9,13.6,72.7,24.9,20.5,27.5,,,,,,,,,,,,
10039,Demo Hitter 039,2014,21,Hitter,1B,7.07,168.2,188.6,0.403,0.548,0.256,40.0,16.9,13.5,3.0,-4.5,93.0,17.1,52.0,9.4,74.8,22.8,21.4,28.2,,,,,,,,,,,,
10039,Demo Hitter 039,2015,22,Hitter,1B,7.94,197.8,171.9,0.386,0.577,0.276,50.0,12.9,14.5,-1.4,-0.3,92.1,17.9,53.0,19.5,72.6,22.0,23.1,26.9,,,,,,,,,,,,
10039,Demo Hitter 039,2016,23,Hitter,1B,7.28,174.2,176.7,0.392,0.523,0.324,52.0,13.0,18.6,-2.2,5.6,91.4,19.2,49.3,11.1,73.7,26.1,22.8,29.6,,,,,,,,,,,,
10039,Demo Hitter 039,2017,24,Hitter,1B,5.77,162.2,139.7,0.385,0.517,0.28,34.0,12.1,14.5,-4.0,-5.8,92.5,11.2,50.7,19.8,72.6,24.8,20.6,28.4,,,,,,,,,,,,
10039,Demo Hitter 039,2018,25,Hitter,1B,6.8,171.7,152.4,0.365,0.477,0.239,38.0,8.4,16.9,-0.6,0.0,91.2,20.2,55.0,11.2,72.0,28.1,21.0,27.9,,,,,,,,,,,,
10040,Demo Hitter 040,2009,25,Hitter,C,5.58,146.0,148.5,0.37,0.487,0.205,37.0,13.0,15.9,-1.7,-2.3,89.6,13.0,44.5,7.0,72.7,30.4,21.8,26.2,,,,,,,,,,,,
10040,Demo Hitter 040,2010,26,Hitter,C,5.64,149.9,167.8,0.365,0.492,0.229,31.0,13.1,16.4,-0.0,-0.2,92.1,15.2,48.8,18.2,73.0,26.8,21.8,27.6,,,,,,,,,,,,
10040,Demo Hitter 040,2011,27,Hitter,C,6.11,180.7,154.2,0.362,0.5,0.253,41.0,13.0,13.5,-1.8,8.6,91.9,13.4,52.5,12.4,71.8,26.4,18.1,26.5,,,,,,,,,,,,
10040,Demo Hitter 040,2012,28,Hitter,C,5.85,160.5,165.0,0.36,0.491,0.247,35.0,13.1,14.4,4.8,10.7,91.1,18.4,49.7,12.7,76.0,27.9,20.5,29.5,,,,,,,,,,,,
10040,Demo Hitter 040,2013,29,Hitter,C,4.07,129.8,133.0,0.331,0.465,0.239,33.0,8.9,15.1,1.1,-4.5,92.3,10.6,45.0,10.3,72.2,31.4,25.4,27.0,,,,,,,,,,,,
10040,Demo Hitter 040,2014,30,Hitter,C,6.03,170.4,148.4,0.393,0.482,0.256,38.0,12.5,22.7,1.2,-0.7,91.3,16.4,46.4,22.1,75.2,27.2,19.6,28.0,,,,,,,,,,,,
10040,Demo Hitter 040,2015,31,Hitter,C,4.48,153.8,150.8,0.358,0.482,0.246,37.0,9.8,17.7,3.3,-8.0,92.5,11.0,42.3,13.5,71.0,26.4,22.9,26.5,,,,,,,,,,,,
10040,Demo Hitter 040,2016,32,Hitter,C,5.0,166.5,137.2,0.358,0.439,0.247,30.0,12.1,18.6,3.4,-2.2,92.3,18.3,46.3,16.8,74.2,25.9,18.3,26.8,,,,,,,,,,,,
10041,Demo Hitter 041,2018,25,Hitter,1B,4.12,151.9,139.3,0.369,0.471,0.221,37.0,9.9,24.5,1.4,7.1,88.8,11.7,49.1,13.1,73.7,23.0,23.9,28.1,,,,,,,,,,,,
10041,Demo Hitter 041,2019,26,Hitter,1B,3.63,138.9,138.6,0.342,0.496,0.256,35.0,11.4,18.7,1.0,0.1,91.2,14.1,50.1,14.0,69.6,28.1,24.0,28.8,,,,,,,,,,,,
10041,Demo Hitter 041,2020,27,Hitter,1B,3.52,150.0,139.4,0.373,0.489,0.216,33.0,11.3,21.1,-2.8,7.0,88.6,9.2,43.3,20.2,72.5,23.3,21.8,26.4,,,,,,,,,,,,
10041,Demo Hitter 041,2021,28,Hitter,1B,4.16,151.9,132.2,0.351,0.509,0.218,26.0,10.6,16.5,5.2,0.9,89.4,11.2,42.3,19.9,70.0,28.4,23.8,25.7,,,,,,,,,,,,
10041,Demo Hitter 041,2022,29,Hitter,1B,4.08,153.6,135.5,0.31,0.497,0.212,30.0,9.8,20.0,-1.6,-8.7,90.3,10.5,42.0,13.1,71.9,30.6,34.8,26.5,,,,,,,,,,,,
10041,Demo Hitter 041,2023,30,Hitter,1B,2.95,137.2,142.8,0.349,0.438,0.215,26.0,8.5,20.2,1.0,7.1,92.0,9.3,35.9,12.6,74.8,30.8,29.2,27.0,,,,,,,,,,,,
10041,Demo Hitter 041,2024,31,Hitter,1B,3.26,141.5,145.0,0.362,0.509,0.227,35.0,9.2,25.5,1.1,-0.5,88.6,10.8,47.1,10.8,73.7,26.8,23.4,28.0,,,,,,,,,,,,
10042,Demo Hitter 042,2009,27,Hitter,CF,3.21,121.3,135.0,0.334,0.464,0.179,35.0,9.0,23.2,2.6,-8.8,88.8,10.4,40.8,16.3,68.2,28.2,27.5,26.3,,,,,,,,,,,,
10042,Demo Hitter 042,2010,28,Hitter,CF,2.92,116.7,116.8,0.351,0.428,0.212,21.0,9.2,21.5,-4.9,-3.3,88.8,11.0,39.0,15.2,71.1,26.0,23.4,29.3,,,,,,,,,,,,
10042,Demo Hitter 042,2011,29,Hitter,CF,4.18,150.3,143.1,0.354,0.504,0.212,26.0,8.6,18.4,2.6,-1.7,90.1,12.8,42.7,12.7,70.8,24.5,26.8,27.7,,,,,,,,,,,,
10042,Demo Hitter 042,2012,30,Hitter,CF,4.89,152.2,144.7,0.357,0.478,0.184,35.0,14.1,20.6,-4.5,1.6,90.8,12.7,46.5,6.2,71.1,24.9,22.1,25.0,,,,,,,,,,,,
10042,Demo Hitter 042,2013,31,Hitter,CF,3.3,125.4,146.0,0.355,0.433,0.22,31.0,8.4,20.2,-5.2,-1.4,90.2,8.1,45.4,9.5,71.3,24.3,23.7,28.2,,,,,,,,,,,,
10043,Demo Hitter 043,2013,26,Hitter,2B,5.91,177.1,151.3,0.353,0.533,0.236,44.0,13.4,17.3,1.5,-2.7,94.6,11.9,49.4,14.9,74.6,23.1,27.1,25.6,,,,,,,,,,,,
10043,Demo Hitter 043,2014,27,Hitter,2B,5.76,168.7,152.0,0.385,0.523,0.246,42.0,12.6,19.9,1.1,3.7,91.6,12.2,42.7,19.4,71.5,31.3,22.6,27.2,,,,,,,,,,,,
10043,Demo Hitter 043,2015,28,Hitter,2B,6.03,156.9,167.0,0.381,0.518,0.246,31.0,11.8,12.8,-4.0,-5.1,90.4,11.3,44.8,18.4,75.6,27.7,29.0,26.0,,,,,,,,,,,,
10043,Demo Hitter 043,2016,29,Hitter,2B,4.78,151.7,145.1,0.352,0.462,0.226,26.0,14.1,17.7,-1.4,-7.9,90.2,13.2,46.6,11.7,70.2,29.9,20.3,25.5,,,,,,,,,,,,
10043,Demo Hitter 043,2017,30,Hitter,2B,4.43,147.9,122.4,0.364,0.507,0.198,30.0,13.6,23.5,-1.2,-4.3,88.7,13.2,44.8,16.6,73.2,29.4,21.6,28.0,,,,,,,,,,,,
10043,Demo Hitter 043,2018,31,Hitter,2B,2.44,133.5,135.5,0.315,0.408,0.204,12.0,8.0,19.7,-6.5,-3.1,89.6,11.2,46.8,20.3,71.5,25.7,25.2,25.4,,,,,,,,,,,,
10044,Demo Hitter 044,2021,22,Hitter,3B,3.33,130.2,129.3,0.362,0.424,0.197,33.0,9.1,16.2,-0.3,-0.5,88.6,11.1,36.6,4.0,71.7,29.1,22.2,27.0,,,,,,,,,,,,
10044,Demo Hitter 044,2022,23,Hitter,3B,2.24,125.7,128.2,0.334,0.434,0.189,18.0,8.3,16.2,2.5,-0.5,88.3,7.2,38.8,18.9,73.6,29.3,29.4,25.8,,,,,,,,,,,,
10044,Demo Hitter 044,2023,24,Hitter,3B,3.41,141.6,131.3,0.353,0.416,0.203,22.0,12.0,23.7,-2.3,2.0,91.3,9.5,37.3,15.4,71.8,27.3,21.0,27.4,,,,,,,,,,,,
10044,Demo Hitter 044,2024,25,Hitter,3B,3.3,146.0,132.0,0.33,0.437,0.166,22.0,11.1,21.3,2.2,-1.9,90.1,10.9,39.4,9.5,71.0,26.4,26.5,27.3,,,,,,,,,,,,
10044,Demo Hitter 044,2025,26,Hitter,3B,3.28,136.7,122.6,0.353,0.498,0.173,17.0,8.9,18.2,-1.4,9.8,89.2,8.9,44.9,12.9,71.5,28.9,24.4,24.6,,,,,,,,,,,,
10044,Demo Hitter 044,2026,27,Hitter,3B,3.25,138.9,126.3,0.366,0.468,0.199,28.0,11.4,24.4,1.0,0.5,93.3,9.3,41.8,15.4,72.7,27.0,27.8,26.5,,,,,,,,,,,,
10045,Demo Hitter 045,2015,20,Hitter,LF,4.53,148.5,143.1,0.349,0.461,0.25,32.0,14.1,20.0,-2.6,-2.1,91.9,13.0,53.0,12.4,72.2,23.9,18.8,27.8,,,,,,,,,,,,
10045,Demo Hitter 045,2016,21,Hitter,LF,4.81,146.7,138.7,0.374,0.512,0.235,37.0,14.6,18.6,-1.7,-3.9,92.9,12.5,43.2,19.4,69.9,30.3,21.1,27.2,,,,,,,,,,,,
10045,Demo Hitter 045,2017,22,Hitter,LF,3.13,121.9,129.1,0.373,0.508,0.225,27.0,8.3,22.4,1.4,9.6,88.9,9.5,43.3,8.4,72.1,32.1,23.9,28.1,,,,,,,,,,,,
10045,Demo Hitter 045,2018,23,Hitter,LF,4.9,156.7,148.9,0.366,0.484,0.265,34.0,13.3,20.7,-0.6,-3.9,90.2,8.8,45.8,12.3,72.3,27.0,27.3,26.3,,,,,,,,,,,,
10045,Demo Hitter 045,2019,24,Hitter,LF,4.41,160.3,140.6,0.354,0.438,0.227,30.0,11.6,21.1,3.2,3.6,90.0,13.3,41.7,9.9,72.4,35.5,26.8,27.3,,,,,,,,,,,,
10045,Demo Hitter 045,2020,25,Hitter,LF,3.45,162.8,123.9,0.347,0.463,0.218,24.0,8.9,16.5,-0.8,-4.7,88.5,7.4,47.7,7.7,71.8,28.0,23.9,26.8,,,,,,,,,,,,
10045,Demo Hitter 045,2021,26,Hitter,LF,6.0,166.5,132.8,0.387,0.502,0.235,38.0,15.8,17.9,0.2,-3.7,89.7,13.4,51.3,14.1,71.4,22.8,20.8,28.8,,,,,,,,,,,,
10045,Demo Hitter 045,2022,27,Hitter,LF,3.92,137.1,139.9,0.386,0.479,0.195,25.0,10.2,22.5,3.5,-1.1,92.4,11.0,45.4,15.4,74.5,26.8,26.2,28.0,,,,,,,,,,,,
10045,Demo Hitter 045,2023,28,Hitter,LF,4.0,155.1,151.6,0.355,0.458,0.222,30.0,9.1,21.3,-0.6,2.7,89.2,13.1,52.0,7.3,69.1,28.2,25.8,27.9,,,,,,,,,,,,
10046,Demo Hitter 046,2014,26,Hitter,2B,5.38,176.1,146.7,0.368,0.485,0.248,35.0,13.0,17.8,1.3,-9.4,90.0,15.0,46.3,17.0,72.0,25.6,26.6,28.7,,,,,,,,,,,,
10046,Demo Hitter 046,2015,27,Hitter,2B,5.09,155.2,153.5,0.369,0.45,0.244,25.0,13.2,17.7,-5.9,2.9,91.2,12.9,48.6,4.6,71.0,24.5,24.4,25.2,,,,,,,,,,,,
10046,Demo Hitter 046,2016,28,Hitter,2B,4.86,149.8,161.3,0.343,0.49,0.24,32.0,14.3,18.3,-1.7,1.9,90.2,10.8,48.0,8.4,71.9,25.1,23.9,24.6,,,,,,,,,,,,
10046,Demo Hitter 046,2017,29,Hitter,2B,4.71,144.9,122.1,0.355,0.47,0.266,27.0,11.0,21.0,-3.6,6.2,91.7,12.6,44.2,12.0,72.6,25.6,24.4,28.1,,,,,,,,,,,,
10046,Demo Hitter 046,2018,30,Hitter,2B,5.08,152.9,149.4,0.364,0.541,0.273,34.0,10.8,15.4,-0.1,10.1,90.9,10.7,44.1,14.2,72.5,28.7,24.4,26.2,,,,,,,,,,,,
10046,Demo Hitter 046,2019,31,Hitter,2B,4.99,147.7,145.7,0.375,0.483,0.229,39.0,11.7,19.4,0.5,9.8,92.1,13.8,48.3,14.2,73.5,28.4,24.2,26.3,,,,,,,,,,,,
10046,Demo Hitter 046,2020,32,Hitter,2B,4.3,147.1,152.5,0.384,0.469,0.22,30.0,11.0,13.2,-4.2,-5.1,89.9,11.5,48.3,13.0,72.0,26.4,22.1,28.3,,,,,,,,,,,,
10047,Demo Hitter 047,2009,24,Hitter,3B,2.67,131.2,119.3,0.319,0.405,0.164,31.0,8.8,20.7,-1.0,-7.8,87.1,7.3,33.4,11.4,69.5,29.4,24.1,28.8,,,,,,,,,,,,
10047,Demo Hitter 047,2010,25,Hitter,3B,2.0,128.2,105.5,0.323,0.44,0.185,13.0,8.5,25.0,1.7,3.5,88.6,10.3,40.9,11.4,72.5,29.1,24.9,24.9,,,,,,,,,,,,
10047,Demo Hitter 047,2011,26,Hitter,3B,3.25,126.5,133.6,0.35,0.449,0.208,31.0,7.6,19.5,-2.8,5.6,90.1,12.2,37.2,12.2,72.0,23.7,26.5,25.7,,,,,,,,,,,,
10047,Demo Hitter 047,2012,27,Hitter,3B,2.84,136.0,140.4,0.331,0.443,0.196,19.0,9.5,16.5,1.6,5.8,88.1,12.8,42.6,11.0,72.4,28.5,25.2,26.3,,,,,,,,,,,,
10047,Demo Hitter 047,2013,28,Hitter,3B,2.99,120.8,138.6,0.35,0.461,0.196,22.0,12.8,24.8,-1.4,1.5,88.4,10.0,41.0,10.3,70.6,26.1,21.2,25.1,,,,,,,,,,,,
10047,Demo Hitter 047,2014,29,Hitter,3B,2.62,122.4,128.3,0.325,0.448,0.178,23.0,9.4,24.2,2.1,6.1,89.2,11.0,44.0,11.0,70.4,23.7,23.8,24.9,,,,,,,,,,,,
10048,Demo Hitter 048,2018,24,Hitter,2B,2.59,129.1,131.4,0.347,0.484,0.166,23.0,11.8,20.0,3.9,4.3,88.7,12.6,39.7,17.8,71.5,27.4,26.4,27.9,,,,,,,,,,,,
10048,Demo Hitter 048,2019,25,Hitter,2B,2.79,134.7,134.0,0.342,0.447,0.195,20.0,9.9,25.4,2.4,-7.7,88.7,8.3,33.7,8.5,70.5,26.2,20.9,28.2,,,,,,,,,,,,
10048,Demo Hitter 048,2020,26,Hitter,2B,2.41,126.9,123.7,0.347,0.449,0.177,24.0,8.7,22.2,-1.0,6.3,89.7,7.3,37.6,12.4,70.0,29.0,25.6,27.8,,,,,,,,,,,,
10048,Demo Hitter 048,2021,27,Hitter,2B,2.89,114.6,120.1,0.354,0.441,0.172,29.0,9.2,26.7,0.1,-2.0,89.4,12.7,32.4,9.6,72.0,25.3,22.4,25.4,,,,,,,,,,,,
10048,Demo Hitter 048,2022,28,Hitter,2B,2.36,117.4,116.0,0.321,0.454,0.204,24.0,8.4,22.1,-3.1,-1.2,89.9,9.0,39.9,13.7,68.9,30.4,26.1,27.6,,,,,,,,,,,,
10048,Demo Hitter 048,2023,29,Hitter,2B,3.55,119.4,148.5,0.346,0.462,0.264,27.0,8.2,20.6,4.5,2.1,92.8,10.8,39.8,10.0,69.2,33.2,23.2,26.5,,,,,,,,,,,,
10048,Demo Hitter 048,2024,30,Hitter,2B,2.09,132.9,110.8,0.348,0.467,0.188,14.0,8.5,20.5,-4.0,3.5,88.1,9.1,32.9,13.6,70.6,29.1,25.3,26.7,,,,,,,,,,,,
10048,Demo Hitter 048,2025,31,Hitter,2B,2.17,110.0,128.0,0.361,0.444,0.186,29.0,8.9,20.8,0.9,-1.9,88.1,9.1,38.1,14.4,71.3,27.7,27.2,27.2,,,,,,,,,,,,
10048,Demo Hitter 048,2026,32,Hitter,2B,3.29,105.8,122.0,0.337,0.438,0.206,34.0,12.6,19.5,2.4,8.7,90.8,10.5,46.8,10.1,70.8,24.8,22.7,28.6,,,,,,,,,,,,
10049,Demo Hitter 049,2020,26,Hitter,DH,3.25,133.1,126.2,0.33,0.479,0.211,29.0,10.6,19.8,5.1,-0.1,89.6,11.3,41.9,17.7,68.9,27.0,23.1,25.1,,,,,,,,,,,,
10049,Demo Hitter 049,2021,27,Hitter,DH,3.19,117.9,139.8,0.348,0.477,0.228,27.0,9.9,25.4,-3.9,10.5,87.4,10.5,43.3,15.5,70.6,27.9,24.4,26.2,,,,,,,,,,,,
10049,Demo Hitter 049,2022,28,Hitter,DH,3.18,138.4,136.6,0.328,0.483,0.209,18.0,11.6,18.7,3.1,1.4,90.4,13.3,42.2,15.0,70.0,26.3,30.3,25.7,,,,,,,,,,,,
10049,Demo Hitter 049,2023,29,Hitter,DH,3.55,130.1,132.1,0.355,0.489,0.196,32.0,10.5,26.7,-4.8,-4.6,90.4,6.7,43.5,16.3,74.4,24.8,19.1,25.9,,,,,,,,,,,,
10049,Demo Hitter 049,2024,30,Hitter,DH,3.57,145.6,139.5,0.348,0.463,0.199,21.0,8.8,14.7,0.2,5.4,88.7,9.6,38.7,14.9,70.1,33.0,17.5,28.1,,,,,,,,,,,,
10049,Demo Hitter 049,2025,31,Hitter,DH,2.63,122.5,140.2,0.323,0.46,0.199,30.0,10.5,21.6,-3.9,-0.3,91.9,11.6,36.6,17.7,70.6,27.2,22.5,27.8,,,,,,,,,,,,
10049,Demo Hitter 049,2026,32,Hitter,DH,2.53,130.3,124.9,0.334,0.44,0.169,27.0,8.3,23.2,-2.4,-2.1,86.0,10.3,46.2,13.1,71.7,26.3,21.8,27.6,,,,,,,,,,,,
10050,Demo Hitter 050,2011,21,Hitter,SS,5.54,170.3,153.0,0.349,0.514,0.248,42.0,8.6,15.7,5.2,1.2,91.9,15.0,45.9,11.3,72.1,22.7,21.0,25.4,,,,,,,,,,,,
10050,Demo Hitter 050,2012,22,Hitter,SS,5.06,147.5,144.1,0.378,0.523,0.255,43.0,12.4,15.5,0.5,-2.1,91.3,11.7,46.6,8.8,70.7,30.4,21.2,25.8,,,,,,,,,,,,
10050,Demo Hitter 050,2013,23,Hitter,SS,5.36,164.2,154.3,0.354,0.496,0.227,26.0,8.0,12.3,3.2,-4.3,88.3,15.6,48.0,10.0,70.8,27.3,21.6,26.1,,,,,,,,,,,,
10050,Demo Hitter 050,2014,24,Hitter,SS,5.83,164.0,155.5,0.359,0.52,0.25,33.0,13.4,17.9,-3.1,1.5,91.9,15.0,39.1,12.7,74.1,23.5,24.3,28.1,,,,,,,,,,,,
10050,Demo Hitter 050,2015,25,Hitter,SS,5.93,187.6,164.2,0.354,0.526,0.253,45.0,13.3,21.1,-1.4,3.2,90.1,12.1,50.1,6.7,71.5,24.3,21.2,26.7,,,,,,,,,,,,
10050,Demo Hitter 050,2016,26,Hitter,SS,5.06,153.1,153.6,0.374,0.491,0.231,34.0,8.0,15.5,-0.6,6.0,92.4,11.6,44.2,9.3,72.1,28.1,19.0,27.2,,,,,,,,,,,,
10050,Demo Hitter 050,2017,27,Hitter,SS,6.0,180.8,164.7,0.383,0.513,0.238,31.0,14.0,19.4,3.6,6.0,91.3,13.0,46.5,17.1,75.8,33.5,24.7,28.5,,,,,,,,,,,,
10050,Demo Hitter 050,2018,28,Hitter,SS,6.57,183.4,173.3,0.381,0.567,0.273,43.0,12.7,19.6,-0.5,-9.3,92.7,15.1,52.3,7.1,75.3,24.8,15.8,28.9,,,,,,,,,,,,
10050,Demo Hitter 050,2019,29,Hitter,SS,4.18,142.2,147.3,0.359,0.466,0.24,37.0,12.1,19.4,1.3,9.2,90.5,9.0,39.7,11.2,73.2,20.7,25.8,25.7,,,,,,,,,,,,
10050,Demo Hitter 050,2020,30,Hitter,SS,5.41,144.2,164.0,0.371,0.534,0.3,41.0,14.3,21.5,1.1,-9.4,91.1,12.1,45.5,5.5,73.1,26.5,20.2,26.6,,,,,,,,,,,,
10050,Demo Hitter 050,2021,31,Hitter,SS,5.35,141.4,146.7,0.355,0.503,0.223,32.0,12.4,23.8,0.2,-2.0,92.0,12.9,45.7,5.6,72.1,26.5,17.8,26.5,,,,,,,,,,,,
10051,Demo Hitter 051,2016,24,Hitter,SS,7.22,182.3,185.1,0.368,0.564,0.294,47.0,13.3,13.0,-0.7,-7.3,95.0,17.1,54.6,8.5,74.9,22.6,21.4,27.0,,,,,,,,,,,,
10051,Demo Hitter 051,2017,25,Hitter,SS,5.57,165.4,149.4,0.356,0.53,0.26,41.0,13.3,25.1,6.8,2.6,91.7,11.6,50.2,11.7,70.9,27.5,21.0,26.6,,,,,,,,,,,,
10051,Demo Hitter 051,2018,26,Hitter,SS,5.81,153.6,156.5,0.385,0.512,0.238,31.0,12.5,19.7,4.6,-6.1,91.2,16.6,43.5,18.8,71.3,29.4,23.7,27.2,,,,,,,,,,,,
10051,Demo Hitter 051,2019,27,Hitter,SS,5.69,148.5,167.9,0.365,0.491,0.259,37.0,13.2,13.0,-2.4,-2.1,90.1,16.0,46.8,14.4,73.5,28.2,22.8,27.0,,,,,,,,,,,,
10051,Demo Hitter 051,2020,28,Hitter,SS,5.14,157.1,157.2,0.376,0.518,0.239,36.0,9.7,18.5,0.9,-3.7,91.9,12.8,43.2,21.9,71.6,24.2,24.7,26.8,,,,,,,,,,,,
10051,Demo Hitter 051,2021,29,Hitter,SS,6.13,158.7,159.6,0.388,0.548,0.264,36.0,10.9,18.7,1.2,-6.9,94.0,12.1,52.0,10.2,71.8,26.1,19.2,27.9,,,,,,,,,,,,
10051,Demo Hitter 051,2022,30,Hitter,SS,5.02,155.4,162.6,0.355,0.488,0.256,34.0,11.8,18.5,2.1,3.2,92.6,7.9,47.7,22.0,70.7,28.2,24.7,28.7,,,,,,,,,,,,
10052,Demo Hitter 052,2008,22,Hitter,SS,3.18,118.8,130.3,0.362,0.473,0.208,23.0,11.2,22.5,1.4,0.5,88.5,10.2,35.1,20.8,73.3,32.6,23.0,27.4,,,,,,,,,,,,
10052,Demo Hitter 052,2009,23,Hitter,SS,4.87,148.5,143.6,0.352,0.46,0.199,40.0,8.9,17.8,2.0,1.6,91.3,14.7,50.6,12.4,70.2,25.0,24.5,28.2,,,,,,,,,,,,
10052,Demo Hitter 052,2010,24,Hitter,SS,3.34,140.2,135.3,0.344,0.448,0.199,18.0,10.2,19.9,-0.8,0.9,93.0,13.0,38.3,14.8,71.1,29.0,25.8,26.7,,,,,,,,,,,,
10052,Demo Hitter 052,2011,25,Hitter,SS,3.86,126.9,139.1,0.353,0.459,0.253,29.0,11.0,20.9,4.9,2.3,89.2,9.2,39.4,17.1,73.1,29.5,27.5,29.8,,,,,,,,,,,,
10052,Demo Hitter 052,2012,26,Hitter,SS,3.23,137.0,114.5,0.34,0.485,0.233,28.0,11.9,19.2,-0.1,4.7,89.2,10.2,47.3,20.5,69.9,29.4,24.0,26.3,,,,,,,,,,,,
10052,Demo Hitter 052,2013,27,Hitter,SS,5.23,163.7,148.8,0.377,0.485,0.25,36.0,12.0,19.8,-0.4,1.8,92.7,10.8,54.7,12.6,72.1,27.2,22.0,25.8,,,,,,,,,,,,
10052,Demo Hitter 052,2014,28,Hitter,SS,4.41,143.9,135.6,0.393,0.49,0.253,34.0,11.0,21.3,-0.6,3.6,87.8,12.5,41.0,13.0,70.2,25.8,26.6,27.8,,,,,,,,,,,,
10053,Demo Hitter 053,2019,21,Hitter,SS,3.73,150.4,131.5,0.346,0.438,0.24,40.0,10.1,21.0,-1.7,3.8,89.1,9.1,48.9,17.5,72.7,29.3,23.7,27.0,,,,,,,,,,,,
10053,Demo Hitter 053,2020,22,Hitter,SS,4.76,163.9,153.7,0.387,0.498,0.263,26.0,9.5,19.7,-2.2,-4.0,90.1,15.9,55.0,7.9,69.9,27.5,24.2,26.3,,,,,,,,,,,,
10053,Demo Hitter 053,2021,23,Hitter,SS,4.13,141.6,133.5,0.37,0.505,0.216,25.0,10.8,14.8,-3.7,-0.9,89.4,13.7,43.4,8.9,71.8,28.2,27.8,27.5,,,,,,,,,,,,
10053,Demo Hitter 053,2022,24,Hitter,SS,5.48,146.5,170.5,0.366,0.503,0.223,38.0,12.0,20.6,-3.7,-2.8,91.7,12.1,42.9,5.8,71.3,20.6,24.6,28.8,,,,,,,,,,,,
10054,Demo Hitter 054,2021,23,Hitter,CF,2.34,115.0,118.4,0.315,0.458,0.147,22.0,8.6,19.7,-1.9,3.7,84.9,9.4,36.2,12.2,70.3,26.2,25.5,27.2,,,,,,,,,,,,
10054,Demo Hitter 054,2022,24,Hitter,CF,2.15,124.7,129.0,0.339,0.404,0.17,25.0,9.2,22.6,1.8,6.3,89.2,9.6,39.4,19.5,73.7,29.9,23.0,27.0,,,,,,,,,,,,
10054,Demo Hitter 054,2023,25,Hitter,CF,2.18,127.3,115.6,0.314,0.413,0.192,21.0,8.6,19.2,-0.1,-3.7,88.9,8.5,39.9,7.3,73.2,29.0,27.2,26.1,,,,,,,,,,,,
10054,Demo Hitter 054,2024,26,Hitter,CF,2.52,123.0,118.2,0.341,0.453,0.2,28.0,9.5,19.4,-3.2,-1.8,87.5,6.6,46.5,14.8,73.9,29.7,21.6,25.2,,,,,,,,,,,,
10054,Demo Hitter 054,2025,27,Hitter,CF,2.95,136.2,116.8,0.357,0.422,0.168,33.0,8.5,21.2,-4.3,-3.0,89.3,11.7,44.8,11.1,72.0,25.5,26.8,28.6,,,,,,,,,,,,
10054,Demo Hitter 054,2026,28,Hitter,CF,2.44,126.1,114.2,0.354,0.428,0.175,25.0,10.3,20.4,4.9,-0.7,87.5,8.4,43.4,9.8,70.9,29.9,26.0,26.5,,,,,,,,,,,,
10055,Demo Hitter 055,2010,27,Hitter,1B,5.29,173.9,146.7,0.362,0.481,0.258,34.0,13.2,15.6,0.1,4.3,90.6,10.6,46.6,17.4,70.5,31.5,24.9,27.8,,,,,,,,,,,,
10055,Demo Hitter 055,2011,28,Hitter,1B,3.26,132.4,134.8,0.323,0.439,0.183,29.0,10.0,21.7,-0.2,-6.1,86.8,13.1,42.5,6.2,71.2,22.9,24.9,26.7,,,,,,,,,,,,
10055,Demo Hitter 055,2012,29,Hitter,1B,4.22,151.5,145.4,0.375,0.482,0.256,26.0,10.6,17.4,2.2,1.1,89.3,7.4,46.2,12.0,71.6,26.9,23.9,26.0,,,,,,,,,,,,
10055,Demo Hitter 055,2013,30,Hitter,1B,3.98,131.0,137.8,0.362,0.439,0.238,31.0,8.4,23.3,1.9,8.1,91.6,14.8,43.6,17.8,74.2,33.1,21.3,27.6,,,,,,,,,,,,
10055,Demo Hitter 055,2014,31,Hitter,1B,4.22,156.4,140.0,0.353,0.478,0.222,31.0,11.0,17.6,-2.3,3.4,90.4,13.4,46.4,14.8,73.5,30.1,21.9,27.6,,,,,,,,,,,,
10055,Demo Hitter 055,2015,32,Hitter,1B,2.87,123.1,123.5,0.36,0.428,0.19,23.0,12.4,22.2,-2.8,1.3,90.1,12.4,32.3,8.6,73.1,28.4,25.4,28.3,,,,,,,,,,,,
10056,Demo Hitter 056,2010,23,Hitter,RF,2.92,125.5,138.4,0.345,0.47,0.185,16.0,10.3,23.5,4.5,7.6,87.3,9.3,42.2,19.8,70.6,25.3,21.4,27.3,,,,,,,,,,,,
10056,Demo Hitter 056,2011,24,Hitter,RF,3.23,143.3,138.2,0.359,0.45,0.213,21.0,10.6,21.4,0.2,2.6,89.0,9.5,43.6,16.7,71.9,29.2,27.4,25.5,,,,,,,,,,,,
10056,Demo Hitter 056,2012,25,Hitter,RF,3.87,131.6,143.6,0.353,0.458,0.205,34.0,10.2,20.1,0.1,-4.0,89.5,11.7,33.2,19.5,73.8,25.7,21.5,28.5,,,,,,,,,,,,
10056,Demo Hitter 056,2013,26,Hitter,RF,4.36,155.2,140.3,0.366,0.493,0.207,26.0,14.4,21.3,-3.2,-8.3,89.2,12.9,54.3,12.2,72.7,24.3,24.8,26.3,,,,,,,,,,,,
10056,Demo Hitter 056,2014,27,Hitter,RF,3.69,149.3,119.1,0.336,0.497,0.193,31.0,9.6,23.1,0.5,-7.1,90.9,11.2,39.9,6.9,71.3,29.5,21.2,27.9,,,,,,,,,,,,
10056,Demo Hitter 056,2015,28,Hitter,RF,3.64,145.0,131.5,0.334,0.499,0.23,34.0,10.0,24.1,1.5,-2.8,90.2,8.1,40.4,10.8,72.8,30.6,20.2,26.4,,,,,,,,,,,,
10056,Demo Hitter 056,2016,29,Hitter,RF,3.94,126.7,126.4,0.347,0.472,0.191,31.0,12.3,19.5,0.6,0.8,88.0,13.8,38.9,15.2,71.8,24.6,27.9,27.6,,,,,,,,,,,,
10056,Demo Hitter 056,2017,30,Hitter,RF,3.84,145.0,138.9,0.358,0.482,0.247,22.0,9.3,20.9,-2.0,5.9,87.6,12.6,46.3,8.2,70.6,28.8,24.9,27.7,,,,,,,,,,,,
10056,Demo Hitter 056,2018,31,Hitter,RF,2.59,133.7,138.3,0.34,0.445,0.217,26.0,11.1,22.2,-3.2,-7.6,89.2,6.8,42.3,14.0,73.2,25.2,30.0,26.8,,,,,,,,,,,,
10057,Demo Hitter 057,2011,27,Hitter,3B,1.95,121.0,104.7,0.339,0.458,0.203,19.0,10.6,19.2,2.7,-0.1,89.2,5.4,32.7,14.6,70.3,29.7,28.1,25.7,,,,,,,,,,,,
10057,Demo Hitter 057,2012,28,Hitter,3B,0.71,113.0,104.2,0.322,0.447,0.165,17.0,8.0,18.1,0.5,-4.9,89.1,5.2,34.2,11.1,70.2,27.3,24.6,27.9,,,,,,,,,,,,
10057,Demo Hitter 057,2013,29,Hitter,3B,1.5,116.1,114.8,0.327,0.437,0.177,28.0,10.2,19.8,2.7,0.3,87.0,7.2,40.7,14.6,73.1,31.9,25.8,26.9,,,,,,,,,,,,
10057,Demo Hitter 057,2014,30,Hitter,3B,-0.39,90.4,96.0,0.298,0.397,0.13,10.0,6.1,26.8,1.9,3.6,87.3,2.0,33.1,9.4,70.1,25.2,30.6,26.4,,,,,,,,,,,,
10057,Demo Hitter 057,2015,31,Hitter,3B,0.86,105.7,108.5,0.317,0.367,0.171,17.0,6.0,23.6,-3.2,-1.9,87.8,6.2,25.7,13.9,68.9,27.8,25.2,27.5,,,,,,,,,,,,
10057,Demo Hitter 057,2016,32,Hitter,3B,1.63,130.5,110.7,0.335,0.39,0.183,23.0,8.2,23.6,1.9,-2.9,90.1,7.9,33.2,19.8,70.8,29.7,27.8,26.6,,,,,,,,,,,,
10057,Demo Hitter 057,2017,33,Hitter,3B,-0.36,82.1,106.6,0.325,0.385,0.148,12.0,8.8,28.8,-3.3,1.9,86.7,8.0,29.9,19.0,71.8,36.3,31.1,27.1,,,,,,,,,,,,
10057,Demo Hitter 057,2018,34,Hitter,3B,0.04,98.1,96.4,0.317,0.386,0.136,18.0,3.7,24.1,1.1,-1.4,89.5,7.8,26.7,16.3,71.5,33.9,31.2,25.7,,,,,,,,,,,,
10058,Demo Hitter 058,2014,27,Hitter,1B,7.42,181.9,168.5,0.402,0.537,0.294,45.0,15.7,16.9,-0.8,1.2,93.6,16.3,53.2,6.2,74.0,26.5,18.1,28.4,,,,,,,,,,,,
10058,Demo Hitter 058,2015,28,Hitter,1B,7.21,179.7,172.7,0.393,0.557,0.242,51.0,17.6,15.4,-1.4,-1.4,90.3,16.5,49.3,10.7,71.7,31.1,18.8,29.4,,,,,,,,,,,,
10058,Demo Hitter 058,2016,29,Hitter,1B,7.19,184.8,176.9,0.37,0.545,0.283,43.0,12.7,17.3,-1.9,7.9,91.3,18.0,47.9,11.5,76.0,27.4,21.5,26.4,,,,,,,,,,,,
10058,Demo Hitter 058,2017,30,Hitter,1B,7.05,166.7,170.5,0.389,0.586,0.252,44.0,12.7,17.2,2.5,-6.5,93.6,10.8,48.0,15.5,75.9,22.1,22.2,26.6,,,,,,,,,,,,
10058,Demo Hitter 058,2018,31,Hitter,1B,6.52,178.9,169.3,0.388,0.53,0.258,43.0,11.9,19.3,-2.6,1.0,91.8,13.4,52.5,24.2,73.2,25.9,16.4,26.7,,,,,,,,,,,,
10058,Demo Hitter 058,2019,32,Hitter,1B,5.15,149.1,156.0,0.383,0.466,0.266,36.0,14.4,20.0,5.9,1.0,92.2,9.6,38.8,13.4,69.7,28.1,22.2,27.8,,,,,,,,,,,,
10059,Demo Hitter 059,2008,26,Hitter,RF,3.32,133.7,127.4,0.363,0.451,0.197,26.0,12.1,23.1,0.1,-4.3,89.6,12.9,47.3,10.3,71.1,20.8,21.3,27.4,,,,,,,,,,,,
10059,Demo Hitter 059,2009,27,Hitter,RF,3.94,138.6,140.4,0.359,0.474,0.225,28.0,12.3,16.9,2.6,-1.4,92.3,14.3,46.0,10.4,70.4,31.3,18.7,27.3,,,,,,,,,,,,
10059,Demo Hitter 059,2010,28,Hitter,RF,4.07,128.5,139.7,0.365,0.492,0.181,23.0,11.8,23.4,-1.3,9.9,90.7,14.4,51.9,16.1,70.5,32.5,18.5,27.7,,,,,,,,,,,,
10059,Demo Hitter 059,2011,29,Hitter,RF,3.28,126.4,128.9,0.31,0.438,0.173,24.0,10.0,25.9,1.6,7.0,89.3,12.5,41.0,18.8,69.2,25.6,24.8,26.2,,,,,,,,,,,,
10059,Demo Hitter 059,2012,30,Hitter,RF,3.24,151.0,130.5,0.351,0.46,0.175,30.0,12.8,21.8,2.8,-1.2,92.1,11.5,43.0,7.5,71.3,28.0,26.4,27.1,,,,,,,,,,,,
10060,Demo Hitter 060,2010,24,Hitter,C,1.2,123.8,110.6,0.317,0.425,0.172,17.0,6.8,25.1,-1.8,-1.5,87.9,6.1,32.0,13.3,70.4,28.9,26.3,27.5,,,,,,,,,,,,
10060,Demo Hitter 060,2011,25,Hitter,C,2.23,114.6,114.7,0.369,0.393,0.205,31.0,11.2,20.1,-2.8,0.1,88.2,9.8,38.4,5.2,68.6,27.9,23.1,28.1,,,,,,,,,,,,
10060,Demo Hitter 060,2012,26,Hitter,C,2.39,121.7,134.8,0.306,0.411,0.184,16.0,10.2,22.7,-3.6,-4.3,89.1,5.1,41.7,10.4,69.5,27.1,26.5,28.0,,,,,,,,,,,,
10060,Demo Hitter 060,2013,27,Hitter,C,2.67,135.0,127.0,0.327,0.4,0.183,24.0,8.9,25.7,-0.2,0.5,92.5,9.4,37.2,18.7,71.9,31.6,22.7,28.7,,,,,,,,,,,,
10060,Demo Hitter 060,2014,28,Hitter,C,3.21,142.5,115.9,0.364,0.431,0.232,28.0,9.9,21.6,-4.4,-6.0,92.3,9.6,50.4,12.5,73.0,24.6,31.4,25.8,,,,,,,,,,,,
10060,Demo Hitter 060,2015,29,Hitter,C,1.04,121.7,123.1,0.323,0.402,0.143,18.0,10.6,26.7,-1.3,1.3,87.6,7.1,42.4,12.2,72.3,29.2,24.1,26.7,,,,,,,,,,,,
10060,Demo Hitter 060,2016,30,Hitter,C,3.62,131.9,147.7,0.347,0.466,0.171,28.0,11.6,22.6,-2.5,6.3,89.6,9.5,42.8,22.1,71.0,30.0,20.5,27.5,,,,,,,,,,,,
10060,Demo Hitter 060,2017,31,Hitter,C,2.27,105.3,117.8,0.347,0.421,0.21,24.0,9.9,19.5,-0.3,-5.2,87.7,11.6,39.9,23.9,69.9,29.8,28.8,26.3,,,,,,,,,,,,
10061,Demo Hitter 061,2020,23,Hitter,1B,4.57,150.2,151.5,0.35,0.472,0.244,31.0,12.9,16.3,0.7,6.6,90.0,10.5,44.0,11.5,72.9,25.9,21.9,26.2,,,,,,,,,,,,
10061,Demo Hitter 061,2021,24,Hitter,1B,4.22,147.8,134.0,0.36,0.495,0.227,27.0,9.2,17.3,1.9,5.4,88.9,14.5,45.7,16.1,73.6,32.0,26.4,27.8,,,,,,,,,,,,
10061,Demo Hitter 061,2022,25,Hitter,1B,4.01,139.7,153.1,0.342,0.499,0.215,32.0,11.3,20.3,2.9,2.8,91.2,11.7,40.9,9.7,71.5,28.1,23.2,27.1,,,,,,,,,,,,
10061,Demo Hitter 061,2023,26,Hitter,1B,3.83,144.6,145.2,0.354,0.459,0.236,31.0,10.2,18.4,-0.4,-7.2,92.5,16.0,48.0,18.4,73.6,28.5,20.9,26.2,,,,,,,,,,,,
10061,Demo Hitter 061,2024,27,Hitter,1B,3.97,131.5,140.4,0.342,0.501,0.216,27.0,11.0,21.9,-2.0,-5.5,92.2,7.1,47.6,15.7,72.2,27.6,23.4,28.0,,,,,,,,,,,,
10062,Demo Hitter 062,2018,23,Hitter,C,3.02,137.8,133.1,0.334,0.431,0.209,34.0,14.1,17.6,3.1,-5.8,89.3,9.7,38.3,14.6,71.3,27.2,20.9,26.6,,,,,,,,,,,,
10062,Demo Hitter 062,2019,24,Hitter,C,4.14,154.3,149.2,0.333,0.504,0.208,27.0,10.3,15.0,3.6,0.3,88.2,12.8,39.5,12.5,70.8,36.5,20.9,27.1,,,,,,,,,,,,
10062,Demo Hitter 062,2020,25,Hitter,C,2.07,127.3,119.3,0.332,0.442,0.184,20.0,8.2,15.5,-3.9,-11.4,89.6,10.8,36.5,14.3,69.3,28.3,21.7,26.5,,,,,,,,,,,,
10062,Demo Hitter 062,2021,26,Hitter,C,4.95,158.2,151.4,0.365,0.453,0.246,36.0,14.2,19.6,-5.4,-6.5,94.1,14.1,41.2,21.0,71.8,24.7,18.2,25.6,,,,,,,,,,,,
10062,Demo Hitter 062,2022,27,Hitter,C,3.11,127.0,109.7,0.328,0.529,0.205,23.0,10.6,26.0,-2.4,-3.2,87.9,12.9,48.6,13.0,72.0,26.3,24.6,25.4,,,,,,,,,,,,
10062,Demo Hitter 062,2023,28,Hitter,C,3.7,155.0,142.8,0.365,0.457,0.187,36.0,8.7,22.1,2.4,-1.3,90.3,10.1,47.5,15.7,72.5,34.1,21.9,26.9,,,,,,,,,,,,
10062,Demo Hitter 062,2024,29,Hitter,C,2.47,135.6,139.9,0.339,0.451,0.199,24.0,10.4,21.1,3.8,-0.3,89.3,7.9,40.0,4.4,75.4,30.3,27.1,27.9,,,,,,,,,,,,
10062,Demo Hitter 062,2025,30,Hitter,C,2.94,130.1,124.9,0.362,0.445,0.18,27.0,7.4,18.5,2.2,2.3,90.2,12.7,36.9,8.2,73.5,28.5,26.5,27.2,,,,,,,,,,,,
10062,Demo Hitter 062,2026,31,Hitter,C,2.64,126.2,128.8,0.326,0.467,0.207,26.0,6.0,19.8,2.4,0.6,90.2,9.2,35.1,10.5,70.9,29.6,24.5,27.8,,,,,,,,,,,,
10063,Demo Hitter 063,2016,24,Hitter,SS,2.47,124.2,121.7,0.355,0.436,0.211,27.0,7.2,23.3,1.6,2.5,88.3,12.5,33.6,18.0,71.8,29.6,26.6,26.7,,,,,,,,,,,,
10063,Demo Hitter 063,2017,25,Hitter,SS,2.95,126.1,130.8,0.337,0.448,0.202,19.0,11.6,20.0,-0.2,-0.0,90.6,5.8,46.2,17.9,69.4,34.8,25.4,27.2,,,,,,,,,,,,
10063,Demo Hitter 063,2018,26,Hitter,SS,3.97,135.9,142.6,0.338,0.468,0.185,25.0,12.5,21.9,-0.7,0.6,92.8,11.1,45.5,13.7,72.9,29.9,14.3,26.2,,,,,,,,,,,,
10063,Demo Hitter 063,2019,27,Hitter,SS,5.97,164.1,146.1,0.382,0.521,0.247,33.0,15.4,16.1,-0.6,-5.6,91.8,15.5,54.7,17.3,71.0,18.7,23.7,24.8,,,,,,,,,,,,
10063,Demo Hitter 063,2020,28,Hitter,SS,5.18,158.0,148.9,0.354,0.506,0.215,32.0,11.3,13.1,0.9,2.3,88.6,17.1,47.2,16.2,71.9,29.4,23.2,30.5,,,,,,,,,,,,
10063,Demo Hitter 063,2021,29,Hitter,SS,3.94,144.3,122.1,0.344,0.422,0.224,29.0,10.1,20.5,0.3,0.3,90.3,11.6,44.6,11.8,71.8,26.7,19.2,25.7,,,,,,,,,,,,
10063,Demo Hitter 063,2022,30,Hitter,SS,3.29,139.6,131.6,0.356,0.476,0.211,35.0,13.0,18.6,-0.1,-1.5,90.2,9.2,46.3,12.9,74.2,28.4,26.6,27.2,,,,,,,,,,,,
10063,Demo Hitter 063,2023,31,Hitter,SS,3.68,143.9,138.4,0.328,0.468,0.204,26.0,10.1,22.1,1.4,1.8,91.4,15.7,44.9,16.9,73.4,26.9,23.1,28.7,,,,,,,,,,,,
10063,Demo Hitter 063,2024,32,Hitter,SS,2.99,127.6,126.1,0.35,0.493,0.241,34.0,9.8,20.0,-2.5,-9.7,89.1,6.9,42.0,14.6,71.1,34.0,25.1,26.3,,,,,,,,,,,,
10063,Demo Hitter 063,2025,33,Hitter,SS,3.53,122.3,131.1,0.351,0.446,0.21,31.0,9.9,18.4,0.5,2.0,92.0,7.6,53.2,14.3,69.5,30.3,26.6,25.9,,,,,,,,,,,,
10063,Demo Hitter 063,2026,34,Hitter,SS,2.8,122.1,124.6,0.35,0.466,0.195,21.0,9.2,21.9,-2.8,-5.6,90.3,11.1,45.3,5.6,74.4,33.4,20.0,27.1,,,,,,,,,,,,
10064,Demo Hitter 064,2014,22,Hitter,1B,2.93,127.8,140.7,0.345,0.438,0.192,20.0,13.8,18.9,1.0,2.6,90.0,9.1,36.5,16.2,71.8,24.7,26.4,28.4,,,,,,,,,,,,
10064,Demo Hitter 064,2015,23,Hitter,1B,5.2,152.1,138.1,0.358,0.507,0.255,39.0,11.7,15.6,2.2,5.1,93.3,12.8,47.6,13.7,76.3,20.1,23.2,23.6,,,,,,,,,,,,
10064,Demo Hitter 064,2016,24,Hitter,1B,3.82,134.8,143.8,0.369,0.448,0.245,36.0,10.5,18.2,-0.3,-8.0,91.5,6.4,45.9,17.0,72.8,28.3,21.5,25.9,,,,,,,,,,,,
10064,Demo Hitter 064,2017,25,Hitter,1B,4.12,138.6,134.9,0.384,0.487,0.241,34.0,13.8,18.4,-2.8,-2.9,92.3,9.2,38.5,11.8,71.3,25.3,26.8,27.7,,,,,,,,,,,,
10064,Demo Hitter 064,2018,26,Hitter,1B,4.32,163.5,150.7,0.36,0.484,0.214,37.0,9.8,17.3,2.2,4.1,88.7,15.5,42.9,19.4,69.5,25.1,16.8,25.7,,,,,,,,,,,,
10064,Demo Hitter 064,2019,27,Hitter,1B,4.4,152.7,150.5,0.361,0.496,0.208,36.0,11.0,17.6,-0.6,-7.4,88.8,10.4,38.9,19.2,70.8,30.4,27.7,26.1,,,,,,,,,,,,
10064,Demo Hitter 064,2020,28,Hitter,1B,3.9,157.8,155.2,0.357,0.509,0.194,34.0,7.5,16.3,2.7,-10.8,91.9,9.7,42.3,14.6,71.6,24.9,19.4,28.4,,,,,,,,,,,,
10064,Demo Hitter 064,2021,29,Hitter,1B,5.17,153.3,147.5,0.337,0.529,0.244,37.0,13.0,15.7,0.3,-2.4,93.1,13.1,51.9,17.0,73.6,24.5,21.7,28.5,,,,,,,,,,,,
10064,Demo Hitter 064,2022,30,Hitter,1B,4.69,157.5,140.6,0.366,0.495,0.235,33.0,12.8,18.0,1.8,1.3,90.1,10.9,50.8,11.7,72.8,33.8,22.0,28.8,,,,,,,,,,,,
10064,Demo Hitter 064,2023,31,Hitter,1B,3.84,145.2,137.6,0.367,0.455,0.207,34.0,15.2,19.6,-4.3,1.1,89.4,13.3,46.7,2.6,72.9,25.3,25.0,27.2,,,,,,,,,,,,
10064,Demo Hitter 064,2024,32,Hitter,1B,4.17,143.6,149.2,0.37,0.505,0.228,28.0,10.8,20.5,-0.2,-1.1,89.1,13.2,49.6,7.2,72.6,30.0,23.3,26.9,,,,,,,,,,,,
10064,Demo Hitter 064,2025,33,Hitter,1B,3.96,149.3,135.0,0.328,0.442,0.186,32.0,10.7,20.6,0.4,0.6,89.3,9.9,50.3,16.3,72.3,31.3,19.5,28.2,,,,,,,,,,,,
10065,Demo Hitter 065,2011,23,Hitter,1B,4.0,149.7,146.0,0.335,0.473,0.222,29.0,11.7,16.8,-1.9,4.9,91.0,12.0,43.5,17.0,70.7,31.7,20.3,27.0,,,,,,,,,,,,
10065,Demo Hitter 065,2012,24,Hitter,1B,4.37,151.1,138.4,0.369,0.554,0.244,26.0,9.2,16.5,-0.4,-2.6,85.5,11.4,42.8,10.8,73.1,30.4,27.1,26.5,,,,,,,,,,,,
10065,Demo Hitter 065,2013,25,Hitter,1B,3.07,141.5,131.8,0.367,0.454,0.196,26.0,10.0,23.6,3.7,-6.4,90.5,10.8,44.6,19.1,70.3,21.8,25.3,27.5,,,,,,,,,,,,
10065,Demo Hitter 065,2014,26,Hitter,1B,3.82,137.4,138.7,0.332,0.486,0.222,30.0,13.0,17.8,-2.6,-0.4,92.2,10.7,37.5,8.9,72.9,22.6,22.4,27.7,,,,,,,,,,,,
10065,Demo Hitter 065,2015,27,Hitter,1B,5.2,160.8,152.4,0.356,0.468,0.223,29.0,12.1,13.9,-0.5,-1.4,90.9,13.4,50.4,7.0,70.4,28.7,25.1,27.6,,,,,,,,,,,,
10065,Demo Hitter 065,2016,28,Hitter,1B,3.31,137.9,125.4,0.346,0.425,0.214,24.0,11.4,17.2,-0.6,1.6,88.4,9.2,43.1,14.3,71.8,29.0,23.4,26.1,,,,,,,,,,,,
10065,Demo Hitter 065,2017,29,Hitter,1B,3.47,135.4,136.9,0.336,0.484,0.208,27.0,12.9,24.5,2.4,-1.8,91.1,13.1,41.8,10.1,70.2,21.8,24.1,27.5,,,,,,,,,,,,
10065,Demo Hitter 065,2018,30,Hitter,1B,3.41,135.2,147.2,0.334,0.478,0.212,26.0,9.9,20.9,1.8,0.5,89.9,7.7,37.0,13.7,72.5,28.3,25.2,25.7,,,,,,,,,,,,
10065,Demo Hitter 065,2019,31,Hitter,1B,3.79,147.8,151.4,0.357,0.487,0.201,27.0,8.9,16.8,5.1,-3.6,92.5,13.8,47.3,12.3,73.2,31.9,17.6,27.6,,,,,,,,,,,,
10066,Demo Hitter 066,2011,22,Hitter,2B,6.17,183.7,150.4,0.352,0.54,0.279,30.0,13.7,14.7,-0.7,-2.2,91.6,18.4,48.0,14.6,74.5,25.8,24.9,26.4,,,,,,,,,,,,
10066,Demo Hitter 066,2012,23,Hitter,2B,4.5,160.5,140.3,0.368,0.463,0.23,35.0,9.4,21.7,3.5,-2.7,91.0,9.2,49.0,22.7,71.8,26.9,17.1,29.6,,,,,,,,,,,,
10066,Demo Hitter 066,2013,24,Hitter,2B,6.4,166.3,160.1,0.381,0.55,0.262,37.0,13.6,20.4,2.6,-3.7,94.1,15.3,54.6,24.3,72.1,26.4,23.7,25.6,,,,,,,,,,,,
10066,Demo Hitter 066,2014,25,Hitter,2B,3.9,158.2,128.0,0.357,0.473,0.206,32.0,9.8,21.2,1.1,-13.0,90.1,10.6,39.5,12.5,70.1,30.4,27.7,27.6,,,,,,,,,,,,
10066,Demo Hitter 066,2015,26,Hitter,2B,5.3,162.6,142.2,0.391,0.501,0.178,34.0,10.6,19.3,2.9,-3.6,91.4,14.5,47.1,9.8,69.7,24.9,24.8,27.7,,,,,,,,,,,,
10066,Demo Hitter 066,2016,27,Hitter,2B,5.34,162.7,144.9,0.392,0.537,0.247,32.0,11.5,15.7,1.2,4.7,89.8,12.8,50.8,19.3,73.6,24.2,24.3,26.7,,,,,,,,,,,,
10066,Demo Hitter 066,2017,28,Hitter,2B,5.64,172.0,179.3,0.352,0.469,0.229,31.0,8.5,14.7,-3.3,4.8,90.8,11.1,49.5,4.9,73.2,24.2,23.8,25.2,,,,,,,,,,,,
10066,Demo Hitter 066,2018,29,Hitter,2B,5.9,171.3,151.7,0.377,0.482,0.223,34.0,13.9,26.3,-1.8,1.8,91.4,10.8,42.1,15.3,73.6,24.3,20.5,26.9,,,,,,,,,,,,
10066,Demo Hitter 066,2019,30,Hitter,2B,4.64,144.0,145.1,0.379,0.479,0.223,34.0,13.2,19.9,-1.6,-3.8,88.1,8.7,48.6,18.5,73.1,24.4,19.6,25.8,,,,,,,,,,,,
10066,Demo Hitter 066,2020,31,Hitter,2B,4.41,143.0,138.0,0.37,0.468,0.21,29.0,9.5,24.7,1.7,2.8,90.0,9.3,44.9,16.0,71.6,31.8,25.2,27.7,,,,,,,,,,,,
10067,Demo Hitter 067,2014,21,Hitter,3B,2.67,136.5,140.3,0.335,0.472,0.189,23.0,12.1,24.2,0.6,2.0,87.1,12.9,46.0,7.6,69.8,34.0,27.4,27.6,,,,,,,,,,,,
10067,Demo Hitter 067,2015,22,Hitter,3B,0.87,106.1,103.0,0.342,0.384,0.149,21.0,6.3,15.6,-1.9,-3.6,85.3,5.4,41.7,18.5,72.2,26.4,30.2,26.5,,,,,,,,,,,,
10067,Demo Hitter 067,2016,23,Hitter,3B,1.22,98.2,108.4,0.32,0.419,0.158,16.0,8.1,22.6,3.9,-2.0,85.4,7.6,37.5,9.8,70.1,31.6,27.3,27.7,,,,,,,,,,,,
10067,Demo Hitter 067,2017,24,Hitter,3B,1.42,114.2,114.1,0.329,0.386,0.171,8.0,8.1,20.0,0.1,-8.1,92.2,9.3,31.8,8.0,69.3,31.9,25.2,28.4,,,,,,,,,,,,
10067,Demo Hitter 067,2018,25,Hitter,3B,3.12,133.6,124.2,0.379,0.457,0.208,24.0,11.1,20.0,7.3,9.0,90.8,11.2,43.8,15.9,69.6,29.1,21.7,27.4,,,,,,,,,,,,
10068,Demo Hitter 068,2017,27,Hitter,C,5.22,183.7,153.4,0.379,0.471,0.242,31.0,10.4,26.1,-0.7,-1.9,95.0,16.2,58.2,9.8,71.9,26.0,23.2,27.5,,,,,,,,,,,,
10068,Demo Hitter 068,2018,28,Hitter,C,4.89,173.3,137.0,0.362,0.487,0.213,29.0,11.9,23.9,1.3,4.8,92.3,13.5,44.3,11.2,71.1,29.0,21.2,24.2,,,,,,,,,,,,
10068,Demo Hitter 068,2019,29,Hitter,C,3.71,141.4,140.6,0.364,0.471,0.21,26.0,12.4,18.6,4.5,-0.3,90.4,12.1,39.6,13.5,70.9,29.0,28.5,26.9,,,,,,,,,,,,
10068,Demo Hitter 068,2020,30,Hitter,C,4.9,132.3,148.8,0.356,0.488,0.174,30.0,10.0,23.2,-1.5,4.8,90.9,11.0,48.8,5.4,69.8,20.9,20.9,27.2,,,,,,,,,,,,
10069,Demo Hitter 069,2020,21,Hitter,CF,3.23,144.3,120.4,0.331,0.457,0.204,31.0,10.9,22.1,4.3,0.7,91.2,11.7,46.8,20.7,71.2,27.9,23.3,28.2,,,,,,,,,,,,
10069,Demo Hitter 069,2021,22,Hitter,CF,2.84,128.9,137.9,0.362,0.45,0.173,25.0,10.5,18.2,0.7,-3.3,88.5,10.5,35.9,9.6,73.2,23.3,21.9,26.9,,,,,,,,,,,,
10069,Demo Hitter 069,2022,23,Hitter,CF,3.37,133.1,129.5,0.337,0.452,0.218,24.0,8.6,22.4,2.2,2.6,90.5,11.5,43.3,12.5,71.7,21.4,21.8,30.5,,,,,,,,,,,,
10069,Demo Hitter 069,2023,24,Hitter,CF,2.71,127.0,124.9,0.366,0.506,0.163,24.0,8.3,21.2,-2.0,3.1,88.0,9.2,40.2,12.2,71.9,27.1,24.3,27.0,,,,,,,,,,,,
10069,Demo Hitter 069,2024,25,Hitter,CF,2.59,119.6,119.6,0.329,0.435,0.215,23.0,10.4,25.5,0.7,-3.1,91.4,6.5,38.1,13.7,71.0,28.0,25.7,27.7,,,,,,,,,,,,
10069,Demo Hitter 069,2025,26,Hitter,CF,3.68,145.6,114.8,0.34,0.422,0.205,27.0,11.3,18.5,0.7,0.3,90.5,9.4,42.0,13.7,72.1,26.9,25.8,27.6,,,,,,,,,,,,
10069,Demo Hitter 069,2026,27,Hitter,CF,3.09,127.3,127.7,0.352,0.502,0.179,24.0,9.9,29.1,-2.1,-1.0,88.7,6.0,40.0,17.0,68.7,27.4,22.2,27.9,,,,,,,,,,,,
10070,Demo Hitter 070,2020,26,Hitter,RF,2.96,132.1,140.0,0.346,0.423,0.203,28.0,11.2,27.6,3.6,3.8,90.2,7.0,45.8,9.9,71.6,32.9,29.9,25.4,,,,,,,,,,,,
10070,Demo Hitter 070,2021,27,Hitter,RF,2.53,128.9,130.8,0.335,0.472,0.182,22.0,11.0,18.9,-2.0,-0.7,90.6,12.5,35.7,13.8,72.0,23.1,23.4,29.0,,,,,,,,,,,,
10070,Demo Hitter 070,2022,28,Hitter,RF,2.62,139.2,105.7,0.356,0.414,0.151,24.0,6.1,23.9,-1.8,1.1,87.4,7.6,37.2,13.5,69.6,34.0,22.2,27.3,,,,,,,,,,,,
10070,Demo Hitter 070,2023,29,Hitter,RF,3.99,161.7,140.9,0.313,0.51,0.195,30.0,9.2,20.3,-0.8,7.2,89.4,11.4,34.9,14.5,72.9,26.0,21.1,27.6,,,,,,,,,,,,
10070,Demo Hitter 070,2024,30,Hitter,RF,2.57,143.9,111.3,0.349,0.472,0.188,29.0,11.8,14.9,-1.9,7.1,88.1,10.2,33.3,13.5,71.4,32.6,20.8,26.6,,,,,,,,,,,,
10070,Demo Hitter 070,2025,31,Hitter,RF,3.51,127.9,148.2,0.331,0.451,0.225,29.0,8.5,19.7,0.1,-4.2,87.1,11.9,43.3,14.9,72.6,29.6,26.9,26.8,,,,,,,,,,,,
10070,Demo Hitter 070,2026,32,Hitter,RF,2.21,123.3,122.6,0.336,0.432,0.175,25.0,8.1,21.1,0.0,-2.9,89.6,8.3,37.7,11.3,71.2,27.7,20.0,29.0,,,,,,,,,,,,
10071,Demo Hitter 071,2009,21,Hitter,RF,4.28,158.1,129.3,0.341,0.471,0.242,30.0,12.2,18.9,2.2,-3.5,89.5,9.7,47.5,14.9,74.4,29.9,19.7,28.6,,,,,,,,,,,,
10071,Demo Hitter 071,2010,22,Hitter,RF,3.46,130.4,150.7,0.343,0.468,0.199,38.0,9.5,24.6,1.6,-0.2,89.9,11.1,46.8,17.7,71.8,29.2,23.3,27.9,,,,,,,,,,,,
10071,Demo Hitter 071,2011,23,Hitter,RF,4.95,155.4,147.0,0.383,0.478,0.23,28.0,12.0,24.2,-4.5,3.9,93.1,13.7,47.0,11.3,75.1,28.0,23.8,24.6,,,,,,,,,,,,
10071,Demo Hitter 071,2012,24,Hitter,RF,3.18,131.3,123.1,0.341,0.427,0.188,23.0,9.5,22.8,0.4,3.4,88.6,13.2,43.0,10.3,68.5,27.7,21.6,27.2,,,,,,,,,,,,
10071,Demo Hitter 071,2013,25,Hitter,RF,3.16,136.6,146.5,0.344,0.473,0.2,24.0,11.2,21.7,-1.0,0.4,89.4,11.8,41.8,18.4,71.0,29.6,23.8,29.0,,,,,,,,,,,,
10071,Demo Hitter 071,2014,26,Hitter,RF,2.29,128.0,112.1,0.335,0.458,0.182,28.0,9.9,25.3,2.3,-1.5,87.7,9.6,28.9,11.7,71.6,26.6,23.2,26.1,,,,,,,,,,,,
10071,Demo Hitter 071,2015,27,Hitter,RF,4.18,140.6,151.1,0.354,0.495,0.223,29.0,13.8,18.3,-2.3,-1.5,91.6,16.6,39.4,7.2,73.2,28.2,23.4,26.0,,,,,,,,,,,,
10071,Demo Hitter 071,2016,28,Hitter,RF,2.75,136.9,112.4,0.349,0.5,0.185,30.0,9.9,22.6,0.2,-1.0,87.0,7.7,36.6,19.2,69.8,30.2,24.1,27.4,,,,,,,,,,,,
10071,Demo Hitter 071,2017,29,Hitter,RF,1.66,123.6,132.0,0.339,0.41,0.177,21.0,6.1,26.6,-0.7,-2.5,87.8,10.0,37.8,7.1,68.4,31.2,26.8,27.2,,,,,,,,,,,,
10071,Demo Hitter 071,2018,30,Hitter,RF,3.57,137.5,139.5,0.339,0.477,0.221,37.0,6.3,16.2,-3.0,6.0,92.0,13.6,40.0,14.4,73.4,34.3,22.7,26.7,,,,,,,,,,,,
10071,Demo Hitter 071,2019,31,Hitter,RF,2.17,128.6,129.2,0.345,0.436,0.196,11.0,9.0,16.2,1.4,-5.7,86.4,8.0,39.7,3.4,67.9,27.2,24.1,26.6,,,,,,,,,,,,
10072,Demo Hitter 072,2008,25,Hitter,1B,3.1,136.9,131.0,0.336,0.414,0.206,27.0,8.0,21.8,-1.2,12.1,91.7,10.8,46.2,15.0,71.4,29.2,19.8,25.7,,,,,,,,,,,,
10072,Demo Hitter 072,2009,26,Hitter,1B,5.22,161.5,149.8,0.389,0.533,0.245,31.0,11.3,19.4,-3.7,-12.7,92.4,9.0,41.7,15.5,69.7,23.3,23.8,26.7,,,,,,,,,,,,
10072,Demo Hitter 072,2010,27,Hitter,1B,2.9,141.4,117.9,0.351,0.434,0.188,22.0,8.8,15.6,-3.9,-4.7,86.6,7.7,40.3,15.3,71.0,26.8,25.9,25.9,,,,,,,,,,,,
10072,Demo Hitter 072,2011,28,Hitter,1B,3.41,145.3,134.4,0.357,0.436,0.189,26.0,9.9,23.4,-2.4,2.9,90.2,11.0,40.4,14.0,69.1,33.0,27.7,28.6,,,,,,,,,,,,
10072,Demo Hitter 072,2012,29,Hitter,1B,3.06,136.5,118.2,0.33,0.45,0.203,26.0,10.7,20.5,-0.6,-2.2,89.2,5.9,41.5,13.8,69.1,30.3,18.3,26.0,,,,,,,,,,,,
10072,Demo Hitter 072,2013,30,Hitter,1B,3.19,155.4,125.7,0.362,0.474,0.19,26.0,11.3,23.2,-2.7,-1.5,90.5,12.4,43.3,13.0,72.9,27.9,24.0,27.1,,,,,,,,,,,,
10073,Demo Hitter 073,2013,26,Hitter,SS,3.75,132.9,134.1,0.344,0.467,0.228,33.0,9.5,19.2,-1.4,3.5,87.2,10.8,32.8,12.4,72.3,27.2,17.2,28.5,,,,,,,,,,,,
10073,Demo Hitter 073,2014,27,Hitter,SS,5.36,158.9,148.6,0.384,0.507,0.247,25.0,7.3,18.8,-2.8,0.5,91.0,16.8,50.9,14.5,71.1,27.4,22.0,24.7,,,,,,,,,,,,
10073,Demo Hitter 073,2015,28,Hitter,SS,2.92,142.4,133.6,0.329,0.474,0.203,23.0,9.8,21.5,0.8,6.7,90.6,11.4,39.7,14.4,71.2,25.0,24.2,27.5,,,,,,,,,,,,
10073,Demo Hitter 073,2016,29,Hitter,SS,3.96,135.5,138.0,0.377,0.473,0.203,23.0,11.2,19.3,-1.1,2.5,90.4,12.5,48.9,12.4,72.2,25.2,22.1,26.4,,,,,,,,,,,,
10073,Demo Hitter 073,2017,30,Hitter,SS,3.77,148.2,128.3,0.35,0.488,0.195,30.0,8.6,17.9,1.5,3.6,89.4,11.0,52.7,16.1,70.6,28.5,17.2,28.3,,,,,,,,,,,,
10073,Demo Hitter 073,2018,31,Hitter,SS,3.52,135.0,129.7,0.371,0.471,0.191,33.0,11.8,21.4,-2.9,-2.0,91.7,8.2,44.1,6.0,72.1,25.9,28.6,24.8,,,,,,,,,,,,
10073,Demo Hitter 073,2019,32,Hitter,SS,4.17,131.8,133.3,0.352,0.469,0.233,35.0,11.1,19.8,5.9,-1.0,90.6,13.3,52.4,11.4,71.8,27.5,22.3,26.6,,,,,,,,,,,,
10073,Demo Hitter 073,2020,33,Hitter,SS,3.78,152.3,124.9,0.347,0.473,0.194,21.0,8.6,17.1,4.8,-2.8,89.7,5.0,44.7,8.7,72.8,25.2,22.8,27.3,,,,,,,,,,,,
10074,Demo Hitter 074,2011,27,Hitter,3B,2.34,127.8,130.1,0.342,0.466,0.176,23.0,10.5,23.5,-3.7,4.5,89.6,11.1,43.0,15.5,69.6,24.7,20.5,25.2,,,,,,,,,,,,
10074,Demo Hitter 074,2012,28,Hitter,3B,2.06,123.5,130.0,0.356,0.45,0.212,20.0,11.5,17.5,-0.5,6.6,90.0,8.9,42.0,12.2,69.9,29.0,25.0,27.9,,,,,,,,,,,,
10074,Demo Hitter 074,2013,29,Hitter,3B,1.98,110.5,114.6,0.347,0.47,0.163,29.0,8.7,24.2,2.5,-8.1,88.6,13.0,41.9,10.2,71.1,26.6,25.0,26.2,,,,,,,,,,,,
10074,Demo Hitter 074,2014,30,Hitter,3B,2.7,135.1,119.3,0.328,0.429,0.171,26.0,7.5,19.8,-1.0,-0.2,90.0,12.6,28.9,13.4,71.4,31.2,23.8,26.1,,,,,,,,,,,,
10074,Demo Hitter 074,2015,31,Hitter,3B,1.46,116.0,119.6,0.329,0.429,0.196,17.0,10.1,20.9,1.5,0.1,85.6,7.4,38.0,12.1,69.6,25.3,25.2,25.3,,,,,,,,,,,,
10074,Demo Hitter 074,2016,32,Hitter,3B,1.76,114.6,109.4,0.343,0.439,0.187,27.0,6.8,23.6,-2.1,-2.4,87.0,9.6,42.0,10.2,70.8,27.1,24.1,24.7,,,,,,,,,,,,
10075,Demo Hitter 075,2011,24,Hitter,SS,5.23,154.2,155.2,0.38,0.528,0.252,39.0,14.0,19.7,-0.4,-5.2,89.3,13.5,49.5,13.3,72.1,29.8,19.5,27.9,,,,,,,,,,,,
10075,Demo Hitter 075,2012,25,Hitter,SS,5.27,149.7,156.8,0.361,0.451,0.244,35.0,11.4,23.1,-1.7,-7.7,91.5,12.9,46.2,20.6,73.9,29.6,24.3,27.4,,,,,,,,,,,,
10075,Demo Hitter 075,2013,26,Hitter,SS,5.12,162.6,148.0,0.357,0.469,0.239,29.0,12.7,19.8,-3.7,3.3,90.1,13.8,51.4,14.1,73.7,27.8,24.9,27.1,,,,,,,,,,,,
10075,Demo Hitter 075,2014,27,Hitter,SS,5.93,164.0,161.0,0.388,0.534,0.221,32.0,12.7,13.5,3.0,11.8,93.3,11.5,49.8,17.7,72.0,28.1,15.1,28.8,,,,,,,,,,,,
10075,Demo Hitter 075,2015,28,Hitter,SS,4.91,153.9,165.0,0.368,0.537,0.245,33.0,12.5,16.6,0.7,3.4,90.9,12.9,48.8,5.5,72.0,29.7,23.5,27.2,,,,,,,,,,,,
10076,Demo Hitter 076,2020,20,Hitter,1B,3.95,145.3,142.6,0.354,0.443,0.228,30.0,13.5,23.7,-0.3,5.2,91.9,16.5,38.1,8.3,69.0,22.2,17.3,27.1,,,,,,,,,,,,
10076,Demo Hitter 076,2021,21,Hitter,1B,5.15,154.7,157.6,0.376,0.479,0.249,35.0,10.1,18.2,0.7,0.8,91.2,14.0,47.0,16.0,73.3,28.8,17.7,27.0,,,,,,,,,,,,
10076,Demo Hitter 076,2022,22,Hitter,1B,5.85,173.6,154.3,0.364,0.499,0.246,41.0,13.4,20.0,0.7,3.5,91.1,16.2,51.0,17.7,74.6,28.0,22.6,27.4,,,,,,,,,,,,
10076,Demo Hitter 076,2023,23,Hitter,1B,5.41,154.3,161.2,0.332,0.493,0.227,30.0,13.6,16.2,0.3,5.5,89.4,11.9,47.3,1.5,72.7,29.9,20.2,25.9,,,,,,,,,,,,
10076,Demo Hitter 076,2024,24,Hitter,1B,4.54,135.8,149.9,0.384,0.485,0.196,35.0,11.0,25.0,-2.4,8.1,89.6,17.4,43.6,18.3,74.1,25.9,22.6,27.6,,,,,,,,,,,,
10076,Demo Hitter 076,2025,25,Hitter,1B,5.98,160.8,158.0,0.408,0.535,0.265,27.0,12.8,17.5,1.0,-6.4,91.8,12.6,48.6,15.3,75.4,27.6,19.8,27.9,,,,,,,,,,,,
10076,Demo Hitter 076,2026,26,Hitter,1B,4.61,154.5,147.8,0.347,0.443,0.26,40.0,10.6,18.2,0.4,-1.6,91.6,15.1,46.1,18.9,72.1,31.6,20.9,26.8,,,,,,,,,,,,
10077,Demo Hitter 077,2020,23,Hitter,1B,5.21,164.7,145.0,0.358,0.498,0.238,37.0,14.2,17.3,1.6,1.7,91.8,9.2,46.9,13.1,72.5,25.3,16.6,29.3,,,,,,,,,,,,
10077,Demo Hitter 077,2021,24,Hitter,1B,5.39,142.5,162.5,0.361,0.507,0.245,44.0,10.9,15.3,7.8,3.1,90.5,11.2,41.5,13.9,73.2,25.1,21.7,27.0,,,,,,,,,,,,
10077,Demo Hitter 077,2022,25,Hitter,1B,4.38,148.4,143.2,0.333,0.491,0.23,29.0,10.7,22.0,1.5,3.2,89.7,14.8,46.8,19.9,74.0,24.1,22.3,27.8,,,,,,,,,,,,
10077,Demo Hitter 077,2023,26,Hitter,1B,5.67,171.2,145.0,0.377,0.491,0.24,41.0,12.4,15.2,-5.3,-3.6,90.5,14.9,57.5,12.9,71.6,24.5,19.6,27.0,,,,,,,,,,,,
10077,Demo Hitter 077,2024,27,Hitter,1B,5.73,174.5,163.4,0.369,0.493,0.179,49.0,11.4,22.6,-3.0,2.4,90.1,12.0,40.5,15.7,71.3,29.6,23.8,26.4,,,,,,,,,,,,
10078,Demo Hitter 078,2012,21,Hitter,LF,2.06,125.4,120.3,0.304,0.432,0.22,16.0,11.0,22.7,2.9,-1.2,84.8,4.4,35.4,17.6,72.9,31.1,25.5,25.7,,,,,,,,,,,,
10078,Demo Hitter 078,2013,22,Hitter,LF,3.18,129.5,136.7,0.34,0.441,0.222,21.0,8.1,20.2,2.3,-5.2,87.3,14.1,38.4,15.0,71.4,26.7,23.5,27.3,,,,,,,,,,,,
10078,Demo Hitter 078,2014,23,Hitter,LF,2.84,129.6,126.5,0.327,0.467,0.196,28.0,13.0,17.3,0.6,3.8,88.7,15.2,41.0,11.8,71.3,28.9,18.7,27.1,,,,,,,,,,,,
10078,Demo Hitter 078,2015,24,Hitter,LF,3.27,135.6,111.3,0.317,0.481,0.223,21.0,11.7,18.1,1.8,-2.4,90.3,9.2,41.1,8.0,72.0,35.6,24.5,29.8,,,,,,,,,,,,
10078,Demo Hitter 078,2016,25,Hitter,LF,3.2,136.1,136.7,0.347,0.515,0.216,26.0,8.4,17.9,3.1,1.0,93.0,12.1,38.7,12.1,71.8,31.9,23.6,26.9,,,,,,,,,,,,
10078,Demo Hitter 078,2017,26,Hitter,LF,3.66,132.6,128.2,0.33,0.475,0.224,31.0,11.1,16.1,-1.8,-9.1,88.7,12.9,49.8,10.4,71.9,24.6,19.7,29.9,,,,,,,,,,,,
10078,Demo Hitter 078,2018,27,Hitter,LF,3.42,136.3,139.0,0.341,0.437,0.236,17.0,10.3,18.6,1.2,-0.8,92.7,7.8,45.5,13.7,70.6,35.3,19.9,25.8,,,,,,,,,,,,
10079,Demo Hitter 079,2015,22,Hitter,DH,4.06,140.3,140.6,0.365,0.452,0.21,21.0,12.8,23.8,-2.2,6.5,89.7,13.5,43.3,11.0,71.4,24.7,20.3,25.8,,,,,,,,,,,,
10079,Demo Hitter 079,2016,23,Hitter,DH,4.82,151.7,150.7,0.365,0.502,0.233,41.0,10.6,20.0,2.4,5.7,92.0,16.2,51.4,17.2,73.0,23.7,18.5,26.1,,,,,,,,,,,,
10079,Demo Hitter 079,2017,24,Hitter,DH,4.17,159.9,147.9,0.342,0.515,0.219,27.0,9.9,25.3,-2.0,-4.4,88.1,11.8,46.3,3.6,74.2,26.4,24.3,25.3,,,,,,,,,,,,
10079,Demo Hitter 079,2018,25,Hitter,DH,4.02,151.7,139.9,0.35,0.514,0.258,24.0,10.5,23.3,2.2,-3.7,92.0,13.8,50.6,13.8,69.9,33.1,18.6,27.0,,,,,,,,,,,,
10079,Demo Hitter 079,2019,26,Hitter,DH,4.37,144.6,154.0,0.342,0.448,0.213,26.0,10.4,19.8,-0.5,1.5,90.7,11.4,46.3,18.3,71.4,25.7,23.3,24.8,,,,,,,,,,,,
10079,Demo Hitter 079,2020,27,Hitter,DH,4.58,150.2,138.9,0.329,0.503,0.24,26.0,13.6,14.6,4.1,4.0,89.7,9.6,51.9,10.4,69.8,32.6,23.9,27.1,,,,,,,,,,,,
10079,Demo Hitter 079,2021,28,Hitter,DH,5.1,156.9,151.5,0.337,0.486,0.221,33.0,11.3,20.3,0.6,-3.9,89.1,14.9,48.9,15.8,74.1,24.1,19.0,28.1,,,,,,,,,,,,
10079,Demo Hitter 079,2022,29,Hitter,DH,4.53,153.4,136.8,0.35,0.45,0.212,31.0,9.3,18.7,2.8,-3.7,89.9,8.0,46.2,19.2,70.5,25.4,25.2,27.4,,,,,,,,,,,,
10079,Demo Hitter 079,2023,30,Hitter,DH,4.67,147.9,155.9,0.36,0.469,0.236,40.0,9.1,16.4,5.2,8.3,90.4,15.1,42.3,5.5,71.8,29.4,21.0,27.7,,,,,,,,,,,,
10080,Demo Hitter 080,2010,26,Hitter,SS,4.18,160.0,135.1,0.359,0.465,0.23,31.0,11.2,20.3,-1.8,4.6,88.5,8.7,32.8,10.4,73.9,24.3,22.6,25.9,,,,,,,,,,,,
10080,Demo Hitter 080,2011,27,Hitter,SS,3.47,148.2,137.6,0.351,0.455,0.22,34.0,11.0,17.8,0.6,1.5,89.1,10.2,36.2,12.7,67.1,27.6,25.0,26.8,,,,,,,,,,,,
10080,Demo Hitter 080,2012,28,Hitter,SS,4.25,140.6,157.7,0.367,0.452,0.177,32.0,8.7,15.9,1.4,3.1,90.0,11.0,46.5,19.0,70.0,30.9,22.8,29.3,,,,,,,,,,,,
10080,Demo Hitter 080,2013,29,Hitter,SS,2.52,134.4,117.6,0.362,0.455,0.168,30.0,12.8,19.5,0.1,-5.9,89.6,10.3,44.7,15.1,72.0,27.0,20.4,28.4,,,,,,,,,,,,
10080,Demo Hitter 080,2014,30,Hitter,SS,3.99,145.4,136.7,0.371,0.447,0.254,31.0,12.6,23.1,4.2,1.5,87.9,11.1,42.2,19.1,72.2,30.2,21.1,26.3,,,,,,,,,,,,
10081,Demo Hitter 081,2016,22,Hitter,SS,3.65,137.0,137.1,0.357,0.505,0.171,16.0,8.6,23.5,-0.8,2.8,88.8,11.7,49.6,12.2,73.7,29.9,17.4,28.9,,,,,,,,,,,,
10081,Demo Hitter 081,2017,23,Hitter,SS,2.78,127.3,123.8,0.355,0.441,0.234,25.0,9.9,22.6,-0.9,0.1,90.0,12.1,48.5,16.7,71.5,26.8,25.1,28.4,,,,,,,,,,,,
10081,Demo Hitter 081,2018,24,Hitter,SS,2.34,135.7,122.7,0.338,0.431,0.173,23.0,9.4,18.8,1.7,-8.5,91.6,7.7,38.1,17.7,72.7,32.4,29.2,26.6,,,,,,,,,,,,
10081,Demo Hitter 081,2019,25,Hitter,SS,2.72,130.4,141.0,0.33,0.447,0.183,27.0,11.0,24.9,-6.3,2.7,91.0,11.6,39.3,12.1,71.6,27.6,22.7,27.3,,,,,,,,,,,,
10081,Demo Hitter 081,2020,26,Hitter,SS,2.35,132.2,132.2,0.353,0.441,0.205,18.0,11.3,24.7,3.4,-4.0,88.4,12.0,37.3,9.3,71.6,27.9,24.5,29.3,,,,,,,,,,,,
10081,Demo Hitter 081,2021,27,Hitter,SS,3.7,133.8,141.2,0.341,0.508,0.215,26.0,11.4,22.0,-6.3,-3.8,88.5,9.5,44.9,4.3,73.7,32.3,29.2,26.8,,,,,,,,,,,,
10081,Demo Hitter 081,2022,28,Hitter,SS,3.78,138.7,127.7,0.386,0.474,0.217,28.0,12.7,14.8,2.6,2.5,88.5,8.9,36.9,15.0,71.9,28.3,20.7,27.4,,,,,,,,,,,,
10081,Demo Hitter 081,2023,29,Hitter,SS,3.05,125.8,152.1,0.359,0.477,0.199,21.0,12.0,18.6,3.4,1.3,90.1,9.0,42.5,17.8,69.4,29.8,22.2,27.6,,,,,,,,,,,,
10081,Demo Hitter 081,2024,30,Hitter,SS,3.43,144.5,139.4,0.371,0.424,0.208,27.0,9.3,19.5,-4.6,2.0,91.0,10.5,36.5,18.9,71.3,23.6,23.7,23.3,,,,,,,,,,,,
10081,Demo Hitter 081,2025,31,Hitter,SS,2.18,114.0,125.3,0.32,0.474,0.191,19.0,8.6,25.7,-3.3,-0.4,88.8,7.6,38.7,13.5,68.3,30.0,29.3,27.5,,,,,,,,,,,,
10081,Demo Hitter 081,2026,32,Hitter,SS,1.82,125.9,125.0,0.331,0.367,0.18,28.0,7.4,23.6,-1.2,2.8,88.5,8.1,36.5,10.8,74.3,31.0,30.0,27.5,,,,,,,,,,,,
10082,Demo Hitter 082,2017,20,Hitter,CF,4.15,146.5,143.2,0.356,0.479,0.213,19.0,10.0,21.9,-1.4,-8.6,94.1,13.0,41.5,10.2,71.7,34.0,20.3,26.5,,,,,,,,,,,,
10082,Demo Hitter 082,2018,21,Hitter,CF,2.31,124.4,101.8,0.341,0.428,0.16,26.0,7.6,20.4,0.6,0.9,89.1,7.8,45.2,19.3,70.9,32.5,23.6,26.3,,,,,,,,,,,,
10082,Demo Hitter 082,2019,22,Hitter,CF,2.66,149.3,135.5,0.326,0.46,0.183,21.0,10.7,23.3,-3.3,3.1,88.3,8.3,44.3,11.9,73.1,24.9,24.7,30.3,,,,,,,,,,,,
10082,Demo Hitter 082,2020,23,Hitter,CF,3.25,132.5,139.0,0.343,0.48,0.169,23.0,10.3,22.3,-1.2,-2.6,89.7,9.6,39.8,16.3,70.2,33.4,28.5,26.0,,,,,,,,,,,,
10082,Demo Hitter 082,2021,24,Hitter,CF,4.22,151.0,142.4,0.359,0.511,0.244,32.0,9.0,15.0,-0.2,-0.7,92.8,8.2,40.9,10.6,73.2,28.1,23.1,28.8,,,,,,,,,,,,
10082,Demo Hitter 082,2022,25,Hitter,CF,2.63,136.7,116.5,0.364,0.436,0.18,26.0,11.7,19.7,-0.9,-4.2,86.8,5.7,50.2,16.4,72.4,27.8,21.1,25.2,,,,,,,,,,,,
10082,Demo Hitter 082,2023,26,Hitter,CF,3.05,148.6,121.4,0.325,0.495,0.216,19.0,8.8,19.1,0.7,-2.3,85.9,11.2,41.6,15.4,71.7,27.2,22.6,26.2,,,,,,,,,,,,
10083,Demo Hitter 083,2015,26,Hitter,SS,4.61,158.9,152.0,0.363,0.486,0.241,28.0,11.7,18.0,-1.4,7.7,93.4,11.5,41.2,9.0,73.4,26.6,24.2,25.9,,,,,,,,,,,,
10083,Demo Hitter 083,2016,27,Hitter,SS,3.51,133.7,146.5,0.355,0.427,0.239,37.0,6.5,17.8,-0.8,1.5,89.9,9.9,45.8,10.4,69.1,27.1,18.9,27.3,,,,,,,,,,,,
10083,Demo Hitter 083,2017,28,Hitter,SS,5.14,161.7,154.7,0.381,0.545,0.251,34.0,14.1,19.9,-0.8,-5.2,87.5,12.4,44.6,13.0,72.8,32.0,17.9,26.3,,,,,,,,,,,,
10083,Demo Hitter 083,2018,29,Hitter,SS,4.63,142.8,144.0,0.374,0.507,0.212,23.0,13.1,23.2,4.6,-1.3,89.6,12.3,45.5,20.9,70.9,29.2,22.6,27.1,,,,,,,,,,,,
10083,Demo Hitter 083,2019,30,Hitter,SS,3.65,149.5,144.4,0.333,0.453,0.193,26.0,11.1,13.6,-3.7,5.3,92.8,10.3,43.8,21.3,71.6,22.6,25.0,27.9,,,,,,,,,,,,
10083,Demo Hitter 083,2020,31,Hitter,SS,4.59,143.7,159.6,0.345,0.489,0.274,28.0,10.4,21.7,5.7,5.3,90.0,11.9,44.0,18.6,72.3,28.0,29.2,27.2,,,,,,,,,,,,
10083,Demo Hitter 083,2021,32,Hitter,SS,3.85,160.7,113.8,0.353,0.441,0.197,27.0,10.8,23.6,-2.1,3.2,91.9,11.3,44.4,9.4,72.7,21.4,26.1,27.4,,,,,,,,,,,,
10083,Demo Hitter 083,2022,33,Hitter,SS,4.12,142.2,126.8,0.341,0.459,0.183,32.0,11.8,23.7,-4.1,0.2,90.5,12.0,49.1,20.0,70.5,21.8,26.3,26.7,,,,,,,,,,,,
10083,Demo Hitter 083,2023,34,Hitter,SS,2.33,123.8,120.3,0.356,0.415,0.235,26.0,8.3,19.2,-1.5,0.5,88.9,8.5,38.6,12.8,71.9,32.4,20.9,25.8,,,,,,,,,,,,
10083,Demo Hitter 083,2024,35,Hitter,SS,2.48,130.1,132.7,0.345,0.425,0.203,27.0,9.1,23.3,3.8,-8.1,89.7,5.5,37.6,15.5,68.7,32.0,28.2,25.2,,,,,,,,,,,,
10083,Demo Hitter 083,2025,36,Hitter,SS,1.95,117.3,132.6,0.308,0.427,0.196,21.0,8.5,25.1,-1.3,-1.8,89.0,11.0,39.6,9.2,72.8,27.5,24.4,28.2,,,,,,,,,,,,
10083,Demo Hitter 083,2026,37,Hitter,SS,3.92,127.4,134.8,0.344,0.44,0.226,28.0,12.1,22.5,-1.0,-4.9,91.4,12.1,44.2,14.9,69.2,33.1,29.7,27.6,,,,,,,,,,,,
10084,Demo Hitter 084,2008,23,Hitter,1B,3.81,140.6,146.3,0.367,0.442,0.202,24.0,8.5,20.1,1.9,5.1,90.1,11.7,47.8,8.3,71.5,26.0,17.7,23.7,,,,,,,,,,,,
10084,Demo Hitter 084,2009,24,Hitter,1B,2.73,127.5,137.3,0.314,0.454,0.203,30.0,7.9,20.8,-0.2,-2.3,90.4,5.7,44.0,6.4,71.2,25.3,23.2,27.7,,,,,,,,,,,,
10084,Demo Hitter 084,2010,25,Hitter,1B,2.38,126.6,122.1,0.319,0.454,0.196,11.0,8.5,22.9,0.5,3.4,86.2,8.7,37.6,10.9,74.3,29.7,22.7,27.7,,,,,,,,,,,,
10084,Demo Hitter 084,2011,26,Hitter,1B,2.9,146.8,140.4,0.347,0.451,0.213,24.0,8.8,17.5,0.6,-2.8,89.5,8.2,41.6,19.7,69.6,28.1,24.1,27.2,,,,,,,,,,,,
10084,Demo Hitter 084,2012,27,Hitter,1B,2.87,123.4,133.1,0.324,0.427,0.196,31.0,9.2,27.0,-0.2,7.4,87.4,9.4,39.1,14.7,74.7,29.5,25.2,27.4,,,,,,,,,,,,
10084,Demo Hitter 084,2013,28,Hitter,1B,3.52,135.9,135.1,0.348,0.486,0.172,24.0,9.3,19.0,1.1,-1.7,91.4,11.1,48.9,10.4,72.2,31.8,22.6,25.8,,,,,,,,,,,,
10084,Demo Hitter 084,2014,29,Hitter,1B,2.25,117.9,124.8,0.312,0.408,0.186,22.0,8.6,19.3,3.7,-2.8,89.2,7.0,37.5,8.8,72.2,29.5,22.7,26.3,,,,,,,,,,,,
10084,Demo Hitter 084,2015,30,Hitter,1B,2.8,133.7,132.4,0.338,0.449,0.165,24.0,7.7,21.2,0.5,-1.4,90.0,11.0,35.9,11.8,71.1,24.2,21.3,29.2,,,,,,,,,,,,
10084,Demo Hitter 084,2016,31,Hitter,1B,2.41,130.0,120.5,0.321,0.443,0.157,22.0,9.5,22.0,-1.3,-3.0,89.0,9.0,44.7,15.7,70.2,26.7,25.3,25.3,,,,,,,,,,,,
10085,Demo Hitter 085,2016,27,Hitter,SS,1.85,139.7,120.8,0.328,0.421,0.199,20.0,10.3,21.3,1.7,-4.5,89.2,9.3,43.3,10.0,71.8,31.4,26.9,28.2,,,,,,,,,,,,
10085,Demo Hitter 085,2017,28,Hitter,SS,1.95,101.6,121.5,0.338,0.455,0.186,20.0,7.3,24.1,-1.0,-2.1,90.7,5.7,35.6,8.6,72.0,27.7,21.6,28.4,,,,,,,,,,,,
10085,Demo Hitter 085,2018,29,Hitter,SS,1.96,114.2,123.4,0.341,0.42,0.159,27.0,8.2,22.7,3.0,-2.1,88.9,6.7,37.7,8.5,71.6,34.7,27.5,26.7,,,,,,,,,,,,
10085,Demo Hitter 085,2019,30,Hitter,SS,1.74,127.4,123.3,0.345,0.403,0.178,25.0,11.7,23.8,-2.1,2.0,84.5,9.5,38.5,17.5,71.0,34.1,29.8,26.6,,,,,,,,,,,,
10085,Demo Hitter 085,2020,31,Hitter,SS,1.74,116.5,111.0,0.339,0.375,0.174,27.0,9.3,24.3,-3.4,-8.6,88.5,8.5,38.2,12.6,73.7,29.3,25.5,27.0,,,,,,,,,,,,
10085,Demo Hitter 085,2021,32,Hitter,SS,0.84,106.3,111.7,0.355,0.396,0.16,18.0,8.3,25.2,4.6,2.3,91.1,9.0,33.2,10.4,70.5,33.5,21.5,27.9,,,,,,,,,,,,
10086,Demo Hitter 086,2017,24,Hitter,SS,4.98,143.1,156.8,0.376,0.489,0.234,28.0,10.2,22.5,2.1,0.8,90.6,12.6,42.2,6.9,70.6,24.9,22.5,27.8,,,,,,,,,,,,
10086,Demo Hitter 086,2018,25,Hitter,SS,4.76,169.2,138.1,0.354,0.49,0.239,24.0,12.6,18.0,-0.8,4.0,88.9,12.4,46.4,13.3,70.8,22.2,20.7,26.6,,,,,,,,,,,,
10086,Demo Hitter 086,2019,26,Hitter,SS,5.63,157.5,149.7,0.373,0.512,0.252,42.0,12.1,19.8,-2.1,3.5,92.7,13.3,45.7,13.9,72.4,24.6,15.7,28.6,,,,,,,,,,,,
10086,Demo Hitter 086,2020,27,Hitter,SS,5.41,178.0,156.7,0.366,0.464,0.219,37.0,12.4,22.6,3.2,1.6,93.7,14.2,50.1,9.9,73.6,28.9,18.5,27.7,,,,,,,,,,,,
10086,Demo Hitter 086,2021,28,Hitter,SS,4.85,159.4,141.2,0.37,0.505,0.204,35.0,10.4,17.5,-2.3,-1.8,92.0,14.6,42.6,14.0,73.5,28.6,23.2,27.5,,,,,,,,,,,,
10086,Demo Hitter 086,2022,29,Hitter,SS,4.49,153.2,141.4,0.337,0.454,0.207,29.0,9.7,26.1,0.6,-0.7,91.0,10.3,45.6,13.4,73.1,24.2,27.4,27.1,,,,,,,,,,,,
10086,Demo Hitter 086,2023,30,Hitter,SS,3.75,142.8,143.4,0.331,0.477,0.215,29.0,13.3,23.6,2.2,-3.1,89.2,8.5,40.5,12.5,70.5,31.5,24.9,28.5,,,,,,,,,,,,
10087,Demo Hitter 087,2021,26,Hitter,C,5.6,166.2,143.5,0.371,0.487,0.248,29.0,11.2,22.5,1.8,1.8,91.0,18.7,44.3,10.5,71.8,26.2,22.2,27.0,,,,,,,,,,,,
10087,Demo Hitter 087,2022,27,Hitter,C,6.82,169.1,169.5,0.379,0.568,0.283,43.0,17.0,15.6,0.4,3.6,93.4,11.5,49.2,17.0,75.7,23.3,24.4,27.0,,,,,,,,,,,,
10087,Demo Hitter 087,2023,28,Hitter,C,5.74,172.5,157.8,0.384,0.571,0.267,35.0,13.3,17.9,1.4,-1.9,90.4,10.9,50.4,10.9,73.4,24.7,26.3,25.5,,,,,,,,,,,,
10087,Demo Hitter 087,2024,29,Hitter,C,6.82,178.0,171.4,0.382,0.529,0.25,34.0,11.7,17.6,1.1,7.9,92.7,15.1,46.8,9.4,76.2,30.7,26.7,28.7,,,,,,,,,,,,
10087,Demo Hitter 087,2025,30,Hitter,C,5.3,166.2,136.5,0.384,0.481,0.261,35.0,12.0,20.7,0.2,-9.7,93.1,11.4,52.7,12.2,71.9,28.2,24.8,29.0,,,,,,,,,,,,
10087,Demo Hitter 087,2026,31,Hitter,C,6.42,168.7,150.8,0.4,0.543,0.247,49.0,14.6,18.3,0.4,-3.6,91.5,18.0,50.8,9.1,71.6,22.8,25.3,26.1,,,,,,,,,,,,
10088,Demo Hitter 088,2017,22,Hitter,3B,4.53,159.0,135.4,0.343,0.474,0.24,29.0,6.6,20.4,-0.5,-2.1,89.2,13.8,38.3,12.0,71.3,29.2,25.1,28.7,,,,,,,,,,,,
10088,Demo Hitter 088,2018,23,Hitter,3B,4.55,138.5,143.2,0.364,0.526,0.235,35.0,11.0,17.2,2.2,4.5,89.3,13.2,45.7,16.0,74.2,25.0,24.8,25.4,,,,,,,,,,,,
10088,Demo Hitter 088,2019,24,Hitter,3B,4.8,152.1,158.8,0.361,0.47,0.206,29.0,13.3,19.9,3.7,-0.2,89.3,13.5,48.1,13.3,71.3,27.5,25.1,29.9,,,,,,,,,,,,
10088,Demo Hitter 088,2020,25,Hitter,3B,6.19,161.4,153.8,0.365,0.535,0.252,35.0,12.5,21.0,-2.7,-11.8,91.3,16.8,55.1,15.4,72.4,26.1,20.9,26.6,,,,,,,,,,,,
10088,Demo Hitter 088,2021,26,Hitter,3B,5.15,155.6,162.6,0.373,0.511,0.254,43.0,13.1,17.9,-0.4,-4.7,90.2,14.5,44.4,8.1,71.9,26.5,21.7,24.7,,,,,,,,,,,,
10088,Demo Hitter 088,2022,27,Hitter,3B,5.15,163.3,141.2,0.363,0.533,0.237,42.0,9.5,21.9,-2.0,-0.2,91.1,14.8,44.8,6.3,73.0,30.3,24.5,24.6,,,,,,,,,,,,
10088,Demo Hitter 088,2023,28,Hitter,3B,5.97,167.3,177.6,0.373,0.545,0.255,35.0,10.6,17.6,-1.5,-7.4,92.2,17.1,46.1,7.8,71.4,25.2,29.0,26.8,,,,,,,,,,,,
10088,Demo Hitter 088,2024,29,Hitter,3B,4.3,164.5,126.6,0.362,0.472,0.229,38.0,9.9,18.3,-1.4,2.7,92.1,11.8,44.8,23.9,68.7,28.3,27.6,26.6,,,,,,,,,,,,
10088,Demo Hitter 088,2025,30,Hitter,3B,4.15,148.2,137.1,0.358,0.494,0.231,20.0,9.0,21.0,2.8,9.6,91.1,11.4,48.0,16.7,73.9,25.8,25.6,27.1,,,,,,,,,,,,
10089,Demo Hitter 089,2014,21,Hitter,RF,4.51,148.4,153.7,0.366,0.445,0.247,26.0,7.6,20.7,-1.4,3.2,93.7,10.8,38.8,6.7,74.8,31.4,24.8,27.1,,,,,,,,,,,,
10089,Demo Hitter 089,2015,22,Hitter,RF,4.92,158.3,150.1,0.34,0.452,0.237,33.0,13.8,21.3,-0.3,2.2,92.1,13.9,46.7,17.0,73.2,22.8,22.6,25.9,,,,,,,,,,,,
10089,Demo Hitter 089,2016,23,Hitter,RF,5.09,163.8,151.2,0.377,0.48,0.207,36.0,11.6,19.7,-1.2,-2.5,90.0,13.0,45.6,19.3,74.1,26.8,18.5,28.0,,,,,,,,,,,,
10089,Demo Hitter 089,2017,24,Hitter,RF,5.49,163.4,168.9,0.369,0.514,0.267,35.0,11.4,18.6,-1.6,-6.2,90.0,14.2,43.1,15.2,75.1,22.7,19.2,24.4,,,,,,,,,,,,
10089,Demo Hitter 089,2018,25,Hitter,RF,6.51,171.0,161.6,0.362,0.48,0.252,48.0,10.9,16.9,-0.1,-3.7,94.7,16.0,55.0,10.1,75.4,26.9,26.8,27.8,,,,,,,,,,,,
10089,Demo Hitter 089,2019,26,Hitter,RF,4.72,146.4,144.6,0.364,0.498,0.206,32.0,10.8,17.6,-3.2,0.1,91.0,12.6,46.2,10.8,70.7,31.3,24.4,26.3,,,,,,,,,,,,
10089,Demo Hitter 089,2020,27,Hitter,RF,5.19,160.6,144.5,0.357,0.486,0.258,30.0,12.1,19.5,1.4,-7.2,91.9,12.4,49.3,7.0,75.0,25.7,23.9,27.5,,,,,,,,,,,,
10089,Demo Hitter 089,2021,28,Hitter,RF,5.34,157.6,153.9,0.371,0.455,0.212,37.0,13.4,18.9,0.0,-2.0,89.3,15.8,44.8,7.6,70.3,27.8,19.6,25.2,,,,,,,,,,,,
10089,Demo Hitter 089,2022,29,Hitter,RF,4.76,153.0,152.1,0.378,0.479,0.211,37.0,8.7,24.3,0.1,-2.8,91.2,12.6,50.0,15.0,72.8,25.8,19.2,28.0,,,,,,,,,,,,
10090,Demo Hitter 090,2015,26,Hitter,CF,2.21,128.7,122.1,0.303,0.435,0.205,22.0,8.4,25.3,-2.1,0.3,92.2,5.4,38.4,9.0,68.4,29.0,22.3,28.6,,,,,,,,,,,,
10090,Demo Hitter 090,2016,27,Hitter,CF,2.33,114.0,138.4,0.337,0.43,0.206,16.0,8.2,25.6,0.0,2.3,90.9,7.2,31.3,13.4,72.9,33.6,30.2,27.1,,,,,,,,,,,,
10090,Demo Hitter 090,2017,28,Hitter,CF,1.58,113.9,109.7,0.319,0.453,0.2,21.0,6.8,23.4,-2.3,4.5,86.5,9.0,36.9,10.3,71.2,28.2,27.5,26.8,,,,,,,,,,,,
10090,Demo Hitter 090,2018,29,Hitter,CF,2.86,136.7,131.4,0.358,0.421,0.201,24.0,9.0,23.0,5.8,1.8,90.4,9.8,35.0,13.4,72.8,29.6,26.7,27.0,,,,,,,,,,,,
10090,Demo Hitter 090,2019,30,Hitter,CF,2.89,133.8,150.5,0.33,0.432,0.194,12.0,8.1,20.0,1.4,9.2,91.9,10.7,34.3,18.0,69.4,28.7,19.4,26.2,,,,,,,,,,,,
10090,Demo Hitter 090,2020,31,Hitter,CF,1.45,114.3,108.1,0.331,0.43,0.173,25.0,9.5,22.7,-1.1,-0.4,86.5,10.8,38.5,18.0,71.1,25.0,26.5,26.3,,,,,,,,,,,,
10090,Demo Hitter 090,2021,32,Hitter,CF,1.93,123.6,127.4,0.351,0.425,0.197,18.0,8.3,19.8,3.8,4.5,90.1,7.0,36.3,14.1,70.3,36.8,22.7,27.5,,,,,,,,,,,,
10091,Demo Hitter 091,2021,22,Hitter,RF,4.89,140.8,144.1,0.378,0.479,0.22,33.0,13.9,14.6,-0.6,0.3,90.4,17.4,45.5,20.9,73.0,28.3,24.8,26.2,,,,,,,,,,,,
10091,Demo Hitter 091,2022,23,Hitter,RF,4.46,139.7,141.1,0.374,0.51,0.254,28.0,10.3,22.7,-3.9,5.4,90.1,12.4,51.9,16.8,71.1,28.1,17.9,26.9,,,,,,,,,,,,
10091,Demo Hitter 091,2023,24,Hitter,RF,3.6,139.2,134.8,0.359,0.48,0.2,30.0,9.3,15.0,-2.3,-2.6,89.6,13.0,38.2,14.7,71.7,27.2,20.9,27.2,,,,,,,,,,,,
10091,Demo Hitter 091,2024,25,Hitter,RF,5.09,156.9,126.5,0.383,0.468,0.228,35.0,13.8,18.6,0.4,6.1,92.3,12.8,54.2,9.7,70.5,31.7,18.2,27.2,,,,,,,,,,,,
10091,Demo Hitter 091,2025,26,Hitter,RF,4.89,150.4,143.1,0.342,0.497,0.234,38.0,12.3,21.3,-1.0,2.6,91.0,14.9,48.4,11.2,70.8,26.2,23.4,26.1,,,,,,,,,,,,
10091,Demo Hitter 091,2026,27,Hitter,RF,4.11,150.8,142.2,0.347,0.556,0.219,27.0,12.9,24.2,-0.2,5.3,88.7,8.9,49.2,2.2,73.1,25.8,24.6,28.3,,,,,,,,,,,,
10092,Demo Hitter 092,2016,23,Hitter,C,4.7,148.0,152.2,0.367,0.496,0.231,31.0,9.2,16.1,-3.2,5.9,87.6,11.0,54.0,16.1,74.6,26.2,19.5,27.3,,,,,,,,,,,,
10092,Demo Hitter 092,2017,24,Hitter,C,3.07,128.4,122.0,0.363,0.49,0.216,31.0,14.1,17.5,-0.7,-0.3,88.9,10.4,42.8,10.5,72.5,28.2,18.1,27.3,,,,,,,,,,,,
10092,Demo Hitter 092,2018,25,Hitter,C,4.09,140.6,135.6,0.335,0.487,0.204,31.0,10.3,17.4,0.7,12.7,90.2,11.1,43.1,15.7,73.1,20.4,19.2,27.4,,,,,,,,,,,,
10092,Demo Hitter 092,2019,26,Hitter,C,3.88,146.5,134.5,0.356,0.439,0.229,30.0,11.5,20.8,-1.1,2.5,87.9,11.2,43.2,14.5,72.8,27.2,28.1,26.7,,,,,,,,,,,,
10093,Demo Hitter 093,2009,20,Hitter,1B,3.8,145.9,133.1,0.323,0.508,0.219,31.0,11.6,18.7,1.7,-1.3,92.3,9.8,41.5,7.8,73.8,29.1,28.4,26.9,,,,,,,,,,,,
10093,Demo Hitter 093,2010,21,Hitter,1B,4.04,134.2,138.2,0.369,0.505,0.2,30.0,11.0,21.2,6.7,-0.0,91.0,13.7,44.0,14.5,72.8,34.8,25.6,25.7,,,,,,,,,,,,
10093,Demo Hitter 093,2011,22,Hitter,1B,3.57,137.9,139.4,0.348,0.477,0.219,28.0,8.9,18.2,-1.9,0.7,90.7,10.9,40.7,9.8,73.9,27.5,19.8,28.0,,,,,,,,,,,,
10093,Demo Hitter 093,2012,23,Hitter,1B,3.8,159.1,139.9,0.388,0.484,0.199,29.0,9.0,20.1,-3.9,-14.3,88.8,9.4,40.9,18.6,70.4,30.6,24.0,27.8,,,,,,,,,,,,
10093,Demo Hitter 093,2013,24,Hitter,1B,4.14,151.7,130.7,0.35,0.475,0.201,21.0,12.0,20.8,-1.3,-2.4,91.9,10.3,50.4,21.6,73.9,27.8,17.4,25.6,,,,,,,,,,,,
10093,Demo Hitter 093,2014,25,Hitter,1B,3.85,140.9,142.4,0.371,0.466,0.221,29.0,10.7,21.0,-2.5,-9.8,90.9,11.4,45.1,14.7,74.5,29.3,23.5,28.1,,,,,,,,,,,,
10093,Demo Hitter 093,2015,26,Hitter,1B,3.97,134.7,145.4,0.363,0.466,0.2,28.0,9.4,23.6,1.5,-10.0,92.7,15.3,50.1,20.6,72.2,24.7,24.2,29.2,,,,,,,,,,,,
10093,Demo Hitter 093,2016,27,Hitter,1B,3.6,149.2,142.6,0.371,0.47,0.194,31.0,11.8,27.6,3.2,-5.1,92.0,10.6,40.9,14.9,69.1,32.9,19.8,27.9,,,,,,,,,,,,
10094,Demo Hitter 094,2012,24,Hitter,CF,2.64,127.6,123.4,0.328,0.47,0.23,28.0,8.4,26.7,-3.8,-7.8,89.8,12.2,42.9,17.6,72.1,26.0,28.9,26.9,,,,,,,,,,,,
10094,Demo Hitter 094,2013,25,Hitter,CF,4.46,145.9,141.2,0.338,0.486,0.226,31.0,11.8,15.3,-1.1,-6.9,91.4,9.9,43.4,9.6,73.0,27.5,18.4,26.5,,,,,,,,,,,,
10094,Demo Hitter 094,2014,26,Hitter,CF,3.61,141.0,140.5,0.354,0.5,0.195,21.0,7.5,19.2,0.4,-5.3,91.0,13.9,38.8,5.6,74.1,25.9,24.9,26.2,,,,,,,,,,,,
10094,Demo Hitter 094,2015,27,Hitter,CF,2.27,127.1,113.6,0.322,0.483,0.172,21.0,10.9,17.5,1.2,7.5,89.4,10.5,44.3,4.0,68.1,30.5,22.1,27.1,,,,,,,,,,,,
10094,Demo Hitter 094,2016,28,Hitter,CF,4.64,148.2,155.2,0.353,0.454,0.193,34.0,8.2,21.5,-1.2,-1.5,89.5,9.0,44.2,13.2,70.8,24.1,21.3,28.1,,,,,,,,,,,,
10094,Demo Hitter 094,2017,29,Hitter,CF,4.04,141.3,131.1,0.356,0.496,0.212,16.0,7.5,24.3,3.7,0.9,89.6,15.7,43.5,16.6,68.6,27.7,28.8,27.3,,,,,,,,,,,,
10094,Demo Hitter 094,2018,30,Hitter,CF,4.71,138.7,154.5,0.357,0.483,0.258,32.0,12.1,23.8,3.4,-3.1,89.5,12.7,50.3,14.7,75.5,20.3,19.8,25.6,,,,,,,,,,,,
10095,Demo Hitter 095,2019,27,Hitter,2B,4.05,145.6,146.7,0.345,0.458,0.205,33.0,9.5,26.9,4.4,-1.9,86.2,14.6,39.7,11.5,70.7,31.5,19.9,24.7,,,,,,,,,,,,
10095,Demo Hitter 095,2020,28,Hitter,2B,4.15,158.7,139.7,0.366,0.428,0.211,28.0,13.3,14.1,0.8,-0.8,88.3,15.0,39.6,9.5,72.2,28.0,24.8,25.8,,,,,,,,,,,,
10095,Demo Hitter 095,2021,29,Hitter,2B,2.81,132.3,134.1,0.37,0.446,0.236,19.0,8.7,19.4,-1.4,-1.9,87.4,12.2,50.4,17.7,73.4,33.6,23.8,27.9,,,,,,,,,,,,
10095,Demo Hitter 095,2022,30,Hitter,2B,2.57,124.9,127.5,0.336,0.454,0.176,33.0,9.4,21.6,-1.5,-1.9,89.3,11.8,32.3,11.9,73.0,28.0,24.5,27.1,,,,,,,,,,,,
10095,Demo Hitter 095,2023,31,Hitter,2B,3.21,133.3,153.7,0.38,0.437,0.242,18.0,10.9,22.6,-4.7,1.2,90.7,11.8,40.6,14.3,70.9,28.6,21.5,24.8,,,,,,,,,,,,
10095,Demo Hitter 095,2024,32,Hitter,2B,2.91,121.9,126.3,0.323,0.461,0.181,34.0,9.9,22.0,-3.4,-2.3,87.8,10.9,42.2,3.2,73.2,25.3,22.1,26.2,,,,,,,,,,,,
10095,Demo Hitter 095,2025,33,Hitter,2B,1.93,118.4,113.0,0.321,0.46,0.161,17.0,12.0,23.6,-2.8,-0.4,89.1,10.6,49.5,14.9,69.4,29.7,22.9,29.6,,,,,,,,,,,,
10096,Demo Hitter 096,2012,24,Hitter,2B,1.9,107.4,113.9,0.347,0.388,0.177,22.0,8.1,19.9,-5.9,-2.6,86.0,8.5,40.4,5.5,71.3,27.5,22.9,26.7,,,,,,,,,,,,
10096,Demo Hitter 096,2013,25,Hitter,2B,1.61,115.8,110.2,0.343,0.467,0.131,25.0,10.6,22.5,-5.7,9.2,90.1,6.9,30.6,7.4,74.1,33.5,23.5,28.1,,,,,,,,,,,,
10096,Demo Hitter 096,2014,26,Hitter,2B,1.55,114.0,116.3,0.317,0.406,0.195,23.0,7.7,26.2,3.7,0.7,88.8,6.7,35.7,8.9,70.6,29.0,17.2,26.7,,,,,,,,,,,,
10096,Demo Hitter 096,2015,27,Hitter,2B,2.01,135.2,137.0,0.351,0.443,0.2,18.0,10.7,18.5,-1.2,-6.1,89.4,7.7,43.4,16.5,70.9,29.9,20.9,29.5,,,,,,,,,,,,
10096,Demo Hitter 096,2016,28,Hitter,2B,1.66,118.7,128.3,0.354,0.43,0.181,25.0,11.5,21.9,0.5,2.8,85.0,6.8,41.2,8.3,71.7,27.7,25.3,27.1,,,,,,,,,,,,
10096,Demo Hitter 096,2017,29,Hitter,2B,0.27,112.6,106.6,0.364,0.362,0.153,7.0,9.0,22.4,0.9,2.1,87.1,9.4,38.3,8.6,68.5,25.7,22.2,27.8,,,,,,,,,,,,
10096,Demo Hitter 096,2018,30,Hitter,2B,2.22,102.9,121.9,0.307,0.438,0.177,25.0,7.2,22.1,-0.0,4.8,86.4,11.7,46.2,17.0,72.5,27.7,20.1,28.6,,,,,,,,,,,,
10096,Demo Hitter 096,2019,31,Hitter,2B,1.22,120.7,97.0,0.34,0.372,0.15,22.0,7.8,18.2,-1.5,-4.3,88.6,6.8,37.5,11.3,70.5,30.6,24.7,27.5,,,,,,,,,,,,
10097,Demo Hitter 097,2016,27,Hitter,LF,5.65,148.8,161.5,0.372,0.544,0.259,38.0,9.7,16.3,0.2,-3.4,94.1,17.4,44.8,12.7,72.2,25.5,18.4,26.5,,,,,,,,,,,,
10097,Demo Hitter 097,2017,28,Hitter,LF,5.35,147.9,155.0,0.395,0.52,0.255,49.0,10.1,20.4,-2.7,1.2,90.9,13.2,54.5,15.1,72.2,29.0,24.5,27.1,,,,,,,,,,,,
10097,Demo Hitter 097,2018,29,Hitter,LF,3.79,141.0,133.6,0.363,0.428,0.185,28.0,9.9,28.2,-4.5,-6.3,91.7,9.7,38.9,5.5,70.4,32.5,26.8,25.9,,,,,,,,,,,,
10097,Demo Hitter 097,2019,30,Hitter,LF,4.91,145.9,140.7,0.368,0.505,0.227,25.0,13.3,16.1,0.5,3.2,89.7,12.5,40.3,6.0,74.9,24.2,23.3,27.2,,,,,,,,,,,,
10097,Demo Hitter 097,2020,31,Hitter,LF,4.6,163.1,149.5,0.371,0.497,0.211,34.0,14.0,16.6,-0.7,-2.9,90.2,12.0,47.1,8.1,72.3,26.5,15.2,28.6,,,,,,,,,,,,
10097,Demo Hitter 097,2021,32,Hitter,LF,4.26,163.3,139.4,0.368,0.496,0.223,42.0,10.4,19.3,0.2,7.6,91.0,12.3,48.8,9.0,72.9,25.0,26.9,26.4,,,,,,,,,,,,
10097,Demo Hitter 097,2022,33,Hitter,LF,4.18,149.2,156.3,0.349,0.476,0.239,24.0,10.8,21.5,-1.9,0.5,88.0,12.8,47.7,15.3,71.7,33.1,19.6,24.9,,,,,,,,,,,,
10098,Demo Hitter 098,2015,24,Hitter,LF,3.71,134.1,128.2,0.367,0.433,0.247,34.0,9.0,25.8,3.9,-6.6,90.7,7.0,41.9,11.3,70.4,27.2,28.6,28.8,,,,,,,,,,,,
10098,Demo Hitter 098,2016,25,Hitter,LF,3.91,152.9,126.6,0.353,0.483,0.204,28.0,9.6,23.3,3.2,4.2,91.3,11.3,54.3,10.0,75.2,28.8,22.9,25.7,,,,,,,,,,,,
10098,Demo Hitter 098,2017,26,Hitter,LF,2.7,131.9,119.8,0.32,0.447,0.197,25.0,7.3,26.4,3.3,6.8,88.8,9.6,52.4,11.5,70.1,24.5,25.6,28.2,,,,,,,,,,,,
10098,Demo Hitter 098,2018,27,Hitter,LF,5.34,160.6,160.8,0.361,0.495,0.214,28.0,11.0,23.6,2.4,2.6,92.9,14.3,44.2,9.4,70.1,29.5,23.3,28.0,,,,,,,,,,,,
10098,Demo Hitter 098,2019,28,Hitter,LF,4.18,136.0,134.7,0.356,0.475,0.188,30.0,13.8,19.7,-4.0,5.0,91.7,14.1,41.0,8.3,70.9,25.6,19.5,27.0,,,,,,,,,,,,
10098,Demo Hitter 098,2020,29,Hitter,LF,4.1,152.4,139.2,0.336,0.475,0.238,31.0,14.1,19.1,2.5,1.7,89.6,13.7,51.4,17.7,74.3,30.6,22.5,27.6,,,,,,,,,,,,
10099,Demo Hitter 099,2010,21,Hitter,CF,4.82,144.8,166.9,0.342,0.474,0.249,40.0,14.3,22.3,-0.7,7.9,91.9,15.1,54.1,17.3,72.5,27.2,31.4,26.7,,,,,,,,,,,,
10099,Demo Hitter 099,2011,22,Hitter,CF,4.62,161.3,160.2,0.376,0.49,0.235,35.0,14.5,19.4,-3.0,0.6,91.4,14.6,41.4,12.6,71.3,29.5,17.3,26.7,,,,,,,,,,,,
10099,Demo Hitter 099,2012,23,Hitter,CF,4.14,152.9,139.2,0.378,0.415,0.198,34.0,11.9,20.2,0.3,2.8,89.7,11.1,38.8,8.6,75.2,29.6,24.1,26.6,,,,,,,,,,,,
10099,Demo Hitter 099,2013,24,Hitter,CF,4.98,149.4,144.6,0.376,0.469,0.216,38.0,11.7,19.2,2.9,1.3,89.8,11.3,47.1,7.5,73.7,25.4,17.1,27.2,,,,,,,,,,,,
10099,Demo Hitter 099,2014,25,Hitter,CF,4.52,169.2,151.6,0.383,0.463,0.234,43.0,8.6,19.1,2.0,1.4,88.5,14.4,44.6,16.0,72.5,26.9,27.3,27.1,,,,,,,,,,,,
10099,Demo Hitter 099,2015,26,Hitter,CF,5.03,171.2,143.3,0.369,0.514,0.252,25.0,10.0,23.1,-0.2,-0.3,88.6,16.9,43.1,3.8,74.0,27.9,23.8,25.9,,,,,,,,,,,,
10099,Demo Hitter 099,2016,27,Hitter,CF,6.65,170.4,167.4,0.382,0.586,0.261,37.0,10.9,17.5,0.7,-0.5,94.0,15.8,48.1,10.3,71.5,31.3,23.2,26.4,,,,,,,,,,,,
10100,Demo Hitter 100,2009,26,Hitter,CF,2.78,114.9,127.1,0.343,0.432,0.176,19.0,9.7,23.6,2.7,-1.5,91.0,13.2,34.1,14.2,70.9,33.6,25.1,25.0,,,,,,,,,,,,
10100,Demo Hitter 100,2010,27,Hitter,CF,2.98,143.0,132.0,0.337,0.45,0.18,24.0,9.1,23.3,-1.2,-6.6,88.4,7.9,39.9,12.0,71.3,31.3,23.6,26.2,,,,,,,,,,,,
10100,Demo Hitter 100,2011,28,Hitter,CF,2.44,124.3,129.4,0.335,0.475,0.155,27.0,7.9,24.7,3.6,2.5,90.7,9.0,40.3,12.1,74.1,27.0,29.5,26.1,,,,,,,,,,,,
10100,Demo Hitter 100,2012,29,Hitter,CF,3.16,121.2,141.2,0.363,0.45,0.23,22.0,8.8,18.0,-4.4,1.9,90.0,11.3,40.9,17.0,72.5,29.0,20.7,25.5,,,,,,,,,,,,
10100,Demo Hitter 100,2013,30,Hitter,CF,3.32,127.2,138.8,0.329,0.462,0.226,21.0,8.8,20.1,2.0,-9.0,88.3,14.5,45.1,10.5,69.1,26.6,24.2,25.9,,,,,,,,,,,,
10100,Demo Hitter 100,2014,31,Hitter,CF,2.19,117.4,111.6,0.325,0.433,0.177,23.0,10.1,23.0,-0.4,-4.0,88.4,6.3,30.5,10.0,70.6,31.4,23.0,27.7,,,,,,,,,,,,
10100,Demo Hitter 100,2015,32,Hitter,CF,2.25,132.2,122.3,0.338,0.428,0.189,33.0,9.2,17.5,4.5,-3.9,89.7,6.7,39.8,7.0,72.4,30.6,18.5,24.7,,,,,,,,,,,,
10100,Demo Hitter 100,2016,33,Hitter,CF,0.56,92.9,93.1,0.318,0.39,0.152,20.0,5.0,16.1,1.6,6.5,84.2,5.5,32.3,12.9,68.6,28.3,25.1,27.1,,,,,,,,,,,,
10100,Demo Hitter 100,2017,34,Hitter,CF,0.49,107.9,110.2,0.324,0.376,0.158,17.0,7.6,24.5,2.1,5.1,88.4,5.3,24.2,16.4,70.6,29.4,22.9,27.3,,,,,,,,,,,,
10100,Demo Hitter 100,2018,35,Hitter,CF,0.44,98.1,107.1,0.328,0.428,0.154,18.0,6.1,26.1,0.2,-2.5,86.8,7.1,30.0,14.0,71.0,33.2,26.5,28.9,,,,,,,,,,,,
10101,Demo Hitter 101,2016,22,Hitter,CF,4.39,139.4,143.4,0.347,0.507,0.189,35.0,12.6,20.0,-0.6,7.1,87.9,11.1,45.9,17.0,73.8,29.4,18.8,27.0,,,,,,,,,,,,
10101,Demo Hitter 101,2017,23,Hitter,CF,4.15,149.8,145.3,0.348,0.484,0.191,32.0,10.4,19.1,-4.1,-3.5,91.0,14.9,38.6,15.5,70.6,30.6,20.2,26.1,,,,,,,,,,,,
10101,Demo Hitter 101,2018,24,Hitter,CF,4.12,144.6,137.3,0.357,0.482,0.22,24.0,10.5,20.8,3.4,0.2,88.9,15.9,49.0,7.4,72.5,27.2,24.5,25.7,,,,,,,,,,,,
10101,Demo Hitter 101,2019,25,Hitter,CF,4.42,156.6,148.1,0.35,0.519,0.253,30.0,10.3,19.5,1.0,-12.4,90.3,14.6,39.4,11.4,70.5,28.5,25.4,27.2,,,,,,,,,,,,
10101,Demo Hitter 101,2020,26,Hitter,CF,4.44,150.8,141.7,0.37,0.512,0.226,29.0,11.0,21.0,-0.2,6.4,92.4,10.1,42.1,5.5,73.3,25.6,26.2,25.7,,,,,,,,,,,,
10101,Demo Hitter 101,2021,27,Hitter,CF,4.69,140.6,143.4,0.368,0.5,0.245,29.0,9.8,19.6,0.7,-1.4,89.5,9.3,48.2,14.9,72.1,30.1,23.0,28.3,,,,,,,,,,,,
10101,Demo Hitter 101,2022,28,Hitter,CF,4.66,152.4,141.2,0.359,0.499,0.198,34.0,11.5,18.8,0.9,-8.3,90.6,10.2,42.4,10.1,70.1,29.0,22.3,25.7,,,,,,,,,,,,
10101,Demo Hitter 101,2023,29,Hitter,CF,5.38,165.9,152.8,0.37,0.478,0.281,31.0,8.6,21.0,-2.6,-0.4,92.1,13.9,46.0,15.2,71.4,26.3,24.3,27.1,,,,,,,,,,,,
10101,Demo Hitter 101,2024,30,Hitter,CF,4.98,168.4,138.2,0.37,0.507,0.252,32.0,13.6,18.6,3.9,-0.9,91.5,12.3,50.3,8.2,71.8,24.8,20.0,25.2,,,,,,,,,,,,
10101,Demo Hitter 101,2025,31,Hitter,CF,4.09,146.5,143.0,0.356,0.466,0.208,29.0,10.7,21.6,-3.9,-0.6,89.9,11.7,40.7,18.0,72.0,27.4,21.9,27.7,,,,,,,,,,,,
10102,Demo Hitter 102,2017,26,Hitter,SS,2.61,123.1,132.8,0.333,0.423,0.159,14.0,10.2,22.2,2.8,5.5,90.2,7.1,46.1,14.4,73.3,32.1,23.4,27.1,,,,,,,,,,,,
10102,Demo Hitter 102,2018,27,Hitter,SS,2.93,146.6,133.2,0.337,0.442,0.194,28.0,10.4,23.5,-0.6,-4.8,89.0,7.8,40.3,17.4,71.0,20.6,28.0,25.7,,,,,,,,,,,,
10102,Demo Hitter 102,2019,28,Hitter,SS,2.93,137.8,129.5,0.368,0.482,0.186,21.0,8.0,20.6,2.7,4.8,91.4,10.0,46.3,18.0,70.7,23.7,25.1,26.4,,,,,,,,,,,,
10102,Demo Hitter 102,2020,29,Hitter,SS,2.92,138.5,130.8,0.354,0.445,0.217,20.0,6.9,21.9,0.0,-3.7,90.1,9.9,44.7,10.9,71.3,26.1,21.4,27.6,,,,,,,,,,,,
10102,Demo Hitter 102,2021,30,Hitter,SS,2.42,131.0,128.1,0.338,0.441,0.188,19.0,10.2,22.9,1.9,1.1,87.6,7.3,46.0,7.2,72.2,29.0,23.5,26.5,,,,,,,,,,,,
10102,Demo Hitter 102,2022,31,Hitter,SS,2.51,129.8,112.5,0.342,0.425,0.19,31.0,10.4,17.9,2.6,0.9,89.4,10.3,41.6,15.1,70.8,31.2,25.9,26.0,,,,,,,,,,,,
10102,Demo Hitter 102,2023,32,Hitter,SS,3.15,116.8,133.1,0.383,0.472,0.191,23.0,8.7,25.7,2.2,1.7,89.0,9.2,45.7,13.4,69.5,30.3,23.8,26.4,,,,,,,,,,,,
10102,Demo Hitter 102,2024,33,Hitter,SS,1.8,109.5,121.6,0.32,0.436,0.189,17.0,12.3,22.3,2.0,2.2,88.6,6.3,29.7,13.7,71.2,31.2,21.8,26.1,,,,,,,,,,,,
10102,Demo Hitter 102,2025,34,Hitter,SS,1.82,105.3,124.5,0.351,0.441,0.163,19.0,8.6,19.0,3.6,-4.1,87.0,5.3,36.7,17.3,73.6,33.0,26.4,27.5,,,,,,,,,,,,
10102,Demo Hitter 102,2026,35,Hitter,SS,1.34,114.6,104.8,0.35,0.4,0.173,21.0,8.2,24.9,0.5,2.4,85.4,6.9,38.8,8.5,68.9,30.5,25.8,26.3,,,,,,,,,,,,
10103,Demo Hitter 103,2011,25,Hitter,1B,5.11,162.7,161.2,0.354,0.48,0.233,35.0,10.7,19.6,-2.3,-4.0,91.7,14.9,49.3,14.1,71.6,24.3,21.4,25.5,,,,,,,,,,,,
10103,Demo Hitter 103,2012,26,Hitter,1B,4.3,148.3,130.6,0.369,0.485,0.25,37.0,12.3,17.1,2.2,-3.9,88.7,12.2,41.7,14.7,70.5,28.5,25.1,26.5,,,,,,,,,,,,
10103,Demo Hitter 103,2013,27,Hitter,1B,4.53,146.6,140.7,0.382,0.476,0.204,21.0,12.3,22.3,1.8,3.4,89.4,12.7,51.1,5.6,71.9,27.5,20.8,28.5,,,,,,,,,,,,
10103,Demo Hitter 103,2014,28,Hitter,1B,4.87,164.2,150.0,0.382,0.468,0.193,36.0,11.1,19.4,1.0,0.8,93.3,13.7,53.6,13.1,74.5,25.2,22.5,26.0,,,,,,,,,,,,
10103,Demo Hitter 103,2015,29,Hitter,1B,4.84,150.0,155.4,0.352,0.502,0.196,40.0,11.5,21.5,2.4,8.0,89.7,14.3,48.9,17.2,73.2,26.5,24.0,27.2,,,,,,,,,,,,
10103,Demo Hitter 103,2016,30,Hitter,1B,4.88,142.6,135.8,0.376,0.492,0.223,34.0,10.0,17.3,0.0,7.5,93.2,12.5,42.7,12.9,75.4,27.3,25.7,27.7,,,,,,,,,,,,
10103,Demo Hitter 103,2017,31,Hitter,1B,4.22,129.7,139.5,0.372,0.516,0.203,39.0,11.5,19.1,-1.3,-8.5,92.5,8.5,44.6,7.6,70.9,26.3,24.8,27.4,,,,,,,,,,,,
10103,Demo Hitter 103,2018,32,Hitter,1B,4.26,126.8,153.6,0.385,0.501,0.203,22.0,10.8,19.9,-3.0,1.8,88.1,11.9,43.1,6.7,72.9,29.6,29.7,25.6,,,,,,,,,,,,
10103,Demo Hitter 103,2019,33,Hitter,1B,4.98,158.8,127.0,0.363,0.451,0.208,37.0,10.9,18.8,3.7,0.1,91.2,12.4,43.0,13.9,73.3,25.6,24.2,27.8,,,,,,,,,,,,
10103,Demo Hitter 103,2020,34,Hitter,1B,4.05,153.7,128.7,0.338,0.471,0.176,30.0,11.0,17.6,-0.6,-2.0,91.6,13.5,41.2,20.9,73.4,26.7,19.7,27.0,,,,,,,,,,,,
10103,Demo Hitter 103,2021,35,Hitter,1B,3.23,142.9,135.4,0.359,0.474,0.221,24.0,10.4,17.5,1.8,7.8,85.0,7.3,47.1,20.5,71.6,26.9,21.9,26.7,,,,,,,,,,,,
10104,Demo Hitter 104,2021,25,Hitter,DH,4.37,143.4,140.5,0.354,0.505,0.227,35.0,11.2,19.2,-1.0,5.2,91.1,11.2,46.6,5.3,70.8,34.6,18.8,26.0,,,,,,,,,,,,
10104,Demo Hitter 104,2022,26,Hitter,DH,4.25,165.5,135.1,0.362,0.47,0.195,31.0,12.3,23.9,-6.9,-10.4,88.4,11.3,49.4,11.9,70.9,24.8,23.7,26.5,,,,,,,,,,,,
10104,Demo Hitter 104,2023,27,Hitter,DH,3.98,135.6,150.6,0.345,0.492,0.185,25.0,12.3,19.4,1.5,2.6,88.7,9.2,50.6,12.4,69.2,24.9,18.8,27.5,,,,,,,,,,,,
10104,Demo Hitter 104,2024,28,Hitter,DH,4.16,138.2,143.6,0.373,0.491,0.219,27.0,9.6,20.7,-3.2,-0.7,90.9,14.1,49.1,12.1,71.9,27.0,25.3,26.7,,,,,,,,,,,,
10105,Demo Hitter 105,2021,20,Hitter,SS,3.39,127.5,138.6,0.364,0.491,0.209,30.0,12.7,21.4,-2.3,4.1,88.5,12.3,45.8,9.8,71.8,28.4,26.9,27.5,,,,,,,,,,,,
10105,Demo Hitter 105,2022,21,Hitter,SS,5.63,163.2,152.6,0.37,0.563,0.263,38.0,13.9,16.5,-1.4,0.8,93.1,14.0,52.6,12.5,72.8,29.7,16.4,28.4,,,,,,,,,,,,
10105,Demo Hitter 105,2023,22,Hitter,SS,5.34,161.9,168.9,0.369,0.468,0.228,25.0,13.6,14.6,-5.3,4.2,89.5,14.6,45.3,11.0,74.1,35.1,19.6,27.3,,,,,,,,,,,,
10105,Demo Hitter 105,2024,23,Hitter,SS,5.28,160.6,155.2,0.39,0.543,0.251,40.0,14.4,20.0,0.3,-2.6,92.3,15.1,40.5,11.0,72.4,25.9,27.4,26.0,,,,,,,,,,,,
10106,Demo Hitter 106,2012,22,Hitter,CF,2.3,128.2,122.5,0.329,0.41,0.206,26.0,9.9,20.1,-1.9,7.2,86.2,9.8,42.0,16.4,73.0,29.1,19.6,26.9,,,,,,,,,,,,
10106,Demo Hitter 106,2013,23,Hitter,CF,3.87,145.3,136.9,0.361,0.489,0.225,27.0,7.1,20.9,3.9,6.5,91.8,11.1,41.1,15.1,72.5,28.5,20.7,27.2,,,,,,,,,,,,
10106,Demo Hitter 106,2014,24,Hitter,CF,2.96,128.8,135.1,0.366,0.435,0.23,23.0,8.8,17.0,1.8,-5.8,89.2,8.7,44.5,9.5,72.8,32.2,25.2,26.4,,,,,,,,,,,,
10106,Demo Hitter 106,2015,25,Hitter,CF,3.87,133.2,144.4,0.375,0.469,0.208,35.0,11.7,21.3,1.5,5.7,89.4,10.1,42.9,14.0,71.4,31.9,22.9,23.8,,,,,,,,,,,,
10106,Demo Hitter 106,2016,26,Hitter,CF,3.13,139.1,123.5,0.384,0.463,0.197,37.0,8.4,14.5,0.5,0.9,90.8,7.4,47.5,9.2,70.2,27.7,24.5,24.0,,,,,,,,,,,,
10107,Demo Hitter 107,2016,26,Hitter,C,3.19,144.7,132.1,0.316,0.42,0.214,24.0,9.4,24.6,3.6,0.1,88.5,10.6,37.4,20.3,69.8,30.7,22.9,25.2,,,,,,,,,,,,
10107,Demo Hitter 107,2017,27,Hitter,C,3.64,136.9,139.6,0.361,0.446,0.198,25.0,14.7,16.1,-0.7,-6.1,92.3,12.1,36.4,11.8,72.9,28.4,24.6,27.5,,,,,,,,,,,,
10107,Demo Hitter 107,2018,28,Hitter,C,3.5,136.8,129.9,0.362,0.465,0.223,34.0,10.8,22.9,2.2,-0.6,89.4,9.6,40.4,11.2,74.0,30.5,21.1,28.8,,,,,,,,,,,,
10107,Demo Hitter 107,2019,29,Hitter,C,4.47,161.7,149.5,0.355,0.454,0.225,25.0,8.3,18.5,0.4,4.5,89.9,13.2,38.8,12.8,73.3,26.0,24.5,29.4,,,,,,,,,,,,
10107,Demo Hitter 107,2020,30,Hitter,C,2.86,143.0,133.3,0.327,0.474,0.194,28.0,10.0,15.2,-1.5,-6.5,87.5,10.3,43.6,9.6,70.1,28.9,22.9,26.6,,,,,,,,,,,,
10107,Demo Hitter 107,2021,31,Hitter,C,2.2,141.8,128.5,0.338,0.435,0.166,30.0,9.6,16.4,8.2,-2.3,90.0,7.8,44.2,16.4,71.4,29.6,23.0,26.7,,,,,,,,,,,,
10107,Demo Hitter 107,2022,32,Hitter,C,2.8,146.4,118.3,0.371,0.463,0.208,31.0,11.0,25.7,-2.5,-3.2,88.4,9.9,42.6,15.1,72.2,34.2,27.2,27.5,,,,,,,,,,,,
10107,Demo Hitter 107,2023,33,Hitter,C,2.89,112.2,128.5,0.307,0.411,0.217,24.0,9.2,19.3,2.0,-1.4,88.7,9.0,36.0,7.4,69.7,28.3,25.2,25.0,,,,,,,,,,,,
10107,Demo Hitter 107,2024,34,Hitter,C,2.46,130.0,116.3,0.366,0.45,0.218,13.0,8.3,21.3,1.3,6.6,89.7,9.1,41.6,15.9,73.0,32.1,26.4,28.5,,,,,,,,,,,,
10107,Demo Hitter 107,2025,35,Hitter,C,1.86,123.4,103.4,0.339,0.437,0.195,20.0,7.8,19.4,-4.6,-0.6,87.6,9.1,39.9,14.6,71.4,26.0,26.4,24.7,,,,,,,,,,,,
10107,Demo Hitter 107,2026,36,Hitter,C,2.2,125.5,128.4,0.339,0.398,0.16,25.0,8.1,21.8,2.1,-0.3,88.7,6.9,38.8,16.3,70.1,33.5,26.4,26.9,,,,,,,,,,,,
10108,Demo Hitter 108,2017,27,Hitter,DH,2.22,127.1,110.5,0.332,0.491,0.195,19.0,10.6,21.4,1.5,-3.5,87.5,7.6,37.9,14.4,72.6,27.3,25.2,24.4,,,,,,,,,,,,
10108,Demo Hitter 108,2018,28,Hitter,DH,2.5,125.4,123.0,0.352,0.487,0.194,26.0,8.1,21.2,-2.0,-0.9,89.2,10.0,42.2,14.1,74.0,31.0,23.3,28.1,,,,,,,,,,,,
10108,Demo Hitter 108,2019,29,Hitter,DH,2.91,124.8,141.4,0.335,0.487,0.217,29.0,10.4,21.0,0.4,1.3,91.0,6.2,33.0,13.8,71.0,25.0,24.8,28.5,,,,,,,,,,,,
10108,Demo Hitter 108,2020,30,Hitter,DH,1.37,111.7,106.5,0.338,0.395,0.166,21.0,8.2,22.4,2.4,-3.7,88.1,3.3,40.4,12.5,72.6,30.8,25.7,24.7,,,,,,,,,,,,
10108,Demo Hitter 108,2021,31,Hitter,DH,1.12,109.8,99.9,0.294,0.434,0.163,21.0,5.9,24.2,-1.9,-2.5,86.4,6.7,34.6,12.2,70.6,28.1,23.7,29.0,,,,,,,,,,,,
10109,Demo Hitter 109,2014,22,Hitter,DH,5.03,155.8,139.2,0.342,0.496,0.232,24.0,8.2,21.6,-2.6,-7.1,93.2,9.4,49.0,11.4,73.7,30.5,19.6,27.0,,,,,,,,,,,,
10109,Demo Hitter 109,2015,23,Hitter,DH,4.59,145.4,164.7,0.356,0.537,0.182,34.0,14.5,18.8,-0.9,3.5,90.1,13.8,41.1,13.7,70.4,29.0,22.0,26.5,,,,,,,,,,,,
10109,Demo Hitter 109,2016,24,Hitter,DH,2.93,130.9,144.3,0.324,0.425,0.189,32.0,11.3,26.1,-1.6,-3.0,87.6,12.0,40.5,10.0,71.2,28.9,23.6,26.8,,,,,,,,,,,,
10109,Demo Hitter 109,2017,25,Hitter,DH,3.58,140.8,127.5,0.369,0.501,0.211,23.0,9.6,18.1,-3.1,7.1,91.0,8.9,43.6,11.1,72.2,30.5,23.8,29.1,,,,,,,,,,,,
10109,Demo Hitter 109,2018,26,Hitter,DH,4.12,145.1,150.9,0.363,0.501,0.229,29.0,12.2,17.6,3.1,-0.9,89.6,13.3,42.4,13.4,74.1,27.0,27.8,26.0,,,,,,,,,,,,
10109,Demo Hitter 109,2019,27,Hitter,DH,4.37,134.3,150.6,0.378,0.488,0.22,30.0,10.3,19.7,-1.5,0.8,90.4,14.3,44.7,18.2,71.9,27.0,21.6,27.5,,,,,,,,,,,,
10110,Demo Hitter 110,2009,21,Hitter,C,4.08,150.3,143.8,0.35,0.499,0.252,39.0,9.9,21.8,-3.7,1.9,90.0,10.1,52.1,10.7,73.9,28.1,22.8,26.2,,,,,,,,,,,,
10110,Demo Hitter 110,2010,22,Hitter,C,4.79,162.7,145.7,0.372,0.504,0.227,40.0,16.3,19.7,-0.2,-8.1,92.1,14.3,43.5,15.2,72.4,28.9,23.7,28.2,,,,,,,,,,,,
10110,Demo Hitter 110,2011,23,Hitter,C,4.14,142.9,143.0,0.342,0.466,0.252,26.0,12.6,16.5,0.5,3.3,87.9,13.4,38.9,14.1,70.7,29.9,26.3,28.9,,,,,,,,,,,,
10110,Demo Hitter 110,2012,24,Hitter,C,4.82,150.0,162.1,0.366,0.525,0.246,32.0,9.8,19.8,0.2,-1.1,88.5,15.8,43.4,11.0,73.8,26.7,25.2,29.1,,,,,,,,,,,,
10110,Demo Hitter 110,2013,25,Hitter,C,4.64,149.0,140.8,0.361,0.452,0.228,43.0,8.8,13.0,-4.4,-10.8,89.5,14.7,47.4,19.3,71.2,22.9,22.8,24.4,,,,,,,,,,,,
10110,Demo Hitter 110,2014,26,Hitter,C,4.53,149.9,127.6,0.351,0.478,0.215,34.0,11.3,20.7,-0.1,6.2,90.7,11.7,46.0,17.7,72.0,29.8,20.0,26.6,,,,,,,,,,,,
10110,Demo Hitter 110,2015,27,Hitter,C,3.94,151.7,133.9,0.354,0.533,0.233,35.0,9.9,22.0,-2.1,-4.0,88.0,13.1,39.7,19.9,74.4,27.6,22.7,27.1,,,,,,,,,,,,
10110,Demo Hitter 110,2016,28,Hitter,C,4.31,141.2,158.2,0.35,0.511,0.225,21.0,12.2,19.5,0.9,-1.7,91.4,14.4,43.2,13.0,72.9,26.6,18.7,27.6,,,,,,,,,,,,
10110,Demo Hitter 110,2017,29,Hitter,C,3.95,149.2,135.5,0.34,0.464,0.205,25.0,10.1,26.0,-1.1,5.1,90.8,16.5,46.9,7.1,71.3,27.4,20.8,27.5,,,,,,,,,,,,
10110,Demo Hitter 110,2018,30,Hitter,C,4.89,162.4,149.4,0.383,0.497,0.235,28.0,9.7,19.7,0.1,1.6,92.2,17.0,51.4,9.3,70.5,23.4,22.5,26.8,,,,,,,,,,,,
10110,Demo Hitter 110,2019,31,Hitter,C,4.36,151.7,147.2,0.346,0.473,0.23,34.0,8.5,20.6,-3.5,1.2,88.1,12.9,46.2,11.8,73.5,21.9,25.8,28.6,,,,,,,,,,,,
10110,Demo Hitter 110,2020,32,Hitter,C,4.97,165.9,141.7,0.366,0.504,0.195,28.0,12.4,15.6,-2.2,9.6,90.0,11.3,46.6,13.1,74.6,26.7,20.7,28.8,,,,,,,,,,,,
10111,Demo Hitter 111,2017,24,Hitter,DH,3.22,138.4,141.0,0.351,0.46,0.208,23.0,12.0,21.8,2.0,-1.4,88.3,9.9,40.5,10.2,71.3,25.1,27.1,27.7,,,,,,,,,,,,
10111,Demo Hitter 111,2018,25,Hitter,DH,4.05,150.6,143.0,0.364,0.444,0.218,35.0,14.3,25.5,2.0,-2.3,89.4,11.2,51.2,16.0,73.8,23.0,26.8,26.9,,,,,,,,,,,,
10111,Demo Hitter 111,2019,26,Hitter,DH,2.39,123.4,131.5,0.327,0.469,0.19,22.0,10.3,22.0,0.0,1.5,87.0,10.1,41.6,12.7,71.4,29.3,21.2,26.1,,,,,,,,,,,,
10111,Demo Hitter 111,2020,27,Hitter,DH,4.3,134.3,138.1,0.355,0.453,0.233,28.0,9.2,20.3,1.2,-4.8,89.1,10.0,41.0,14.8,71.3,26.6,20.9,28.7,,,,,,,,,,,,
10111,Demo Hitter 111,2021,28,Hitter,DH,3.34,135.6,133.4,0.345,0.43,0.203,30.0,7.1,18.9,-0.9,-0.1,89.1,10.3,39.7,9.3,69.9,27.0,26.1,24.7,,,,,,,,,,,,
10111,Demo Hitter 111,2022,29,Hitter,DH,3.75,141.6,137.6,0.369,0.484,0.197,26.0,9.6,16.8,1.3,2.3,89.9,11.1,42.2,14.4,73.0,26.5,24.4,25.7,,,,,,,,,,,,
10111,Demo Hitter 111,2023,30,Hitter,DH,2.62,114.2,130.9,0.362,0.507,0.163,27.0,7.9,20.3,-0.6,-2.2,91.1,12.6,42.3,6.2,71.1,36.5,26.4,27.5,,,,,,,,,,,,
10111,Demo Hitter 111,2024,31,Hitter,DH,0.7,96.2,112.2,0.335,0.353,0.148,26.0,9.2,21.9,0.4,-1.6,88.0,6.8,30.6,23.5,71.5,32.0,26.9,24.0,,,,,,,,,,,,
10111,Demo Hitter 111,2025,32,Hitter,DH,3.94,146.3,130.3,0.341,0.499,0.247,27.0,8.6,21.0,-4.5,-0.8,91.3,10.6,43.0,8.4,71.9,28.9,26.2,27.0,,,,,,,,,,,,
10111,Demo Hitter 111,2026,33,Hitter,DH,0.84,106.1,97.2,0.329,0.399,0.173,8.0,7.5,20.2,-0.6,5.5,87.8,7.0,31.2,11.8,70.9,31.3,33.7,28.8,,,,,,,,,,,,
10112,Demo Hitter 112,2016,26,Hitter,SS,4.29,145.3,136.1,0.383,0.488,0.223,28.0,11.5,23.2,0.5,-4.3,92.7,12.0,39.9,10.5,74.7,24.4,24.4,26.7,,,,,,,,,,,,
10112,Demo Hitter 112,2017,27,Hitter,SS,4.54,169.1,154.0,0.364,0.484,0.211,25.0,11.2,21.8,0.4,1.1,88.3,13.8,47.3,9.8,72.5,25.9,22.9,26.2,,,,,,,,,,,,
10112,Demo Hitter 112,2018,28,Hitter,SS,5.11,157.8,166.7,0.356,0.511,0.245,36.0,11.1,20.9,4.3,6.1,91.5,13.0,40.0,9.5,75.6,26.0,21.8,26.6,,,,,,,,,,,,
10112,Demo Hitter 112,2019,29,Hitter,SS,4.24,163.0,146.1,0.356,0.491,0.218,27.0,10.6,16.2,-1.8,0.5,89.2,9.3,46.9,16.3,72.1,35.5,17.6,26.9,,,,,,,,,,,,
10112,Demo Hitter 112,2020,30,Hitter,SS,3.36,135.8,138.3,0.359,0.446,0.194,15.0,12.6,20.6,-2.3,1.8,90.9,12.1,51.3,10.1,73.0,26.9,25.6,29.5,,,,,,,,,,,,
10112,Demo Hitter 112,2021,31,Hitter,SS,3.5,146.2,136.5,0.346,0.456,0.212,31.0,7.9,19.0,-0.9,-3.0,88.0,10.0,39.4,13.2,73.2,27.2,24.0,26.2,,,,,,,,,,,,
10112,Demo Hitter 112,2022,32,Hitter,SS,3.89,137.6,146.3,0.347,0.465,0.227,32.0,11.0,25.3,-2.6,-11.9,86.8,11.3,46.0,9.4,74.2,25.6,22.0,27.4,,,,,,,,,,,,
10112,Demo Hitter 112,2023,33,Hitter,SS,2.91,139.7,113.6,0.323,0.455,0.184,22.0,7.3,21.9,0.3,11.4,89.2,9.1,46.4,21.8,69.4,28.4,17.7,26.6,,,,,,,,,,,,
10112,Demo Hitter 112,2024,34,Hitter,SS,2.18,128.2,125.4,0.34,0.443,0.17,24.0,9.2,20.2,-1.5,-4.5,89.0,8.8,41.5,17.3,71.1,27.1,21.1,26.4,,,,,,,,,,,,
10113,Demo Hitter 113,2008,22,Hitter,CF,2.69,135.7,132.8,0.337,0.449,0.211,21.0,12.1,18.5,-0.4,-1.4,87.5,10.4,39.8,23.8,69.8,24.8,23.6,25.0,,,,,,,,,,,,
10113,Demo Hitter 113,2009,23,Hitter,CF,3.92,127.4,141.0,0.384,0.488,0.221,22.0,9.3,24.2,0.1,5.0,89.6,12.7,43.2,16.1,74.3,28.2,25.8,26.4,,,,,,,,,,,,
10113,Demo Hitter 113,2010,24,Hitter,CF,3.1,121.8,122.3,0.342,0.476,0.184,18.0,9.7,24.4,3.7,-8.1,89.9,11.1,36.0,9.7,72.0,26.9,25.8,25.3,,,,,,,,,,,,
10113,Demo Hitter 113,2011,25,Hitter,CF,3.55,136.6,132.1,0.369,0.469,0.2,17.0,10.9,17.2,-3.6,-1.8,91.9,10.5,42.4,12.2,71.6,25.0,23.1,28.2,,,,,,,,,,,,
10113,Demo Hitter 113,2012,26,Hitter,CF,2.7,113.4,109.5,0.353,0.462,0.203,30.0,9.9,21.8,-3.3,0.6,87.6,11.6,48.2,23.9,72.3,33.6,28.1,28.6,,,,,,,,,,,,
10113,Demo Hitter 113,2013,27,Hitter,CF,4.08,135.4,137.8,0.377,0.437,0.206,30.0,8.5,22.1,-0.1,1.4,92.8,11.5,50.0,12.3,71.7,30.2,21.7,28.0,,,,,,,,,,,,
10113,Demo Hitter 113,2014,28,Hitter,CF,2.19,124.8,130.8,0.355,0.433,0.151,24.0,12.2,24.8,0.4,4.6,87.2,5.1,44.8,13.2,71.9,26.6,25.7,27.2,,,,,,,,,,,,
10113,Demo Hitter 113,2015,29,Hitter,CF,3.67,140.1,138.5,0.371,0.49,0.188,34.0,8.0,21.2,-4.1,-0.6,89.7,11.9,43.0,24.2,70.4,26.8,25.0,26.1,,,,,,,,,,,,
10113,Demo Hitter 113,2016,30,Hitter,CF,3.87,142.0,131.4,0.345,0.406,0.186,32.0,12.3,20.6,-3.2,-4.8,89.9,8.6,33.6,10.2,74.5,24.8,20.9,25.9,,,,,,,,,,,,
10113,Demo Hitter 113,2017,31,Hitter,CF,2.32,117.5,115.5,0.354,0.476,0.208,26.0,6.1,27.0,-0.4,-0.2,88.8,11.1,30.7,15.0,69.4,28.0,24.5,28.5,,,,,,,,,,,,
10114,Demo Hitter 114,2010,21,Hitter,LF,3.71,134.9,136.4,0.339,0.485,0.215,29.0,10.2,16.4,4.4,-4.1,88.7,5.5,41.9,17.9,71.1,28.6,19.9,26.5,,,,,,,,,,,,
10114,Demo Hitter 114,2011,22,Hitter,LF,3.09,123.3,133.6,0.363,0.424,0.224,33.0,11.3,21.6,4.9,4.3,89.4,13.3,48.2,13.2,70.3,30.6,25.4,28.4,,,,,,,,,,,,
10114,Demo Hitter 114,2012,23,Hitter,LF,3.35,136.9,123.2,0.351,0.456,0.189,31.0,9.4,20.3,3.8,-5.8,89.3,8.1,51.7,21.2,70.7,27.1,25.1,27.4,,,,,,,,,,,,
10114,Demo Hitter 114,2013,24,Hitter,LF,1.98,122.6,125.3,0.348,0.469,0.165,23.0,10.0,25.2,2.4,9.5,90.0,8.0,28.1,8.7,71.7,33.1,19.8,28.5,,,,,,,,,,,,
10114,Demo Hitter 114,2014,25,Hitter,LF,2.75,120.5,139.8,0.326,0.443,0.19,22.0,11.4,22.2,0.9,-3.0,88.1,9.4,35.7,15.3,69.5,27.9,26.7,25.1,,,,,,,,,,,,
10114,Demo Hitter 114,2015,26,Hitter,LF,3.48,145.2,137.1,0.363,0.47,0.196,26.0,11.1,20.8,1.2,0.5,90.8,11.4,50.7,12.0,71.5,25.3,16.9,28.8,,,,,,,,,,,,
10115,Demo Hitter 115,2021,23,Hitter,C,1.44,126.8,110.3,0.333,0.459,0.177,12.0,7.3,19.5,-0.8,0.5,89.6,11.3,30.4,16.3,68.0,30.0,22.4,26.7,,,,,,,,,,,,
10115,Demo Hitter 115,2022,24,Hitter,C,2.23,125.9,131.5,0.337,0.455,0.188,28.0,6.7,22.3,-0.9,5.8,88.3,5.4,38.8,12.2,72.9,29.6,23.5,27.4,,,,,,,,,,,,
10115,Demo Hitter 115,2023,25,Hitter,C,1.97,124.4,111.5,0.348,0.442,0.182,21.0,11.1,27.4,5.1,-5.6,90.6,9.1,34.3,8.8,68.9,28.9,26.7,25.3,,,,,,,,,,,,
10115,Demo Hitter 115,2024,26,Hitter,C,0.17,92.0,102.9,0.316,0.46,0.123,15.0,5.2,20.9,0.1,-0.5,84.7,6.3,32.6,13.1,70.8,27.2,29.9,26.6,,,,,,,,,,,,
10115,Demo Hitter 115,2025,27,Hitter,C,0.93,104.2,113.1,0.319,0.389,0.148,9.0,7.6,24.5,0.7,4.2,87.3,6.7,34.9,18.5,71.5,26.3,30.7,26.6,,,,,,,,,,,,
10115,Demo Hitter 115,2026,28,Hitter,C,0.4,98.9,89.5,0.331,0.384,0.144,13.0,6.8,22.2,-0.4,0.6,84.4,6.5,41.6,12.4,66.3,31.8,25.9,27.1,,,,,,,,,,,,
10116,Demo Hitter 116,2014,24,Hitter,CF,2.99,132.6,125.8,0.335,0.516,0.205,28.0,11.6,25.7,-0.9,-4.0,87.2,8.7,45.9,14.3,73.1,23.0,25.3,27.1,,,,,,,,,,,,
10116,Demo Hitter 116,2015,25,Hitter,CF,4.57,138.0,142.8,0.374,0.517,0.212,28.0,7.6,22.3,3.0,0.2,92.4,11.6,54.1,18.4,71.6,23.0,24.7,28.1,,,,,,,,,,,,
10116,Demo Hitter 116,2016,26,Hitter,CF,3.22,137.0,135.5,0.349,0.446,0.174,15.0,8.5,14.0,0.7,-5.5,90.3,9.8,45.6,20.9,73.2,24.7,22.7,28.3,,,,,,,,,,,,
10116,Demo Hitter 116,2017,27,Hitter,CF,3.51,149.2,131.8,0.338,0.472,0.21,30.0,10.1,17.6,1.6,9.6,89.8,11.2,43.6,8.1,73.6,28.2,19.9,26.5,,,,,,,,,,,,
10116,Demo Hitter 116,2018,28,Hitter,CF,3.53,138.1,125.2,0.333,0.495,0.19,20.0,11.6,17.2,0.9,6.1,90.0,13.3,39.2,16.8,73.8,32.1,22.9,25.3,,,,,,,,,,,,
10116,Demo Hitter 116,2019,29,Hitter,CF,4.04,130.9,145.5,0.357,0.452,0.243,32.0,10.0,13.9,-0.3,1.3,90.8,11.8,52.1,17.3,69.1,29.8,26.3,27.3,,,,,,,,,,,,
10116,Demo Hitter 116,2020,30,Hitter,CF,3.33,134.3,131.3,0.358,0.444,0.156,29.0,12.3,22.1,5.4,4.1,90.4,12.2,47.8,22.5,72.5,26.8,18.6,25.2,,,,,,,,,,,,
10117,Demo Hitter 117,2012,24,Hitter,CF,5.16,163.9,161.5,0.37,0.517,0.237,38.0,12.2,21.6,-3.3,-1.8,90.6,13.5,44.3,16.0,72.6,28.9,22.1,25.9,,,,,,,,,,,,
10117,Demo Hitter 117,2013,25,Hitter,CF,7.06,168.2,164.0,0.39,0.541,0.253,47.0,13.5,21.4,-4.4,5.1,93.1,17.6,48.5,19.4,72.3,26.3,15.2,28.0,,,,,,,,,,,,
10117,Demo Hitter 117,2014,26,Hitter,CF,5.43,160.1,156.6,0.397,0.531,0.243,32.0,14.7,16.7,-1.2,9.9,91.1,12.3,39.4,12.3,72.0,26.4,19.4,29.9,,,,,,,,,,,,
10117,Demo Hitter 117,2015,27,Hitter,CF,6.39,167.2,175.2,0.366,0.551,0.224,39.0,11.5,20.1,-2.5,-9.9,92.6,16.1,45.0,19.7,72.6,26.0,13.3,26.3,,,,,,,,,,,,
10117,Demo Hitter 117,2016,28,Hitter,CF,6.52,167.8,170.5,0.396,0.584,0.27,33.0,10.7,18.1,-3.3,7.1,94.0,18.8,60.0,18.1,73.7,21.1,23.8,27.6,,,,,,,,,,,,
10117,Demo Hitter 117,2017,29,Hitter,CF,5.2,163.5,134.2,0.367,0.477,0.253,34.0,9.8,17.6,3.4,4.0,90.4,15.1,42.4,13.3,73.1,29.8,21.2,27.0,,,,,,,,,,,,
10117,Demo Hitter 117,2018,30,Hitter,CF,4.57,148.4,147.0,0.349,0.495,0.204,26.0,11.4,14.3,2.1,2.4,87.9,8.1,48.5,6.5,75.5,26.1,19.0,27.6,,,,,,,,,,,,
10117,Demo Hitter 117,2019,31,Hitter,CF,5.2,169.0,153.4,0.345,0.54,0.237,22.0,10.7,18.4,2.8,0.4,93.2,10.7,45.5,16.5,74.4,26.9,25.7,27.7,,,,,,,,,,,,
10117,Demo Hitter 117,2020,32,Hitter,CF,5.32,157.9,153.4,0.385,0.559,0.212,30.0,10.9,20.1,7.1,-0.9,88.9,12.9,45.4,18.1,74.7,24.3,21.3,27.8,,,,,,,,,,,,
10117,Demo Hitter 117,2021,33,Hitter,CF,4.76,143.6,155.3,0.351,0.533,0.259,32.0,13.2,17.7,-5.3,-4.2,87.9,13.2,48.4,15.0,73.3,33.1,24.5,26.0,,,,,,,,,,,,
10117,Demo Hitter 117,2022,34,Hitter,CF,4.38,165.5,146.6,0.363,0.474,0.163,36.0,13.0,17.5,-3.5,1.4,90.5,12.6,44.5,10.6,71.6,27.8,24.1,24.8,,,,,,,,,,,,
10118,Demo Hitter 118,2009,27,Hitter,RF,6.19,174.5,159.0,0.345,0.471,0.22,39.0,13.5,20.8,2.4,3.0,89.4,13.1,48.4,9.9,74.4,27.6,19.0,26.8,,,,,,,,,,,,
10118,Demo Hitter 118,2010,28,Hitter,RF,5.79,163.0,166.8,0.375,0.531,0.253,30.0,10.6,18.1,1.2,4.1,92.2,10.3,42.8,6.1,72.8,25.8,21.9,26.0,,,,,,,,,,,,
10118,Demo Hitter 118,2011,29,Hitter,RF,6.53,152.1,169.6,0.391,0.542,0.238,41.0,13.9,15.9,-4.3,-7.3,90.4,16.6,53.4,22.5,71.9,18.2,16.3,27.7,,,,,,,,,,,,
10118,Demo Hitter 118,2012,30,Hitter,RF,6.03,165.2,144.7,0.369,0.532,0.267,34.0,12.1,14.2,1.7,-3.9,91.7,16.1,55.9,7.8,72.9,26.9,18.7,27.3,,,,,,,,,,,,
10118,Demo Hitter 118,2013,31,Hitter,RF,6.93,172.3,159.0,0.393,0.538,0.295,42.0,13.7,16.5,-1.6,-1.6,92.1,18.1,58.5,13.3,72.5,28.5,18.8,25.3,,,,,,,,,,,,
10119,Demo Hitter 119,2012,22,Hitter,CF,2.76,103.2,121.8,0.351,0.466,0.218,17.0,7.3,19.4,-1.9,4.2,87.8,7.8,41.9,16.4,69.9,30.2,23.2,26.6,,,,,,,,,,,,
10119,Demo Hitter 119,2013,23,Hitter,CF,2.89,121.2,132.9,0.35,0.475,0.182,27.0,9.3,24.5,1.2,-2.4,87.5,7.8,40.5,20.2,73.6,28.5,28.6,27.2,,,,,,,,,,,,
10119,Demo Hitter 119,2014,24,Hitter,CF,2.63,148.7,125.4,0.354,0.449,0.171,13.0,10.8,25.0,-2.8,8.8,90.9,11.0,39.6,18.3,68.5,28.9,27.2,27.7,,,,,,,,,,,,
10119,Demo Hitter 119,2015,25,Hitter,CF,3.31,138.8,123.4,0.336,0.475,0.161,31.0,10.2,19.0,-6.5,-3.5,90.5,10.3,45.2,17.0,73.5,33.4,19.3,26.7,,,,,,,,,,,,
10119,Demo Hitter 119,2016,26,Hitter,CF,3.2,155.7,134.6,0.354,0.435,0.208,28.0,10.7,17.2,-0.8,2.8,89.3,7.2,41.5,13.2,71.3,30.9,18.9,28.6,,,,,,,,,,,,
10119,Demo Hitter 119,2017,27,Hitter,CF,3.14,131.5,137.9,0.339,0.442,0.179,19.0,9.7,17.1,4.0,6.1,89.1,8.8,41.6,9.3,69.8,27.8,16.5,27.1,,,,,,,,,,,,
10119,Demo Hitter 119,2018,28,Hitter,CF,2.86,148.8,134.4,0.368,0.508,0.193,24.0,10.4,21.8,4.5,-5.7,91.2,9.0,45.2,11.8,71.7,31.6,26.8,25.5,,,,,,,,,,,,
10119,Demo Hitter 119,2019,29,Hitter,CF,2.05,117.4,119.2,0.352,0.434,0.2,23.0,6.7,23.1,2.6,1.2,87.4,5.1,43.0,19.6,71.3,27.5,24.8,26.7,,,,,,,,,,,,
10120,Demo Hitter 120,2016,24,Hitter,1B,5.2,142.0,153.1,0.373,0.539,0.229,30.0,12.1,20.3,-3.8,6.0,90.0,14.6,45.8,6.5,71.0,29.3,21.7,25.2,,,,,,,,,,,,
10120,Demo Hitter 120,2017,25,Hitter,1B,4.4,160.9,147.2,0.372,0.488,0.234,35.0,10.0,28.4,1.2,-1.1,90.7,11.6,50.9,17.1,71.6,28.7,24.1,28.4,,,,,,,,,,,,
10120,Demo Hitter 120,2018,26,Hitter,1B,3.84,135.8,151.8,0.337,0.462,0.204,35.0,11.8,26.6,0.5,-0.6,88.6,13.3,39.4,11.9,72.7,27.0,26.8,28.7,,,,,,,,,,,,
10120,Demo Hitter 120,2019,27,Hitter,1B,4.84,144.5,151.1,0.413,0.541,0.226,28.0,9.2,18.8,-2.7,-2.7,88.0,15.2,42.4,14.3,70.7,28.0,20.9,25.3,,,,,,,,,,,,
10120,Demo Hitter 120,2020,28,Hitter,1B,3.72,143.0,135.0,0.338,0.405,0.196,30.0,11.7,23.4,1.4,9.9,90.2,13.3,44.4,12.8,70.9,33.1,21.0,28.8,,,,,,,,,,,,
10120,Demo Hitter 120,2021,29,Hitter,1B,4.85,148.2,141.5,0.37,0.514,0.192,43.0,8.2,22.3,-3.3,8.7,92.1,12.7,53.1,16.8,72.5,29.1,19.5,26.9,,,,,,,,,,,,
10120,Demo Hitter 120,2022,30,Hitter,1B,4.09,155.4,146.9,0.346,0.494,0.194,22.0,10.2,18.9,2.8,1.3,89.4,10.1,46.3,9.8,71.2,26.5,21.9,25.3,,,,,,,,,,,,
10121,Demo Hitter 121,2021,26,Hitter,LF,2.38,144.2,122.9,0.329,0.459,0.207,23.0,9.6,23.1,-3.7,-5.0,91.4,10.2,46.6,13.8,72.5,26.1,25.2,26.0,,,,,,,,,,,,
10121,Demo Hitter 121,2022,27,Hitter,LF,1.59,116.9,111.6,0.315,0.407,0.159,24.0,7.8,24.4,-4.3,-0.6,90.0,7.6,36.0,11.8,72.7,29.6,26.5,26.2,,,,,,,,,,,,
10121,Demo Hitter 121,2023,28,Hitter,LF,2.76,113.0,136.5,0.34,0.453,0.185,18.0,10.3,17.7,-0.7,12.6,90.6,10.5,43.7,12.9,73.3,32.9,19.8,27.4,,,,,,,,,,,,
10121,Demo Hitter 121,2024,29,Hitter,LF,2.27,115.4,136.3,0.318,0.431,0.175,33.0,9.2,27.6,3.2,2.6,89.8,8.8,44.9,7.6,70.1,33.3,24.9,27.5,,,,,,,,,,,,
10121,Demo Hitter 121,2025,30,Hitter,LF,3.57,138.0,142.8,0.389,0.454,0.216,31.0,12.5,24.1,3.3,-4.6,89.7,8.1,45.5,10.3,74.1,26.8,24.9,28.3,,,,,,,,,,,,
10121,Demo Hitter 121,2026,31,Hitter,LF,1.21,106.5,108.1,0.36,0.359,0.163,10.0,10.7,23.4,-1.3,-0.2,89.3,3.8,32.2,13.9,70.4,28.7,30.9,27.9,,,,,,,,,,,,
10122,Demo Hitter 122,2015,21,Hitter,SS,1.66,120.4,118.9,0.298,0.408,0.167,11.0,14.5,26.6,0.3,0.2,90.6,7.0,38.3,7.3,73.3,32.2,21.6,28.4,,,,,,,,,,,,
10122,Demo Hitter 122,2016,22,Hitter,SS,1.18,111.2,102.2,0.356,0.395,0.177,12.0,8.3,19.4,-0.5,2.0,89.7,5.6,33.0,15.0,69.8,29.6,29.1,25.0,,,,,,,,,,,,
10122,Demo Hitter 122,2017,23,Hitter,SS,3.22,139.0,123.4,0.294,0.49,0.234,23.0,8.9,20.6,-0.0,0.1,89.1,9.1,41.7,18.6,72.4,30.0,24.7,27.3,,,,,,,,,,,,
10122,Demo Hitter 122,2018,24,Hitter,SS,1.58,116.1,105.6,0.323,0.43,0.161,17.0,7.9,24.4,2.1,-1.7,88.7,5.8,42.8,13.9,70.4,31.4,23.6,27.4,,,,,,,,,,,,
10122,Demo Hitter 122,2019,25,Hitter,SS,1.86,136.8,114.6,0.332,0.438,0.154,26.0,8.6,23.3,2.1,-6.2,88.5,7.6,34.7,8.7,70.3,30.0,26.6,27.7,,,,,,,,,,,,
10122,Demo Hitter 122,2020,26,Hitter,SS,1.9,126.0,112.2,0.322,0.432,0.143,23.0,13.8,22.3,-2.6,6.2,88.4,8.2,41.0,11.1,71.4,23.6,22.8,27.4,,,,,,,,,,,,
10122,Demo Hitter 122,2021,27,Hitter,SS,2.24,155.1,110.6,0.323,0.496,0.16,26.0,11.2,19.3,-3.3,-2.2,89.2,10.1,34.9,10.1,70.4,28.6,18.2,27.7,,,,,,,,,,,,
10122,Demo Hitter 122,2022,28,Hitter,SS,1.56,97.8,125.5,0.34,0.461,0.148,19.0,11.2,19.3,1.1,-0.6,88.8,4.5,41.3,13.6,72.3,31.7,24.6,27.7,,,,,,,,,,,,
10123,Demo Hitter 123,2013,20,Hitter,C,4.86,142.3,147.6,0.373,0.488,0.233,38.0,16.4,20.8,-0.9,-9.4,89.4,11.4,41.6,15.1,70.7,19.7,21.7,27.9,,,,,,,,,,,,
10123,Demo Hitter 123,2014,21,Hitter,C,4.67,156.1,135.5,0.376,0.519,0.257,34.0,10.8,22.5,-1.3,3.2,92.4,12.9,46.7,13.4,70.9,23.7,20.9,27.4,,,,,,,,,,,,
10123,Demo Hitter 123,2015,22,Hitter,C,6.17,171.8,174.1,0.39,0.544,0.255,43.0,11.5,15.7,0.8,2.9,89.1,13.4,52.6,15.6,74.2,24.4,22.7,26.4,,,,,,,,,,,,
10123,Demo Hitter 123,2016,23,Hitter,C,6.01,166.8,162.2,0.394,0.495,0.259,34.0,13.1,19.3,1.5,-2.9,90.8,14.1,46.7,18.0,71.3,32.2,16.5,28.4,,,,,,,,,,,,
10123,Demo Hitter 123,2017,24,Hitter,C,3.96,133.7,131.9,0.333,0.455,0.213,20.0,11.6,21.8,-2.3,3.1,87.8,13.8,39.1,5.0,70.1,29.3,27.1,28.4,,,,,,,,,,,,
10124,Demo Hitter 124,2014,23,Hitter,RF,5.0,126.0,154.2,0.369,0.533,0.253,42.0,11.7,23.0,2.2,3.4,91.2,12.9,49.6,15.7,72.6,28.6,17.0,27.9,,,,,,,,,,,,
10124,Demo Hitter 124,2015,24,Hitter,RF,3.3,141.3,136.7,0.372,0.441,0.21,28.0,8.5,19.0,-3.3,0.3,92.7,8.5,43.8,13.9,72.8,26.9,19.4,28.4,,,,,,,,,,,,
10124,Demo Hitter 124,2016,25,Hitter,RF,4.7,169.0,149.1,0.357,0.503,0.245,38.0,12.7,18.5,2.6,-1.7,91.3,16.5,39.2,11.8,72.9,29.6,24.0,26.7,,,,,,,,,,,,
10124,Demo Hitter 124,2017,26,Hitter,RF,4.53,168.5,152.1,0.37,0.468,0.221,34.0,9.6,24.0,1.0,-8.5,91.7,12.9,46.9,19.9,70.9,28.3,25.8,27.7,,,,,,,,,,,,
10124,Demo Hitter 124,2018,27,Hitter,RF,4.48,161.5,150.9,0.355,0.445,0.236,32.0,9.8,24.9,2.8,2.3,90.8,17.1,51.1,22.4,69.7,28.7,24.4,28.3,,,,,,,,,,,,
10124,Demo Hitter 124,2019,28,Hitter,RF,2.98,128.4,131.5,0.351,0.429,0.226,28.0,9.2,25.3,-1.5,0.5,91.5,10.4,41.3,6.6,72.7,30.2,24.3,29.5,,,,,,,,,,,,
10124,Demo Hitter 124,2020,29,Hitter,RF,2.7,152.0,125.3,0.31,0.446,0.181,19.0,12.8,18.1,-7.5,-0.7,86.7,10.9,39.6,16.5,71.2,26.2,22.8,26.7,,,,,,,,,,,,
10124,Demo Hitter 124,2021,30,Hitter,RF,3.33,129.3,137.5,0.345,0.454,0.193,18.0,10.2,15.1,-2.3,7.5,88.9,9.2,38.2,10.8,69.5,27.4,26.0,26.0,,,,,,,,,,,,
10124,Demo Hitter 124,2022,31,Hitter,RF,3.27,134.7,114.4,0.356,0.46,0.195,28.0,9.8,19.6,3.0,-6.4,90.4,10.1,41.7,15.9,68.9,27.3,21.9,26.1,,,,,,,,,,,,
10125,Demo Hitter 125,2016,20,Hitter,2B,3.11,132.3,111.7,0.338,0.421,0.203,32.0,9.5,15.0,-1.7,-6.2,89.4,9.0,45.6,17.6,71.6,29.3,17.6,27.0,,,,,,,,,,,,
10125,Demo Hitter 125,2017,21,Hitter,2B,3.72,152.9,131.7,0.354,0.496,0.222,22.0,9.5,22.4,2.7,3.6,92.6,10.1,37.6,9.2,68.2,26.6,18.4,26.0,,,,,,,,,,,,
10125,Demo Hitter 125,2018,22,Hitter,2B,3.76,133.3,142.9,0.364,0.482,0.243,23.0,9.2,24.3,1.7,2.8,88.7,12.9,45.7,10.8,72.1,24.1,20.5,25.7,,,,,,,,,,,,
10125,Demo Hitter 125,2019,23,Hitter,2B,4.36,157.4,142.8,0.361,0.493,0.188,29.0,7.9,22.2,0.3,-6.0,88.1,11.0,46.0,16.5,70.5,32.9,22.9,26.4,,,,,,,,,,,,
10125,Demo Hitter 125,2020,24,Hitter,2B,3.78,155.2,136.2,0.358,0.524,0.204,41.0,11.3,18.8,-0.8,1.4,90.0,10.5,42.4,12.5,71.7,24.5,23.6,27.3,,,,,,,,,,,,
10125,Demo Hitter 125,2021,25,Hitter,2B,3.58,137.7,136.6,0.349,0.42,0.198,26.0,10.2,19.8,0.1,-13.1,89.8,9.3,41.3,23.5,70.6,24.3,22.7,26.1,,,,,,,,,,,,
10125,Demo Hitter 125,2022,26,Hitter,2B,4.1,144.8,117.0,0.377,0.496,0.221,30.0,8.8,21.0,0.2,-5.5,87.6,10.7,49.6,13.7,71.3,25.7,21.9,27.2,,,,,,,,,,,,
10126,Demo Hitter 126,2011,25,Hitter,3B,5.9,167.3,153.6,0.361,0.494,0.251,43.0,11.1,18.4,0.8,-1.5,90.4,12.0,49.2,6.3,72.8,30.5,23.1,28.8,,,,,,,,,,,,
10126,Demo Hitter 126,2012,26,Hitter,3B,6.43,186.5,165.5,0.402,0.539,0.262,42.0,11.8,18.7,-2.4,-7.0,93.5,12.1,46.3,16.9,73.6,26.8,23.9,27.2,,,,,,,,,,,,
10126,Demo Hitter 126,2013,27,Hitter,3B,5.85,164.5,159.3,0.371,0.54,0.247,25.0,10.2,15.4,-1.4,1.5,88.6,15.1,50.0,8.5,74.9,24.5,20.3,28.9,,,,,,,,,,,,
10126,Demo Hitter 126,2014,28,Hitter,3B,6.24,156.2,166.3,0.383,0.53,0.252,24.0,15.3,16.0,2.2,-2.1,93.9,15.2,44.6,13.8,71.7,25.8,21.7,27.8,,,,,,,,,,,,
10127,Demo Hitter 127,2021,26,Hitter,C,4.92,154.9,145.4,0.377,0.528,0.219,32.0,11.3,15.7,-0.2,-0.4,88.6,13.0,43.7,14.0,74.2,31.2,21.5,26.7,,,,,,,,,,,,
10127,Demo Hitter 127,2022,27,Hitter,C,4.75,154.1,142.1,0.356,0.512,0.248,33.0,11.7,20.5,1.4,-3.3,91.5,13.6,44.1,9.3,72.7,23.3,27.0,24.8,,,,,,,,,,,,
10127,Demo Hitter 127,2023,28,Hitter,C,5.48,145.4,153.2,0.383,0.537,0.265,33.0,13.4,13.0,1.9,1.5,93.4,12.6,40.7,8.0,71.8,28.6,22.6,29.3,,,,,,,,,,,,
10127,Demo Hitter 127,2024,29,Hitter,C,5.06,157.7,150.0,0.403,0.517,0.231,41.0,11.5,15.6,0.5,-5.1,89.5,13.3,56.6,21.4,73.1,24.7,25.2,29.2,,,,,,,,,,,,
10128,Demo Hitter 128,2015,25,Hitter,RF,4.65,144.0,143.8,0.391,0.477,0.208,31.0,12.5,22.8,5.1,8.9,88.7,13.6,50.8,10.0,77.2,23.2,22.3,28.2,,,,,,,,,,,,
10128,Demo Hitter 128,2016,26,Hitter,RF,5.44,170.3,166.4,0.356,0.497,0.232,31.0,11.8,20.2,1.0,5.4,90.1,12.7,45.4,17.8,71.8,27.0,20.7,25.7,,,,,,,,,,,,
10128,Demo Hitter 128,2017,27,Hitter,RF,4.59,152.6,127.7,0.374,0.495,0.224,35.0,8.4,19.9,3.1,9.0,88.9,16.3,49.8,15.5,70.6,29.4,17.6,27.4,,,,,,,,,,,,
10128,Demo Hitter 128,2018,28,Hitter,RF,4.36,150.4,144.9,0.374,0.471,0.216,33.0,12.8,22.6,-2.3,-2.0,91.2,9.3,43.7,6.0,70.2,30.8,18.2,27.1,,,,,,,,,,,,
10129,Demo Hitter 129,2014,21,Hitter,3B,6.27,179.3,174.7,0.376,0.53,0.258,35.0,13.5,19.6,-5.5,2.9,90.9,15.3,41.2,6.1,72.4,27.7,22.2,26.8,,,,,,,,,,,,
10129,Demo Hitter 129,2015,22,Hitter,3B,6.05,182.0,174.2,0.373,0.553,0.286,33.0,7.6,17.5,-3.1,6.5,90.1,16.8,49.8,15.9,72.6,30.1,18.8,26.2,,,,,,,,,,,,
10129,Demo Hitter 129,2016,23,Hitter,3B,5.6,162.6,163.2,0.37,0.469,0.261,32.0,11.0,20.6,0.4,-0.3,91.6,14.4,49.5,14.5,72.6,26.2,16.7,26.4,,,,,,,,,,,,
10129,Demo Hitter 129,2017,24,Hitter,3B,5.75,168.2,170.4,0.392,0.509,0.268,40.0,11.9,17.9,0.6,-9.5,92.6,13.9,50.5,15.7,73.5,25.5,24.0,25.7,,,,,,,,,,,,
10129,Demo Hitter 129,2018,25,Hitter,3B,6.18,153.6,172.9,0.382,0.53,0.272,40.0,10.7,27.0,-1.4,-7.2,90.4,12.4,46.5,16.1,71.7,31.0,28.2,26.8,,,,,,,,,,,,
10129,Demo Hitter 129,2019,26,Hitter,3B,5.14,159.6,163.2,0.347,0.511,0.219,36.0,8.3,22.4,-5.3,-11.0,92.9,12.6,46.8,8.9,72.5,26.0,20.5,26.7,,,,,,,,,,,,
10129,Demo Hitter 129,2020,27,Hitter,3B,4.36,161.8,134.6,0.342,0.489,0.22,33.0,9.9,20.4,6.1,7.4,90.8,11.1,40.9,15.8,71.1,23.9,24.5,26.4,,,,,,,,,,,,
10129,Demo Hitter 129,2021,28,Hitter,3B,4.42,131.9,136.6,0.35,0.496,0.245,26.0,8.6,24.1,0.0,5.2,93.1,12.1,47.4,13.5,73.0,27.0,25.0,27.4,,,,,,,,,,,,
10130,Demo Hitter 130,2013,23,Hitter,2B,4.39,140.5,149.3,0.359,0.441,0.227,43.0,12.5,19.1,-5.2,5.5,91.2,14.9,42.6,18.1,73.2,27.0,20.7,27.9,,,,,,,,,,,,
10130,Demo Hitter 130,2014,24,Hitter,2B,4.05,138.3,136.5,0.32,0.476,0.223,30.0,10.7,22.0,-0.5,-6.1,90.7,11.2,43.2,12.7,70.7,28.5,28.1,26.8,,,,,,,,,,,,
10130,Demo Hitter 130,2015,25,Hitter,2B,4.39,140.9,151.3,0.367,0.51,0.185,27.0,10.8,16.7,-4.0,-9.1,89.7,13.5,39.7,13.8,76.0,25.3,17.1,26.6,,,,,,,,,,,,
10130,Demo Hitter 130,2016,26,Hitter,2B,3.98,131.3,147.9,0.35,0.464,0.201,40.0,12.0,19.6,-1.0,3.3,92.3,9.3,45.6,15.3,74.2,27.5,19.6,27.4,,,,,,,,,,,,
10130,Demo Hitter 130,2017,27,Hitter,2B,3.15,132.8,146.4,0.327,0.448,0.214,32.0,7.9,16.3,2.3,3.0,90.6,9.3,41.0,15.9,70.6,31.9,23.4,26.7,,,,,,,,,,,,
10130,Demo Hitter 130,2018,28,Hitter,2B,4.68,161.1,128.7,0.382,0.478,0.244,37.0,12.5,23.3,5.8,7.9,93.9,13.0,44.4,9.0,73.3,23.9,20.3,26.6,,,,,,,,,,,,
10130,Demo Hitter 130,2019,29,Hitter,2B,4.88,164.4,160.6,0.395,0.491,0.219,34.0,10.6,12.1,4.5,1.0,93.2,12.4,44.8,11.7,71.5,27.4,22.5,27.3,,,,,,,,,,,,
10130,Demo Hitter 130,2020,30,Hitter,2B,4.09,152.4,132.3,0.403,0.469,0.205,23.0,11.9,18.3,-1.2,2.5,89.4,9.9,45.6,12.7,70.5,23.0,20.6,25.6,,,,,,,,,,,,
10130,Demo Hitter 130,2021,31,Hitter,2B,4.11,156.5,124.6,0.365,0.463,0.2,34.0,7.4,15.1,1.5,-5.2,90.4,12.8,39.3,8.4,71.0,23.9,27.3,28.0,,,,,,,,,,,,
10130,Demo Hitter 130,2022,32,Hitter,2B,5.06,145.1,144.3,0.373,0.508,0.241,27.0,13.2,17.9,0.2,5.3,88.8,9.6,45.1,21.2,74.7,24.6,21.8,27.8,,,,,,,,,,,,
10131,Demo Hitter 131,2020,27,Hitter,LF,4.02,151.4,143.3,0.367,0.471,0.227,29.0,12.6,16.5,0.7,-5.8,88.6,11.6,42.4,13.0,71.3,28.3,25.4,25.1,,,,,,,,,,,,
10131,Demo Hitter 131,2021,28,Hitter,LF,5.68,152.3,167.2,0.389,0.468,0.277,31.0,11.4,15.8,5.9,2.9,90.5,11.3,47.4,7.1,76.3,27.7,22.0,26.7,,,,,,,,,,,,
10131,Demo Hitter 131,2022,29,Hitter,LF,3.6,144.1,144.2,0.346,0.452,0.205,28.0,7.3,21.2,3.1,4.4,90.8,16.0,42.0,8.1,71.0,26.3,22.0,27.0,,,,,,,,,,,,
10131,Demo Hitter 131,2023,30,Hitter,LF,4.34,147.8,134.2,0.372,0.472,0.217,31.0,13.7,22.7,-1.9,-3.9,90.5,10.8,51.0,9.7,71.8,31.1,22.4,25.9,,,,,,,,,,,,
10131,Demo Hitter 131,2024,31,Hitter,LF,4.08,150.2,138.6,0.372,0.503,0.223,31.0,7.7,18.8,-1.9,0.3,90.0,13.9,47.2,13.9,71.8,22.7,23.0,28.5,,,,,,,,,,,,
10131,Demo Hitter 131,2025,32,Hitter,LF,3.63,148.7,155.6,0.353,0.455,0.185,24.0,9.1,14.8,-1.1,-9.1,89.7,13.1,48.0,11.9,71.6,25.8,23.5,26.0,,,,,,,,,,,,
10132,Demo Hitter 132,2014,24,Hitter,3B,4.92,146.6,141.4,0.359,0.492,0.215,31.0,8.7,18.9,3.9,-3.7,90.0,13.2,47.6,12.4,71.7,24.6,20.5,26.1,,,,,,,,,,,,
10132,Demo Hitter 132,2015,25,Hitter,3B,4.47,146.6,145.8,0.362,0.518,0.214,31.0,9.9,20.3,1.0,3.7,88.5,12.9,41.2,14.0,73.8,28.2,23.0,27.2,,,,,,,,,,,,
10132,Demo Hitter 132,2016,26,Hitter,3B,5.69,153.7,164.9,0.357,0.503,0.255,28.0,9.4,17.6,2.0,7.3,94.1,13.8,50.7,7.5,70.7,24.8,22.9,25.9,,,,,,,,,,,,
10132,Demo Hitter 132,2017,27,Hitter,3B,4.48,160.5,140.0,0.35,0.509,0.232,26.0,7.9,13.2,-0.3,2.1,90.0,11.2,42.9,20.3,74.7,29.0,27.0,25.9,,,,,,,,,,,,
10132,Demo Hitter 132,2018,28,Hitter,3B,4.43,149.5,129.8,0.348,0.521,0.276,24.0,13.8,26.1,0.8,-1.0,91.3,14.9,42.3,13.9,71.8,29.9,23.9,27.1,,,,,,,,,,,,
10132,Demo Hitter 132,2019,29,Hitter,3B,5.4,166.0,146.1,0.375,0.538,0.235,22.0,11.6,17.6,-3.1,-10.4,92.8,14.1,48.1,4.8,74.8,25.5,24.9,25.4,,,,,,,,,,,,
10132,Demo Hitter 132,2020,30,Hitter,3B,5.39,153.7,157.4,0.394,0.546,0.236,34.0,12.4,16.2,0.6,1.3,90.8,14.8,46.7,13.6,73.6,22.6,19.0,26.2,,,,,,,,,,,,
10132,Demo Hitter 132,2021,31,Hitter,3B,5.24,170.6,147.9,0.368,0.48,0.216,33.0,11.3,19.1,1.1,-0.1,91.8,13.2,42.0,18.1,73.5,23.0,19.3,25.5,,,,,,,,,,,,
10132,Demo Hitter 132,2022,32,Hitter,3B,2.92,129.9,130.0,0.372,0.425,0.193,25.0,7.6,20.3,2.8,-4.5,88.9,7.5,41.4,7.5,72.3,29.1,25.5,27.7,,,,,,,,,,,,
10132,Demo Hitter 132,2023,33,Hitter,3B,4.01,131.0,132.3,0.334,0.497,0.225,32.0,10.0,18.4,-2.7,-0.9,86.8,9.9,41.8,7.0,71.1,30.4,20.3,27.3,,,,,,,,,,,,
10133,Demo Hitter 133,2017,24,Hitter,1B,4.83,134.3,146.3,0.374,0.484,0.229,38.0,9.1,14.5,0.8,0.4,89.4,14.1,46.4,18.9,72.9,24.4,20.4,25.8,,,,,,,,,,,,
10133,Demo Hitter 133,2018,25,Hitter,1B,3.82,166.3,136.5,0.346,0.477,0.229,24.0,10.7,13.3,0.6,-1.8,89.3,10.6,41.3,13.3,72.7,22.6,28.1,26.7,,,,,,,,,,,,
10133,Demo Hitter 133,2019,26,Hitter,1B,4.7,160.3,146.5,0.35,0.51,0.195,41.0,13.9,19.5,-1.5,-2.2,91.1,11.6,41.1,20.6,71.4,24.5,23.2,26.8,,,,,,,,,,,,
10133,Demo Hitter 133,2020,27,Hitter,1B,5.03,155.7,160.5,0.375,0.48,0.255,38.0,10.4,17.2,2.6,2.9,93.1,11.8,50.4,9.4,71.2,27.8,24.0,27.8,,,,,,,,,,,,
10133,Demo Hitter 133,2021,28,Hitter,1B,3.61,155.3,128.1,0.327,0.477,0.252,27.0,6.9,19.6,1.2,5.7,87.4,9.6,41.5,17.4,74.3,27.6,19.7,27.1,,,,,,,,,,,,
10133,Demo Hitter 133,2022,29,Hitter,1B,5.43,150.7,169.7,0.364,0.532,0.192,37.0,9.9,17.7,-1.6,5.5,89.4,13.3,41.7,13.6,74.7,28.9,22.1,26.0,,,,,,,,,,,,
10133,Demo Hitter 133,2023,30,Hitter,1B,3.2,141.6,149.6,0.345,0.48,0.199,21.0,12.5,26.7,-1.1,-5.3,89.3,7.0,45.4,14.8,72.1,34.0,23.9,28.3,,,,,,,,,,,,
10133,Demo Hitter 133,2024,31,Hitter,1B,3.07,139.4,127.5,0.343,0.466,0.211,29.0,5.6,21.2,-1.2,-1.3,88.5,12.5,35.3,15.0,70.0,29.1,28.0,27.0,,,,,,,,,,,,
10133,Demo Hitter 133,2025,32,Hitter,1B,3.54,148.2,151.8,0.35,0.483,0.192,29.0,5.5,18.0,3.4,2.6,91.5,12.0,46.1,14.9,71.8,29.3,20.3,26.7,,,,,,,,,,,,
10134,Demo Hitter 134,2011,22,Hitter,CF,3.61,143.7,140.0,0.355,0.495,0.17,16.0,12.9,20.2,-1.3,2.3,88.9,10.0,44.4,8.0,68.8,29.7,22.0,27.0,,,,,,,,,,,,
10134,Demo Hitter 134,2012,23,Hitter,CF,3.65,145.7,136.7,0.365,0.484,0.228,33.0,10.6,23.6,-3.8,-4.9,88.3,11.6,39.8,21.2,72.0,26.4,24.6,26.2,,,,,,,,,,,,
10134,Demo Hitter 134,2013,24,Hitter,CF,4.91,155.3,153.4,0.362,0.466,0.236,37.0,9.7,20.1,-0.2,4.5,93.2,14.6,47.3,9.7,71.6,32.1,21.5,26.5,,,,,,,,,,,,
10134,Demo Hitter 134,2014,25,Hitter,CF,4.39,151.0,147.8,0.349,0.507,0.231,25.0,11.9,23.2,0.3,10.0,87.4,13.7,43.1,11.5,71.2,26.8,25.8,27.3,,,,,,,,,,,,
10134,Demo Hitter 134,2015,26,Hitter,CF,3.89,146.3,119.8,0.345,0.481,0.246,32.0,11.4,16.4,-1.3,5.6,90.0,12.4,42.7,9.0,72.8,31.3,25.2,27.2,,,,,,,,,,,,
10134,Demo Hitter 134,2016,27,Hitter,CF,3.84,148.3,129.3,0.36,0.481,0.19,27.0,8.7,20.1,-0.4,0.5,89.6,11.9,42.7,17.0,71.2,27.3,24.3,27.6,,,,,,,,,,,,
10135,Demo Hitter 135,2010,26,Hitter,RF,4.77,147.5,145.5,0.386,0.558,0.23,35.0,11.3,17.9,-2.9,9.7,90.5,16.7,42.3,9.5,72.2,21.4,19.1,28.6,,,,,,,,,,,,
10135,Demo Hitter 135,2011,27,Hitter,RF,4.93,149.0,143.9,0.34,0.508,0.215,41.0,11.0,17.5,1.8,-2.7,92.6,15.5,47.8,14.1,72.1,21.9,22.2,28.5,,,,,,,,,,,,
10135,Demo Hitter 135,2012,28,Hitter,RF,5.32,173.5,149.8,0.363,0.5,0.229,36.0,12.9,15.0,-3.9,-6.4,91.9,12.0,46.7,9.0,71.9,33.6,25.3,26.7,,,,,,,,,,,,
10135,Demo Hitter 135,2013,29,Hitter,RF,4.74,154.6,140.4,0.376,0.509,0.236,36.0,12.1,16.4,-3.5,-16.6,89.2,15.1,42.0,18.2,75.0,18.0,17.5,28.3,,,,,,,,,,,,
10135,Demo Hitter 135,2014,30,Hitter,RF,4.79,154.6,168.0,0.351,0.488,0.221,31.0,11.3,17.8,3.5,-1.4,91.8,11.7,51.8,15.7,72.7,30.0,19.3,24.8,,,,,,,,,,,,
10136,Demo Hitter 136,2012,26,Hitter,SS,2.15,148.6,119.7,0.343,0.443,0.189,30.0,12.3,26.8,-2.6,-0.8,89.1,8.9,35.9,16.0,72.3,29.1,20.6,25.7,,,,,,,,,,,,
10136,Demo Hitter 136,2013,27,Hitter,SS,2.61,138.7,131.2,0.377,0.409,0.22,23.0,10.7,20.9,1.7,1.7,87.8,9.1,37.1,14.5,71.1,22.6,24.8,28.1,,,,,,,,,,,,
10136,Demo Hitter 136,2014,28,Hitter,SS,3.13,143.9,114.6,0.342,0.459,0.209,25.0,9.1,27.7,1.3,9.6,91.7,12.7,41.8,15.6,72.2,25.1,28.5,26.2,,,,,,,,,,,,
10136,Demo Hitter 136,2015,29,Hitter,SS,3.2,128.8,134.2,0.369,0.462,0.177,24.0,8.4,19.9,-0.2,-4.9,89.3,7.8,39.2,12.0,71.8,32.7,23.3,27.6,,,,,,,,,,,,
10136,Demo Hitter 136,2016,30,Hitter,SS,3.53,138.3,130.8,0.355,0.481,0.226,22.0,12.6,24.5,1.8,-1.8,91.5,15.1,41.7,9.3,70.5,26.0,32.6,26.4,,,,,,,,,,,,
10136,Demo Hitter 136,2017,31,Hitter,SS,2.98,146.6,133.0,0.352,0.421,0.2,28.0,9.3,19.8,1.2,-1.5,89.4,12.6,38.3,12.2,70.7,24.0,25.0,24.8,,,,,,,,,,,,
10136,Demo Hitter 136,2018,32,Hitter,SS,1.34,116.8,110.3,0.328,0.41,0.149,19.0,6.5,23.5,0.8,2.8,88.2,7.9,36.8,12.3,70.9,29.1,29.1,26.2,,,,,,,,,,,,
10136,Demo Hitter 136,2019,33,Hitter,SS,2.21,128.1,129.8,0.355,0.413,0.196,27.0,9.3,20.2,0.6,-3.8,86.5,8.6,34.6,14.6,69.9,29.3,26.7,24.2,,,,,,,,,,,,
10137,Demo Hitter 137,2008,23,Hitter,SS,4.32,165.3,158.5,0.333,0.513,0.217,33.0,12.3,18.4,1.8,0.7,90.9,13.4,47.9,15.2,74.0,30.0,27.5,26.3,,,,,,,,,,,,
10137,Demo Hitter 137,2009,24,Hitter,SS,3.79,164.1,134.0,0.356,0.491,0.207,30.0,8.5,16.3,2.8,-0.8,88.2,12.2,39.9,15.2,74.0,30.7,30.1,27.0,,,,,,,,,,,,
10137,Demo Hitter 137,2010,25,Hitter,SS,3.97,141.9,144.5,0.338,0.46,0.22,29.0,9.8,12.1,2.8,-2.4,87.4,10.2,42.9,21.8,71.5,25.0,23.1,24.1,,,,,,,,,,,,
10137,Demo Hitter 137,2011,26,Hitter,SS,3.46,144.1,126.5,0.352,0.456,0.201,30.0,11.5,18.7,-2.7,-3.1,88.1,9.4,39.0,9.9,70.9,26.5,24.7,27.6,,,,,,,,,,,,
10138,Demo Hitter 138,2011,21,Hitter,C,2.73,131.1,132.5,0.334,0.468,0.178,18.0,9.2,22.1,2.0,-5.8,89.4,11.3,47.5,13.0,67.8,32.5,21.7,26.4,,,,,,,,,,,,
10138,Demo Hitter 138,2012,22,Hitter,C,3.42,151.2,131.8,0.347,0.465,0.22,32.0,12.6,24.9,-0.2,1.5,88.1,10.2,40.3,16.4,71.4,27.3,17.8,25.2,,,,,,,,,,,,
10138,Demo Hitter 138,2013,23,Hitter,C,3.64,136.1,133.4,0.345,0.459,0.232,24.0,8.5,24.1,2.1,-3.7,90.4,13.3,40.7,10.5,72.5,27.9,25.8,27.9,,,,,,,,,,,,
10138,Demo Hitter 138,2014,24,Hitter,C,3.76,144.6,135.3,0.363,0.474,0.195,31.0,10.3,20.6,-2.2,11.9,92.0,13.5,40.9,17.6,72.3,31.6,23.6,25.9,,,,,,,,,,,,
10138,Demo Hitter 138,2015,25,Hitter,C,3.75,141.8,133.4,0.353,0.49,0.194,19.0,9.5,22.6,-0.1,2.1,90.8,8.9,42.8,17.9,71.1,25.0,21.6,28.6,,,,,,,,,,,,
10138,Demo Hitter 138,2016,26,Hitter,C,2.66,125.5,139.7,0.333,0.435,0.189,23.0,11.7,26.4,2.6,-3.8,90.3,12.1,42.1,15.7,69.7,28.2,23.8,28.8,,,,,,,,,,,,
10138,Demo Hitter 138,2017,27,Hitter,C,2.63,126.9,136.7,0.331,0.45,0.175,36.0,9.3,19.3,-0.2,-8.1,88.7,7.9,32.1,22.0,68.1,25.2,25.0,26.2,,,,,,,,,,,,
10138,Demo Hitter 138,2018,28,Hitter,C,3.75,122.8,138.0,0.327,0.498,0.222,26.0,11.8,26.4,-1.5,8.9,92.4,11.5,48.3,14.0,72.5,27.8,25.3,27.2,,,,,,,,,,,,
10139,Demo Hitter 139,2015,20,Hitter,LF,3.45,135.3,122.9,0.355,0.475,0.189,25.0,10.6,20.7,-1.9,-1.2,88.7,9.6,42.7,9.5,71.0,25.4,26.5,26.6,,,,,,,,,,,,
10139,Demo Hitter 139,2016,21,Hitter,LF,5.2,174.4,154.9,0.357,0.464,0.256,26.0,9.9,17.9,-4.9,0.9,89.6,11.7,48.4,15.0,75.5,26.0,18.1,27.8,,,,,,,,,,,,
10139,Demo Hitter 139,2017,22,Hitter,LF,4.92,143.9,143.4,0.374,0.513,0.234,41.0,9.5,18.4,2.8,-7.4,91.2,13.6,47.6,12.6,72.5,23.7,22.1,26.0,,,,,,,,,,,,
10139,Demo Hitter 139,2018,23,Hitter,LF,3.41,134.4,119.7,0.331,0.452,0.191,26.0,12.0,19.5,3.1,-4.4,91.4,9.4,42.9,7.5,69.1,29.5,25.5,25.3,,,,,,,,,,,,
10139,Demo Hitter 139,2019,24,Hitter,LF,4.38,135.8,152.1,0.362,0.485,0.223,29.0,8.8,23.6,-2.5,-2.6,89.2,16.5,49.7,11.0,72.5,23.3,24.6,26.4,,,,,,,,,,,,
10139,Demo Hitter 139,2020,25,Hitter,LF,4.48,170.2,131.0,0.355,0.501,0.222,32.0,12.7,27.5,-1.7,-1.1,91.2,8.5,43.7,19.3,73.4,28.6,22.1,29.0,,,,,,,,,,,,
10139,Demo Hitter 139,2021,26,Hitter,LF,4.16,130.3,142.0,0.351,0.506,0.211,23.0,10.5,19.2,0.5,7.1,90.6,14.3,39.6,10.7,74.5,25.4,23.4,27.9,,,,,,,,,,,,
10139,Demo Hitter 139,2022,27,Hitter,LF,4.41,153.8,135.0,0.346,0.466,0.224,28.0,11.9,17.9,-2.2,7.4,88.3,11.7,45.0,16.8,75.0,28.6,24.2,24.5,,,,,,,,,,,,
10139,Demo Hitter 139,2023,28,Hitter,LF,4.43,142.6,139.6,0.348,0.47,0.227,41.0,10.4,22.3,-1.3,9.6,91.1,15.4,45.4,9.2,72.6,28.0,25.2,26.8,,,,,,,,,,,,
10139,Demo Hitter 139,2024,29,Hitter,LF,5.41,138.4,154.9,0.353,0.488,0.231,42.0,12.1,18.1,-4.4,0.5,91.2,15.3,48.5,17.9,70.9,27.6,25.2,26.7,,,,,,,,,,,,
10140,Demo Hitter 140,2008,22,Hitter,1B,3.86,159.2,148.2,0.357,0.466,0.202,20.0,12.1,20.4,-1.5,2.0,90.7,13.0,47.7,8.9,74.3,25.9,21.1,27.0,,,,,,,,,,,,
10140,Demo Hitter 140,2009,23,Hitter,1B,3.35,144.4,119.9,0.349,0.467,0.214,28.0,11.5,21.3,1.1,1.3,91.7,13.2,45.3,13.7,71.3,29.1,24.8,28.2,,,,,,,,,,,,
10140,Demo Hitter 140,2010,24,Hitter,1B,3.26,126.0,143.5,0.33,0.504,0.178,30.0,11.1,20.0,-0.5,-10.8,89.8,8.2,44.1,13.2,69.5,31.0,24.3,27.7,,,,,,,,,,,,
10140,Demo Hitter 140,2011,25,Hitter,1B,3.43,128.3,133.3,0.341,0.426,0.247,30.0,10.3,18.9,0.1,1.1,91.5,7.4,45.0,12.8,72.2,23.7,24.6,27.3,,,,,,,,,,,,
10140,Demo Hitter 140,2012,26,Hitter,1B,4.55,131.9,134.2,0.367,0.497,0.226,31.0,10.4,17.2,-1.5,6.6,92.6,12.2,41.7,18.7,73.7,31.1,21.5,24.9,,,,,,,,,,,,
10140,Demo Hitter 140,2013,27,Hitter,1B,2.9,136.4,140.0,0.355,0.45,0.198,27.0,9.6,21.9,0.1,-0.6,90.0,10.3,35.0,11.6,71.5,26.2,26.8,24.3,,,,,,,,,,,,
10140,Demo Hitter 140,2014,28,Hitter,1B,4.38,142.4,140.1,0.358,0.483,0.193,35.0,11.2,20.1,-3.8,-4.4,89.4,12.8,45.8,10.2,71.9,30.7,27.4,27.4,,,,,,,,,,,,
10140,Demo Hitter 140,2015,29,Hitter,1B,4.08,139.0,137.3,0.327,0.499,0.247,26.0,12.2,26.8,2.2,-0.7,89.6,12.7,42.3,9.0,73.7,26.9,21.0,26.8,,,,,,,,,,,,
10140,Demo Hitter 140,2016,30,Hitter,1B,4.04,153.3,135.1,0.358,0.492,0.207,29.0,6.6,23.5,-4.5,8.2,89.5,9.0,45.5,13.6,73.8,24.8,19.4,26.9,,,,,,,,,,,,
10141,Demo Hitter 141,2019,22,Hitter,3B,2.29,133.9,130.4,0.346,0.431,0.199,18.0,8.7,19.4,2.3,-4.4,90.7,9.6,35.2,12.1,72.6,32.0,21.7,27.1,,,,,,,,,,,,
10141,Demo Hitter 141,2020,23,Hitter,3B,1.62,124.1,115.2,0.328,0.386,0.175,28.0,9.4,20.4,-1.4,4.9,89.9,8.3,30.7,16.3,69.3,30.8,27.7,29.1,,,,,,,,,,,,
10141,Demo Hitter 141,2021,24,Hitter,3B,2.42,114.9,123.9,0.344,0.446,0.225,21.0,12.6,17.2,0.0,-0.8,88.7,8.8,37.8,19.0,70.0,31.5,24.9,27.0,,,,,,,,,,,,
10141,Demo Hitter 141,2022,25,Hitter,3B,2.49,138.1,132.7,0.349,0.413,0.14,31.0,11.0,22.3,-0.2,-4.7,87.8,9.6,42.6,15.8,67.6,25.9,28.2,27.8,,,,,,,,,,,,
10141,Demo Hitter 141,2023,26,Hitter,3B,3.02,124.0,129.4,0.333,0.417,0.182,26.0,10.3,24.4,-1.8,14.7,89.2,9.9,35.1,11.7,72.6,31.5,27.3,26.1,,,,,,,,,,,,
10141,Demo Hitter 141,2024,27,Hitter,3B,3.88,139.8,131.4,0.349,0.488,0.191,28.0,11.6,20.6,0.6,0.2,89.0,11.2,40.5,11.6,68.9,27.6,21.7,27.6,,,,,,,,,,,,
10141,Demo Hitter 141,2025,28,Hitter,3B,3.64,120.4,129.5,0.365,0.464,0.194,32.0,12.0,24.3,1.9,-5.9,91.3,11.6,47.0,6.7,71.3,26.8,22.4,26.9,,,,,,,,,,,,
10141,Demo Hitter 141,2026,29,Hitter,3B,2.28,112.6,118.0,0.352,0.438,0.195,27.0,9.3,21.3,-5.6,0.8,89.2,10.2,42.1,8.0,72.7,32.0,22.0,25.9,,,,,,,,,,,,
10142,Demo Hitter 142,2015,27,Hitter,2B,4.32,144.8,158.1,0.37,0.445,0.186,35.0,10.6,19.6,-0.1,-2.4,90.1,10.3,49.6,13.7,71.5,29.3,20.5,26.4,,,,,,,,,,,,
10142,Demo Hitter 142,2016,28,Hitter,2B,4.57,161.1,152.1,0.378,0.503,0.215,37.0,12.2,22.3,-2.4,-4.6,90.4,12.6,44.3,12.6,71.7,28.2,23.1,27.1,,,,,,,,,,,,
10142,Demo Hitter 142,2017,29,Hitter,2B,3.49,122.7,140.8,0.364,0.452,0.206,32.0,9.7,25.2,-1.3,2.2,88.4,12.6,45.1,17.9,71.7,33.1,24.1,28.6,,,,,,,,,,,,
10142,Demo Hitter 142,2018,30,Hitter,2B,3.94,137.8,132.7,0.37,0.51,0.219,33.0,9.3,17.3,1.4,12.6,92.4,13.3,42.7,17.5,72.8,28.9,23.8,27.5,,,,,,,,,,,,
10142,Demo Hitter 142,2019,31,Hitter,2B,3.11,150.8,118.4,0.337,0.44,0.209,21.0,10.4,23.7,-1.3,2.0,89.9,12.5,42.2,9.2,73.0,30.8,26.5,26.3,,,,,,,,,,,,
10142,Demo Hitter 142,2020,32,Hitter,2B,2.55,123.2,135.1,0.352,0.488,0.229,16.0,10.3,23.4,-2.1,7.2,88.6,6.7,43.2,18.3,69.7,32.4,25.6,28.0,,,,,,,,,,,,
10142,Demo Hitter 142,2021,33,Hitter,2B,1.86,116.1,132.2,0.34,0.447,0.209,21.0,8.5,18.4,0.6,-10.6,87.5,2.6,31.9,11.5,72.2,32.5,22.9,28.3,,,,,,,,,,,,
10142,Demo Hitter 142,2022,34,Hitter,2B,2.91,135.3,121.4,0.355,0.485,0.166,29.0,10.3,21.9,-2.2,-0.8,92.0,12.4,42.6,11.5,71.1,29.9,22.9,27.8,,,,,,,,,,,,
10143,Demo Hitter 143,2021,26,Hitter,SS,3.71,148.8,149.9,0.367,0.463,0.239,31.0,10.4,23.7,-3.2,-3.5,90.3,13.3,45.2,10.2,72.7,28.9,21.5,27.5,,,,,,,,,,,,
10143,Demo Hitter 143,2022,27,Hitter,SS,2.56,140.9,116.3,0.337,0.476,0.181,17.0,6.3,20.2,-4.5,6.2,89.3,10.9,46.7,6.9,71.1,31.3,21.3,28.4,,,,,,,,,,,,
10143,Demo Hitter 143,2023,28,Hitter,SS,3.81,143.5,140.9,0.369,0.46,0.212,27.0,6.5,19.5,-1.7,-5.8,91.5,11.8,45.0,11.3,70.6,28.5,27.5,26.7,,,,,,,,,,,,
10143,Demo Hitter 143,2024,29,Hitter,SS,2.34,141.5,132.4,0.335,0.419,0.211,21.0,7.4,25.6,-4.2,-1.3,88.9,10.5,37.4,10.6,67.3,27.1,20.3,28.6,,,,,,,,,,,,
10143,Demo Hitter 143,2025,30,Hitter,SS,3.77,153.0,131.3,0.35,0.466,0.216,23.0,9.5,16.0,-1.7,-2.9,90.7,11.0,50.6,15.4,77.2,24.9,20.5,27.3,,,,,,,,,,,,
10144,Demo Hitter 144,2014,26,Hitter,RF,3.78,125.1,140.4,0.339,0.484,0.21,26.0,9.7,19.4,2.5,-4.2,88.8,9.1,39.4,15.8,73.4,28.7,24.5,27.0,,,,,,,,,,,,
10144,Demo Hitter 144,2015,27,Hitter,RF,3.35,144.3,129.1,0.325,0.471,0.196,29.0,8.2,21.2,-2.7,-1.1,89.1,9.1,40.4,16.6,71.9,27.7,24.1,27.5,,,,,,,,,,,,
10144,Demo Hitter 144,2016,28,Hitter,RF,3.39,157.3,139.3,0.339,0.48,0.223,29.0,11.2,24.4,1.6,4.7,89.8,10.0,44.2,8.5,71.6,26.2,23.5,26.0,,,,,,,,,,,,
10144,Demo Hitter 144,2017,29,Hitter,RF,3.81,146.2,135.4,0.366,0.439,0.236,29.0,9.1,20.7,-2.1,0.6,89.6,9.2,41.9,10.2,70.5,30.9,20.3,27.5,,,,,,,,,,,,
10144,Demo Hitter 144,2018,30,Hitter,RF,3.49,154.6,129.3,0.368,0.411,0.244,23.0,10.5,19.6,-0.3,-3.0,87.5,7.0,38.3,15.0,73.4,30.5,24.2,28.0,,,,,,,,,,,,
10144,Demo Hitter 144,2019,31,Hitter,RF,2.89,124.1,126.6,0.34,0.427,0.196,25.0,8.0,28.2,-4.8,-4.6,88.7,9.4,45.4,10.6,70.7,27.1,19.5,27.6,,,,,,,,,,,,
10144,Demo Hitter 144,2020,32,Hitter,RF,4.04,153.7,137.0,0.371,0.458,0.211,26.0,11.5,20.5,0.4,-4.0,90.7,12.3,46.0,11.9,71.6,26.9,22.3,28.7,,,,,,,,,,,,
10144,Demo Hitter 144,2021,33,Hitter,RF,3.39,134.8,135.8,0.359,0.475,0.198,36.0,9.7,29.2,1.1,-3.2,92.6,13.7,43.8,12.5,69.4,28.1,23.2,27.8,,,,,,,,,,,,
10144,Demo Hitter 144,2022,34,Hitter,RF,2.08,116.9,119.1,0.325,0.454,0.163,23.0,9.9,19.8,2.0,0.7,89.2,5.5,37.4,10.9,73.5,26.5,26.6,26.4,,,,,,,,,,,,
10144,Demo Hitter 144,2023,35,Hitter,RF,2.67,132.8,127.7,0.335,0.437,0.221,32.0,10.0,19.3,2.7,0.3,87.4,13.4,45.2,12.9,72.9,26.3,24.5,27.8,,,,,,,,,,,,
10144,Demo Hitter 144,2024,36,Hitter,RF,2.94,123.4,129.9,0.381,0.492,0.184,20.0,7.7,25.0,1.8,0.4,88.9,10.4,50.3,15.5,66.8,23.9,27.8,26.5,,,,,,,,,,,,
10145,Demo Hitter 145,2010,20,Hitter,DH,5.66,164.5,152.6,0.379,0.53,0.232,36.0,11.9,22.3,-1.2,-7.1,91.9,13.1,46.0,8.6,72.5,32.1,13.6,27.0,,,,,,,,,,,,
10145,Demo Hitter 145,2011,21,Hitter,DH,5.08,174.4,146.7,0.354,0.493,0.236,37.0,12.3,21.8,-0.8,-1.3,91.9,12.1,42.9,17.3,71.0,23.7,25.5,25.7,,,,,,,,,,,,
10145,Demo Hitter 145,2012,22,Hitter,DH,5.69,182.8,132.3,0.379,0.519,0.221,35.0,11.6,14.9,-2.1,-5.1,90.1,11.6,49.0,12.0,72.3,26.6,21.1,26.9,,,,,,,,,,,,
10145,Demo Hitter 145,2013,23,Hitter,DH,4.85,155.7,133.2,0.397,0.476,0.25,43.0,9.3,17.4,1.4,-3.5,91.2,11.5,50.0,2.9,73.8,30.4,22.6,28.0,,,,,,,,,,,,
10145,Demo Hitter 145,2014,24,Hitter,DH,6.21,170.8,151.5,0.371,0.532,0.268,30.0,12.4,22.0,0.4,-2.3,94.2,14.5,51.8,14.5,74.7,25.9,25.1,25.7,,,,,,,,,,,,
10146,Demo Hitter 146,2020,27,Hitter,C,2.57,132.0,133.0,0.317,0.439,0.183,15.0,8.4,21.0,1.9,-5.2,89.2,7.5,34.4,12.1,71.3,26.2,25.8,28.0,,,,,,,,,,,,
10146,Demo Hitter 146,2021,28,Hitter,C,3.61,148.4,147.5,0.349,0.464,0.197,28.0,11.8,14.2,0.3,-4.9,90.1,11.3,37.6,14.0,72.7,31.8,21.2,27.7,,,,,,,,,,,,
10146,Demo Hitter 146,2022,29,Hitter,C,3.33,128.2,138.8,0.334,0.43,0.204,22.0,9.3,21.4,1.8,1.2,89.8,8.4,40.2,9.3,70.8,26.5,19.1,25.4,,,,,,,,,,,,
10146,Demo Hitter 146,2023,30,Hitter,C,2.79,158.1,117.2,0.334,0.43,0.204,28.0,13.0,20.6,0.0,4.0,86.6,9.5,29.0,14.4,71.4,26.9,23.9,26.6,,,,,,,,,,,,
10146,Demo Hitter 146,2024,31,Hitter,C,2.95,145.1,127.7,0.354,0.415,0.229,17.0,11.7,22.6,2.2,6.7,89.7,8.1,44.3,12.5,71.4,27.0,22.4,26.4,,,,,,,,,,,,
10146,Demo Hitter 146,2025,32,Hitter,C,2.58,134.4,125.2,0.353,0.474,0.217,26.0,7.3,21.0,1.8,-3.2,91.0,6.5,42.7,14.3,72.1,27.5,23.1,26.1,,,,,,,,,,,,
10146,Demo Hitter 146,2026,33,Hitter,C,2.55,117.9,137.4,0.33,0.437,0.175,29.0,8.8,20.0,-0.3,-1.3,91.7,11.2,41.0,9.0,71.2,25.4,23.5,27.1,,,,,,,,,,,,
10147,Demo Hitter 147,2019,25,Hitter,1B,2.21,119.0,118.2,0.33,0.472,0.163,16.0,9.1,18.4,2.0,2.8,89.8,9.7,39.5,10.6,68.9,31.9,25.4,26.8,,,,,,,,,,,,
10147,Demo Hitter 147,2020,26,Hitter,1B,1.93,128.5,118.3,0.341,0.42,0.164,20.0,8.5,19.7,1.9,6.6,85.5,8.9,46.1,13.2,71.9,26.5,23.3,27.1,,,,,,,,,,,,
10147,Demo Hitter 147,2021,27,Hitter,1B,2.84,127.0,118.7,0.337,0.427,0.216,22.0,7.0,21.5,0.7,-6.0,88.2,8.8,39.4,10.1,73.4,24.8,26.5,25.5,,,,,,,,,,,,
10147,Demo Hitter 147,2022,28,Hitter,1B,3.75,124.9,133.4,0.309,0.494,0.198,21.0,10.1,22.4,-1.3,-2.5,89.2,15.3,48.7,6.4,69.0,25.6,24.4,27.1,,,,,,,,,,,,
10148,Demo Hitter 148,2016,23,Hitter,SS,4.55,127.9,143.8,0.35,0.507,0.234,38.0,10.0,16.7,0.2,3.3,90.3,15.7,47.9,7.8,71.6,29.7,18.0,27.7,,,,,,,,,,,,
10148,Demo Hitter 148,2017,24,Hitter,SS,3.03,147.7,127.5,0.323,0.457,0.173,25.0,12.6,16.8,0.0,-8.9,88.0,12.7,46.1,11.5,72.5,27.9,22.3,27.2,,,,,,,,,,,,
10148,Demo Hitter 148,2018,25,Hitter,SS,4.11,144.7,154.7,0.342,0.47,0.221,37.0,8.6,19.6,-0.3,-0.0,92.0,12.4,41.5,10.5,71.2,27.2,22.9,26.8,,,,,,,,,,,,
10148,Demo Hitter 148,2019,26,Hitter,SS,3.87,139.1,134.3,0.366,0.461,0.185,32.0,9.7,24.8,0.7,-2.3,91.1,7.2,46.8,15.0,75.3,21.9,17.9,28.2,,,,,,,,,,,,
10149,Demo Hitter 149,2019,27,Hitter,DH,5.67,156.5,168.1,0.364,0.495,0.243,36.0,9.8,19.7,1.9,2.8,91.8,13.8,50.6,18.0,73.3,26.4,19.6,27.1,,,,,,,,,,,,
10149,Demo Hitter 149,2020,28,Hitter,DH,3.31,145.4,127.7,0.347,0.467,0.195,30.0,8.7,22.9,-0.6,-2.3,89.0,11.1,44.0,2.3,72.7,28.1,20.0,27.1,,,,,,,,,,,,
10149,Demo Hitter 149,2021,29,Hitter,DH,5.97,163.0,159.5,0.364,0.532,0.255,40.0,12.3,21.9,1.6,-3.4,90.5,16.3,47.5,14.6,74.6,22.2,22.2,27.8,,,,,,,,,,,,
10149,Demo Hitter 149,2022,30,Hitter,DH,4.98,150.1,156.9,0.385,0.512,0.207,22.0,8.5,16.1,-1.3,4.8,92.7,12.6,54.3,7.8,70.4,23.7,24.4,25.5,,,,,,,,,,,,
10150,Demo Hitter 150,2013,21,Hitter,LF,1.76,118.8,111.9,0.322,0.423,0.174,13.0,5.2,20.6,3.6,-6.2,87.2,8.1,39.9,17.6,73.0,27.2,27.8,27.0,,,,,,,,,,,,
10150,Demo Hitter 150,2014,22,Hitter,LF,1.91,120.5,126.3,0.351,0.403,0.178,21.0,8.5,24.3,-5.2,0.8,86.9,9.6,38.3,18.3,71.7,31.7,26.9,26.4,,,,,,,,,,,,
10150,Demo Hitter 150,2015,23,Hitter,LF,1.29,119.8,107.0,0.312,0.431,0.176,21.0,10.2,24.5,-0.1,-0.1,84.7,6.6,31.0,11.6,67.7,28.5,27.0,26.0,,,,,,,,,,,,
10150,Demo Hitter 150,2016,24,Hitter,LF,2.13,132.5,132.3,0.321,0.474,0.178,29.0,9.2,23.0,-0.0,0.7,86.8,7.9,38.6,17.4,69.7,28.7,25.2,28.9,,,,,,,,,,,,
10150,Demo Hitter 150,2017,25,Hitter,LF,1.45,127.4,115.1,0.35,0.422,0.166,18.0,9.2,19.7,-3.0,-1.9,89.2,11.0,39.6,10.1,70.8,28.0,24.2,26.2,,,,,,,,,,,,
10150,Demo Hitter 150,2018,26,Hitter,LF,2.14,112.8,113.4,0.337,0.458,0.176,22.0,8.4,18.4,-4.1,2.3,89.8,5.9,39.0,14.6,73.3,33.0,19.4,28.1,,,,,,,,,,,,
10150,Demo Hitter 150,2019,27,Hitter,LF,2.78,127.9,133.2,0.338,0.447,0.197,29.0,10.4,21.5,-1.3,-1.7,90.1,12.9,34.6,7.8,71.0,28.6,19.0,27.6,,,,,,,,,,,,
10150,Demo Hitter 150,2020,28,Hitter,LF,0.65,120.3,118.9,0.335,0.395,0.167,7.0,7.5,28.8,0.4,-1.3,89.9,9.0,30.1,7.5,70.2,23.0,22.3,25.2,,,,,,,,,,,,
10150,Demo Hitter 150,2021,29,Hitter,LF,1.53,118.6,106.0,0.337,0.394,0.141,13.0,10.3,21.0,0.2,4.0,88.2,4.5,34.8,14.6,73.7,27.9,18.7,26.3,,,,,,,,,,,,
10150,Demo Hitter 150,2022,30,Hitter,LF,1.72,125.0,124.5,0.312,0.45,0.192,10.0,10.8,26.7,2.8,0.6,88.5,7.4,34.9,15.2,69.6,27.6,23.7,27.7,,,,,,,,,,,,
10150,Demo Hitter 150,2023,31,Hitter,LF,1.31,117.4,108.5,0.339,0.432,0.156,8.0,8.4,18.4,1.6,5.5,87.3,6.1,39.2,19.8,71.8,30.9,24.9,27.7,,,,,,,,,,,,
10151,Demo Hitter 151,2019,24,Hitter,RF,3.39,152.0,138.4,0.332,0.432,0.212,32.0,11.4,18.7,-2.9,-6.1,88.1,6.6,42.4,13.4,74.3,29.6,26.7,28.2,,,,,,,,,,,,
10151,Demo Hitter 151,2020,25,Hitter,RF,4.46,137.3,141.3,0.364,0.535,0.237,22.0,7.0,16.9,2.2,-4.4,90.3,9.9,39.9,12.0,70.9,25.2,24.0,27.5,,,,,,,,,,,,
10151,Demo Hitter 151,2021,26,Hitter,RF,4.18,129.5,139.0,0.372,0.477,0.228,33.0,10.0,20.2,-0.1,4.1,91.0,10.4,47.1,17.6,71.7,25.4,26.0,27.3,,,,,,,,,,,,
10151,Demo Hitter 151,2022,27,Hitter,RF,3.95,139.9,137.4,0.339,0.441,0.195,35.0,11.6,20.1,2.0,-3.9,88.2,14.6,46.8,6.1,72.8,25.5,23.5,28.3,,,,,,,,,,,,
10151,Demo Hitter 151,2023,28,Hitter,RF,3.6,144.1,131.7,0.353,0.455,0.222,24.0,12.8,20.0,-0.6,-4.3,89.6,11.5,50.0,14.1,71.9,30.9,21.1,26.4,,,,,,,,,,,,
10151,Demo Hitter 151,2024,29,Hitter,RF,3.43,142.9,118.7,0.336,0.495,0.22,16.0,13.4,23.6,-2.6,2.3,89.1,13.1,39.8,13.0,73.3,29.3,27.3,27.4,,,,,,,,,,,,
10151,Demo Hitter 151,2025,30,Hitter,RF,3.73,150.2,130.8,0.344,0.507,0.208,23.0,8.4,19.3,-2.4,-0.5,89.6,12.1,46.8,17.2,73.6,30.9,19.9,28.5,,,,,,,,,,,,
10151,Demo Hitter 151,2026,31,Hitter,RF,3.62,135.3,130.5,0.349,0.512,0.228,29.0,12.0,18.4,1.9,-2.3,88.7,11.8,44.4,10.2,71.6,33.3,21.6,28.1,,,,,,,,,,,,
10152,Demo Hitter 152,2019,23,Hitter,SS,4.62,156.8,134.2,0.366,0.56,0.233,29.0,12.4,12.0,0.7,-2.8,91.4,13.2,40.3,18.1,70.1,22.2,20.0,25.6,,,,,,,,,,,,
10152,Demo Hitter 152,2020,24,Hitter,SS,5.14,165.8,157.2,0.331,0.458,0.23,34.0,12.5,18.8,1.9,6.4,92.8,13.2,41.2,15.1,73.3,27.1,19.4,27.7,,,,,,,,,,,,
10152,Demo Hitter 152,2021,25,Hitter,SS,3.49,138.7,134.6,0.328,0.472,0.191,30.0,11.3,16.1,0.6,0.7,89.0,9.9,41.3,11.2,70.6,29.5,20.0,26.2,,,,,,,,,,,,
10152,Demo Hitter 152,2022,26,Hitter,SS,5.76,165.4,165.8,0.362,0.503,0.265,29.0,11.0,17.8,-3.1,-0.3,90.2,13.3,48.0,16.6,71.9,26.4,21.0,30.0,,,,,,,,,,,,
10152,Demo Hitter 152,2023,27,Hitter,SS,4.66,151.5,148.5,0.364,0.486,0.217,31.0,9.6,18.8,-3.8,7.4,91.3,13.1,48.9,14.2,73.5,26.4,22.0,28.9,,,,,,,,,,,,
10152,Demo Hitter 152,2024,28,Hitter,SS,3.95,142.2,142.0,0.359,0.489,0.214,31.0,9.3,23.7,-2.3,4.4,90.8,11.6,48.7,13.9,70.7,24.1,23.6,27.5,,,,,,,,,,,,
10152,Demo Hitter 152,2025,29,Hitter,SS,5.56,152.3,162.8,0.372,0.486,0.222,33.0,14.7,22.9,4.3,4.1,91.0,13.1,53.3,19.6,73.8,28.3,20.9,27.1,,,,,,,,,,,,
10152,Demo Hitter 152,2026,30,Hitter,SS,4.56,171.3,138.8,0.356,0.472,0.246,32.0,9.4,18.1,-0.1,1.0,89.8,13.7,49.1,12.3,71.4,25.6,25.8,28.2,,,,,,,,,,,,
10153,Demo Hitter 153,2015,22,Hitter,C,4.97,159.0,144.2,0.363,0.539,0.256,29.0,10.7,14.5,-1.9,6.0,90.8,14.1,41.0,14.8,73.7,31.4,19.5,26.6,,,,,,,,,,,,
10153,Demo Hitter 153,2016,23,Hitter,C,4.6,139.9,147.8,0.336,0.458,0.239,30.0,12.0,21.3,-1.5,0.1,88.8,12.6,46.8,13.3,75.6,20.0,23.7,28.7,,,,,,,,,,,,
10153,Demo Hitter 153,2017,24,Hitter,C,4.89,167.1,147.5,0.366,0.506,0.236,23.0,8.1,17.4,2.1,12.9,91.7,12.1,48.7,17.1,74.2,25.4,26.8,25.8,,,,,,,,,,,,
10153,Demo Hitter 153,2018,25,Hitter,C,6.24,162.6,173.6,0.399,0.545,0.26,33.0,15.6,20.3,3.4,2.0,92.6,14.8,49.2,6.5,72.4,22.1,18.1,28.3,,,,,,,,,,,,
10153,Demo Hitter 153,2019,26,Hitter,C,5.01,151.6,143.1,0.379,0.52,0.212,33.0,11.4,20.6,1.7,10.8,91.3,15.0,46.2,14.6,72.1,29.2,20.8,28.5,,,,,,,,,,,,
10153,Demo Hitter 153,2020,27,Hitter,C,5.1,167.0,159.0,0.359,0.523,0.21,42.0,8.4,20.0,1.0,3.7,92.8,14.7,49.2,11.0,72.5,26.2,22.3,28.4,,,,,,,,,,,,
10153,Demo Hitter 153,2021,28,Hitter,C,4.86,157.1,154.8,0.381,0.504,0.227,37.0,10.1,25.0,-0.0,-6.5,89.7,12.3,38.9,13.0,72.0,29.2,24.6,28.0,,,,,,,,,,,,
10153,Demo Hitter 153,2022,29,Hitter,C,5.41,149.9,145.4,0.353,0.502,0.226,40.0,15.1,18.9,0.3,-10.8,93.2,10.5,49.2,14.4,72.8,21.3,13.9,30.5,,,,,,,,,,,,
10153,Demo Hitter 153,2023,30,Hitter,C,4.2,162.4,137.3,0.344,0.458,0.268,27.0,11.2,19.7,-1.6,2.1,89.8,8.0,40.2,12.3,70.5,28.4,18.5,26.0,,,,,,,,,,,,
10153,Demo Hitter 153,2024,31,Hitter,C,3.59,147.8,138.1,0.347,0.479,0.197,33.0,10.6,22.4,-0.1,-6.5,89.2,11.1,41.9,15.4,73.7,27.9,23.3,27.3,,,,,,,,,,,,
10154,Demo Hitter 154,2015,22,Hitter,SS,2.85,130.0,133.7,0.365,0.455,0.216,28.0,10.2,19.0,-0.9,-1.5,89.2,8.8,37.6,17.7,71.5,27.0,25.5,27.3,,,,,,,,,,,,
10154,Demo Hitter 154,2016,23,Hitter,SS,3.34,128.0,116.4,0.36,0.477,0.201,21.0,11.2,19.2,2.7,-0.2,90.0,11.4,40.1,9.4,72.1,28.9,20.7,29.1,,,,,,,,,,,,
10154,Demo Hitter 154,2017,24,Hitter,SS,3.1,138.1,126.2,0.36,0.469,0.192,23.0,10.6,17.1,0.6,5.1,88.8,7.2,43.9,9.8,70.7,24.6,21.4,25.6,,,,,,,,,,,,
10154,Demo Hitter 154,2018,25,Hitter,SS,2.71,143.4,128.8,0.352,0.46,0.211,31.0,10.5,18.1,4.7,6.9,88.5,12.0,40.5,13.0,68.6,29.3,27.9,27.5,,,,,,,,,,,,
10154,Demo Hitter 154,2019,26,Hitter,SS,3.53,135.8,143.4,0.334,0.46,0.175,26.0,11.4,21.2,-1.8,-0.4,91.6,12.1,45.0,10.0,71.5,31.3,24.4,26.0,,,,,,,,,,,,
10154,Demo Hitter 154,2020,27,Hitter,SS,2.98,126.5,132.2,0.358,0.45,0.174,32.0,11.2,25.5,-0.5,-5.7,90.8,12.0,33.7,6.2,72.9,31.9,26.6,27.7,,,,,,,,,,,,
10155,Demo Hitter 155,2020,23,Hitter,1B,2.06,120.5,119.7,0.312,0.431,0.179,15.0,9.8,20.9,-6.1,-5.6,89.5,9.7,42.7,8.2,73.4,31.6,28.2,25.6,,,,,,,,,,,,
10155,Demo Hitter 155,2021,24,Hitter,1B,2.09,127.0,125.3,0.329,0.414,0.174,19.0,8.6,21.7,-2.6,0.4,87.5,11.5,43.6,8.9,71.2,29.9,17.0,28.0,,,,,,,,,,,,
10155,Demo Hitter 155,2022,25,Hitter,1B,0.72,103.3,110.1,0.329,0.445,0.148,15.0,7.2,26.6,-1.4,-2.6,88.6,6.3,38.3,10.6,69.8,32.7,24.8,24.8,,,,,,,,,,,,
10155,Demo Hitter 155,2023,26,Hitter,1B,3.18,127.7,133.5,0.347,0.452,0.212,33.0,11.3,15.5,2.3,2.2,92.0,14.6,41.8,10.1,71.5,26.4,25.3,27.6,,,,,,,,,,,,
10155,Demo Hitter 155,2024,27,Hitter,1B,1.22,104.5,115.1,0.341,0.435,0.149,13.0,9.6,22.1,1.4,10.6,89.5,8.8,42.5,13.8,69.5,37.2,19.9,27.3,,,,,,,,,,,,
10155,Demo Hitter 155,2025,28,Hitter,1B,3.42,129.3,136.9,0.362,0.469,0.207,36.0,10.0,20.6,3.9,-6.3,88.8,11.3,37.3,9.7,71.5,29.7,16.1,26.2,,,,,,,,,,,,
10155,Demo Hitter 155,2026,29,Hitter,1B,2.03,120.0,112.6,0.343,0.455,0.18,25.0,11.4,25.8,-1.5,-2.3,88.4,5.8,37.9,7.7,71.6,31.4,22.2,27.7,,,,,,,,,,,,
10156,Demo Hitter 156,2015,27,Hitter,LF,4.23,143.2,136.2,0.338,0.476,0.22,31.0,13.6,21.3,2.2,-8.3,89.5,9.2,53.4,14.2,71.2,24.6,22.3,28.6,,,,,,,,,,,,
10156,Demo Hitter 156,2016,28,Hitter,LF,4.61,143.8,130.9,0.363,0.503,0.225,37.0,12.6,19.1,2.1,-0.0,91.6,13.9,51.7,7.8,74.1,27.4,21.4,27.5,,,,,,,,,,,,
10156,Demo Hitter 156,2017,29,Hitter,LF,3.22,152.6,141.8,0.349,0.445,0.208,19.0,8.2,25.9,2.8,1.5,91.5,11.0,47.2,14.7,72.7,28.3,29.8,25.9,,,,,,,,,,,,
10156,Demo Hitter 156,2018,30,Hitter,LF,3.43,144.5,146.1,0.359,0.462,0.195,23.0,11.0,19.7,3.8,-2.6,89.4,8.9,54.2,9.3,72.2,29.6,27.6,27.6,,,,,,,,,,,,
10157,Demo Hitter 157,2012,21,Hitter,C,3.93,148.9,143.3,0.364,0.463,0.233,27.0,11.8,20.5,1.2,5.3,90.3,13.5,45.1,6.3,72.4,30.6,19.3,26.0,,,,,,,,,,,,
10157,Demo Hitter 157,2013,22,Hitter,C,4.65,128.2,133.7,0.367,0.49,0.225,37.0,10.9,26.8,-1.3,1.4,92.1,11.0,49.7,8.4,72.2,28.3,20.1,26.9,,,,,,,,,,,,
10157,Demo Hitter 157,2014,23,Hitter,C,5.28,152.9,155.4,0.377,0.467,0.237,33.0,13.5,22.4,-5.3,-7.8,89.6,12.1,53.9,14.3,70.1,24.0,19.9,27.3,,,,,,,,,,,,
10157,Demo Hitter 157,2015,24,Hitter,C,4.51,145.3,144.7,0.355,0.452,0.26,34.0,9.7,26.3,-0.5,-2.1,89.6,8.1,45.6,17.5,75.0,34.1,23.2,28.1,,,,,,,,,,,,
10158,Demo Hitter 158,2015,21,Hitter,DH,1.98,131.2,109.6,0.322,0.423,0.187,23.0,7.8,21.5,-0.8,-1.4,89.9,8.4,41.9,19.5,72.6,31.9,21.0,26.3,,,,,,,,,,,,
10158,Demo Hitter 158,2016,22,Hitter,DH,2.0,134.9,116.9,0.313,0.424,0.19,17.0,12.1,23.7,2.8,0.9,86.2,8.4,41.4,10.6,70.2,28.5,24.4,28.6,,,,,,,,,,,,
10158,Demo Hitter 158,2017,23,Hitter,DH,2.67,133.3,126.0,0.357,0.438,0.177,22.0,10.6,22.4,-2.9,1.7,89.5,12.3,39.9,7.0,72.9,24.5,20.8,27.0,,,,,,,,,,,,
10158,Demo Hitter 158,2018,24,Hitter,DH,2.69,136.9,127.4,0.306,0.448,0.203,17.0,7.8,22.0,-6.4,4.2,88.2,10.4,45.3,13.6,66.9,26.4,17.9,25.7,,,,,,,,,,,,
10158,Demo Hitter 158,2019,25,Hitter,DH,1.92,123.3,112.9,0.324,0.437,0.183,22.0,9.9,22.2,1.1,2.2,91.7,13.3,34.1,18.2,69.4,25.8,26.5,27.5,,,,,,,,,,,,
10158,Demo Hitter 158,2020,26,Hitter,DH,3.18,147.3,141.8,0.343,0.446,0.18,26.0,8.5,22.0,-1.3,6.1,92.8,10.2,43.6,11.5,70.7,27.8,31.0,27.7,,,,,,,,,,,,
10159,Demo Hitter 159,2011,23,Hitter,RF,5.78,149.9,133.4,0.357,0.512,0.267,29.0,9.5,16.2,3.7,-0.2,92.2,16.3,48.8,10.7,71.7,24.4,13.9,28.7,,,,,,,,,,,,
10159,Demo Hitter 159,2012,24,Hitter,RF,5.5,144.1,144.6,0.349,0.504,0.213,33.0,9.5,23.1,-1.5,-6.0,92.1,16.1,52.7,14.8,73.2,21.2,22.7,25.5,,,,,,,,,,,,
10159,Demo Hitter 159,2013,25,Hitter,RF,5.72,158.9,159.7,0.373,0.528,0.242,29.0,12.9,22.9,3.4,1.2,90.2,16.4,46.4,14.2,71.5,24.2,19.7,26.6,,,,,,,,,,,,
10159,Demo Hitter 159,2014,26,Hitter,RF,4.5,161.4,145.4,0.345,0.515,0.209,40.0,11.1,17.8,1.7,-0.2,88.8,13.4,47.8,6.5,69.4,29.5,25.4,26.9,,,,,,,,,,,,
10159,Demo Hitter 159,2015,27,Hitter,RF,4.04,137.0,143.4,0.361,0.44,0.215,20.0,10.8,18.6,-1.7,-9.4,88.7,10.8,36.3,16.6,74.1,25.5,23.6,26.4,,,,,,,,,,,,
10159,Demo Hitter 159,2016,28,Hitter,RF,5.19,154.1,167.8,0.36,0.511,0.222,27.0,9.6,18.0,-1.4,-6.5,93.1,14.2,48.1,10.9,71.9,23.6,27.6,24.7,,,,,,,,,,,,
10159,Demo Hitter 159,2017,29,Hitter,RF,3.97,138.7,144.2,0.362,0.482,0.215,27.0,10.1,19.3,-0.4,6.2,88.8,5.9,38.4,14.1,70.0,31.0,22.9,26.0,,,,,,,,,,,,
10159,Demo Hitter 159,2018,30,Hitter,RF,4.31,153.9,142.9,0.364,0.493,0.222,33.0,8.9,18.1,-3.6,-5.9,88.9,9.5,41.4,4.8,71.5,19.4,21.5,29.8,,,,,,,,,,,,
10159,Demo Hitter 159,2019,31,Hitter,RF,4.66,147.6,136.3,0.347,0.483,0.233,28.0,12.4,17.2,-1.4,-0.8,88.1,16.3,39.8,7.8,71.3,28.6,27.3,26.4,,,,,,,,,,,,
10159,Demo Hitter 159,2020,32,Hitter,RF,5.14,178.6,150.7,0.401,0.507,0.241,33.0,12.8,17.3,1.0,1.9,90.0,13.5,42.7,10.0,73.6,28.8,26.6,26.6,,,,,,,,,,,,
10159,Demo Hitter 159,2021,33,Hitter,RF,3.51,151.3,120.6,0.351,0.438,0.19,27.0,9.4,24.6,-4.0,5.3,89.7,14.4,39.7,20.0,69.4,28.5,23.5,23.8,,,,,,,,,,,,
10160,Demo Hitter 160,2010,27,Hitter,1B,3.68,126.7,135.6,0.354,0.408,0.197,28.0,11.0,20.2,-0.0,-9.9,90.2,10.1,40.8,6.6,70.0,32.4,27.8,27.3,,,,,,,,,,,,
10160,Demo Hitter 160,2011,28,Hitter,1B,2.81,119.2,119.3,0.333,0.423,0.166,17.0,11.2,22.4,-1.9,-8.5,88.1,11.2,50.4,12.9,69.7,27.7,28.5,28.0,,,,,,,,,,,,
10160,Demo Hitter 160,2012,29,Hitter,1B,2.73,115.5,134.3,0.337,0.469,0.204,27.0,8.2,20.9,-0.9,2.3,90.0,7.8,44.4,13.8,74.5,33.3,19.5,26.4,,,,,,,,,,,,
10160,Demo Hitter 160,2013,30,Hitter,1B,2.44,122.7,116.1,0.327,0.455,0.203,19.0,11.8,25.4,-0.9,-9.7,89.9,8.8,33.2,16.1,70.2,26.8,29.1,26.5,,,,,,,,,,,,
10160,Demo Hitter 160,2014,31,Hitter,1B,1.79,121.4,111.3,0.335,0.459,0.158,24.0,7.2,17.5,-3.9,5.3,89.8,6.6,40.7,13.8,72.8,30.4,21.6,26.2,,,,,,,,,,,,
10160,Demo Hitter 160,2015,32,Hitter,1B,1.47,116.5,121.8,0.334,0.406,0.17,20.0,6.7,22.2,-2.9,-0.4,88.7,5.7,32.9,12.9,72.3,28.0,27.5,27.1,,,,,,,,,,,,
10160,Demo Hitter 160,2016,33,Hitter,1B,1.63,103.8,118.8,0.337,0.429,0.201,17.0,5.2,16.6,-2.3,1.7,86.6,7.8,36.9,12.1,72.6,32.2,26.4,26.6,,,,,,,,,,,,
10160,Demo Hitter 160,2017,34,Hitter,1B,1.5,117.9,118.5,0.324,0.429,0.208,21.0,9.0,26.0,2.5,-0.7,86.6,6.7,41.1,10.1,69.3,31.6,26.1,26.2,,,,,,,,,,,,
10161,Demo Hitter 161,2008,24,Hitter,SS,3.4,136.3,135.0,0.346,0.477,0.22,30.0,12.0,21.7,1.3,7.6,88.7,8.8,41.6,6.6,74.3,30.8,22.5,28.7,,,,,,,,,,,,
10161,Demo Hitter 161,2009,25,Hitter,SS,4.13,160.5,130.7,0.369,0.471,0.21,21.0,11.6,15.4,-1.8,-0.9,89.1,11.9,43.6,5.1,71.6,24.9,17.5,26.3,,,,,,,,,,,,
10161,Demo Hitter 161,2010,26,Hitter,SS,3.13,134.1,132.7,0.352,0.455,0.199,25.0,9.4,18.8,-1.8,7.6,91.2,10.1,36.1,12.9,70.1,27.3,25.8,28.2,,,,,,,,,,,,
10161,Demo Hitter 161,2011,27,Hitter,SS,3.55,137.9,140.7,0.35,0.502,0.241,30.0,10.4,19.6,-2.7,-3.0,88.5,11.3,41.1,13.6,70.3,31.0,24.2,27.2,,,,,,,,,,,,
10161,Demo Hitter 161,2012,28,Hitter,SS,3.44,125.2,143.9,0.344,0.445,0.216,38.0,9.0,19.9,-0.9,-0.0,88.3,6.2,40.9,6.8,69.7,25.2,22.5,26.8,,,,,,,,,,,,
10162,Demo Hitter 162,2014,26,Hitter,2B,4.07,150.3,137.9,0.379,0.506,0.213,37.0,5.8,21.1,4.2,-2.9,89.3,12.0,43.6,14.7,71.9,27.4,25.8,27.2,,,,,,,,,,,,
10162,Demo Hitter 162,2015,27,Hitter,2B,3.4,123.3,123.8,0.332,0.466,0.196,21.0,15.0,18.8,-0.3,-1.8,90.7,9.8,43.7,9.1,71.9,29.8,21.4,29.8,,,,,,,,,,,,
10162,Demo Hitter 162,2016,28,Hitter,2B,3.71,150.6,123.9,0.352,0.46,0.22,37.0,10.0,21.8,-4.9,0.0,91.4,10.8,43.8,10.4,71.1,27.3,18.4,25.8,,,,,,,,,,,,
10162,Demo Hitter 162,2017,29,Hitter,2B,3.21,126.2,135.6,0.354,0.431,0.235,34.0,12.7,21.0,-2.8,3.0,87.6,9.0,41.8,14.3,72.9,27.9,24.9,30.0,,,,,,,,,,,,
10162,Demo Hitter 162,2018,30,Hitter,2B,2.98,137.7,133.9,0.353,0.459,0.182,25.0,9.0,17.7,-1.3,-4.7,88.9,8.5,39.4,5.0,72.2,28.5,24.6,28.9,,,,,,,,,,,,
10162,Demo Hitter 162,2019,31,Hitter,2B,4.44,159.7,141.2,0.359,0.429,0.224,33.0,13.7,19.3,-4.9,2.5,90.4,13.3,51.0,17.0,71.7,26.0,23.7,27.0,,,,,,,,,,,,
10162,Demo Hitter 162,2020,32,Hitter,2B,3.8,137.8,136.1,0.36,0.472,0.223,23.0,11.4,19.9,2.9,-4.7,90.0,11.2,42.2,8.5,73.2,29.1,22.1,26.1,,,,,,,,,,,,
10162,Demo Hitter 162,2021,33,Hitter,2B,2.92,132.0,138.9,0.337,0.459,0.188,28.0,12.4,22.5,0.4,0.3,86.8,9.6,46.2,12.5,69.6,29.2,28.2,27.8,,,,,,,,,,,,
10162,Demo Hitter 162,2022,34,Hitter,2B,3.78,153.2,132.1,0.364,0.475,0.215,26.0,12.5,22.2,-0.8,-0.2,92.1,10.0,42.9,11.5,75.8,28.6,21.5,26.9,,,,,,,,,,,,
10162,Demo Hitter 162,2023,35,Hitter,2B,3.27,122.3,119.7,0.347,0.461,0.172,25.0,7.5,22.6,-0.4,4.6,90.5,10.0,36.6,23.3,75.6,28.2,25.3,29.1,,,,,,,,,,,,
10162,Demo Hitter 162,2024,36,Hitter,2B,2.72,141.4,128.6,0.346,0.423,0.201,36.0,9.5,16.3,-1.4,-1.5,88.3,7.6,44.2,12.2,67.5,30.3,23.7,30.0,,,,,,,,,,,,
10163,Demo Hitter 163,2011,26,Hitter,DH,4.18,152.0,151.7,0.359,0.495,0.238,29.0,12.2,15.8,-4.4,2.9,90.6,8.9,47.3,12.7,73.5,27.1,17.4,24.9,,,,,,,,,,,,
10163,Demo Hitter 163,2012,27,Hitter,DH,3.7,117.4,120.8,0.342,0.434,0.251,30.0,10.3,15.3,-2.0,-6.1,89.4,10.8,48.3,8.2,71.8,32.9,25.8,28.5,,,,,,,,,,,,
10163,Demo Hitter 163,2013,28,Hitter,DH,4.2,146.9,132.3,0.371,0.453,0.289,30.0,12.7,21.9,0.5,4.4,91.9,12.0,38.0,13.8,74.8,31.2,20.3,25.7,,,,,,,,,,,,
10163,Demo Hitter 163,2014,29,Hitter,DH,3.8,148.9,139.2,0.339,0.455,0.213,29.0,7.3,12.5,-0.8,-4.8,87.2,9.4,36.7,12.1,72.3,27.4,24.9,28.0,,,,,,,,,,,,
10163,Demo Hitter 163,2015,30,Hitter,DH,3.47,138.4,147.4,0.346,0.494,0.219,24.0,13.0,18.4,-3.0,1.4,88.7,11.2,42.9,11.8,71.8,27.7,25.7,26.6,,,,,,,,,,,,
10163,Demo Hitter 163,2016,31,Hitter,DH,2.8,148.2,124.6,0.363,0.482,0.183,22.0,12.2,24.0,-0.9,-1.4,89.8,8.4,42.1,10.4,71.7,20.0,22.1,24.7,,,,,,,,,,,,
10163,Demo Hitter 163,2017,32,Hitter,DH,2.73,125.1,126.2,0.343,0.501,0.177,28.0,10.5,22.6,-3.5,-1.8,90.0,10.8,44.4,15.4,70.9,30.6,25.3,29.5,,,,,,,,,,,,
10163,Demo Hitter 163,2018,33,Hitter,DH,3.21,125.0,138.5,0.356,0.477,0.213,20.0,8.3,24.5,2.8,7.3,89.3,12.6,43.3,10.6,73.5,30.2,21.8,27.5,,,,,,,,,,,,
10163,Demo Hitter 163,2019,34,Hitter,DH,3.5,149.7,130.8,0.355,0.416,0.218,25.0,10.3,19.3,0.5,-1.4,86.1,8.7,44.9,10.8,73.2,32.2,26.5,26.7,,,,,,,,,,,,
10163,Demo Hitter 163,2020,35,Hitter,DH,1.84,106.2,109.7,0.336,0.428,0.202,28.0,5.5,19.3,-3.9,8.5,89.4,9.5,36.0,5.7,72.7,28.7,26.3,29.1,,,,,,,,,,,,
10163,Demo Hitter 163,2021,36,Hitter,DH,3.16,135.8,136.2,0.345,0.44,0.227,31.0,7.1,23.3,-0.2,6.3,89.3,6.9,50.5,8.8,70.4,28.1,27.3,28.3,,,,,,,,,,,,
10163,Demo Hitter 163,2022,37,Hitter,DH,1.26,122.0,119.3,0.298,0.444,0.148,15.0,10.6,14.1,2.4,5.5,89.2,8.8,39.7,17.3,70.4,31.5,27.7,27.0,,,,,,,,,,,,
10164,Demo Hitter 164,2018,22,Hitter,RF,6.35,179.0,159.0,0.369,0.534,0.224,38.0,15.0,18.4,3.5,-4.8,92.2,13.6,52.1,9.9,75.3,24.8,24.6,27.6,,,,,,,,,,,,
10164,Demo Hitter 164,2019,23,Hitter,RF,5.26,182.2,146.8,0.356,0.488,0.232,34.0,15.5,18.7,4.5,-4.7,91.4,13.2,49.8,6.8,74.1,27.6,23.7,27.3,,,,,,,,,,,,
10164,Demo Hitter 164,2020,24,Hitter,RF,6.25,153.5,168.9,0.38,0.49,0.224,43.0,14.2,15.5,-3.8,2.4,92.8,14.7,55.0,9.4,71.8,28.8,17.7,25.3,,,,,,,,,,,,
10164,Demo Hitter 164,2021,25,Hitter,RF,7.38,175.9,177.3,0.392,0.574,0.264,54.0,15.1,13.2,-2.9,6.0,93.1,18.5,49.5,16.7,74.4,23.0,24.4,25.8,,,,,,,,,,,,
10164,Demo Hitter 164,2022,26,Hitter,RF,5.07,152.4,158.4,0.369,0.503,0.239,42.0,10.9,23.1,-0.7,6.5,91.6,15.9,41.6,11.8,70.9,29.1,26.3,26.9,,,,,,,,,,,,
10164,Demo Hitter 164,2023,27,Hitter,RF,6.04,161.3,162.1,0.369,0.529,0.23,28.0,11.8,14.8,0.4,-6.5,88.8,14.3,54.5,21.4,72.7,25.5,25.4,25.0,,,,,,,,,,,,
10164,Demo Hitter 164,2024,28,Hitter,RF,5.37,158.7,152.9,0.354,0.486,0.222,33.0,12.3,22.0,0.4,7.6,92.0,13.2,42.9,11.5,72.0,27.0,22.0,28.9,,,,,,,,,,,,
10164,Demo Hitter 164,2025,29,Hitter,RF,5.57,163.8,160.6,0.336,0.474,0.259,41.0,14.1,22.7,-3.0,-2.3,89.9,14.9,49.3,13.2,77.2,21.7,23.4,28.1,,,,,,,,,,,,
10164,Demo Hitter 164,2026,30,Hitter,RF,6.2,184.4,174.9,0.348,0.51,0.208,41.0,11.5,15.2,3.0,-0.6,90.3,17.1,53.7,9.3,73.1,27.9,20.2,26.6,,,,,,,,,,,,
10165,Demo Hitter 165,2013,23,Hitter,DH,2.6,114.8,104.7,0.323,0.453,0.246,26.0,10.8,21.7,1.3,-0.4,87.6,7.9,34.6,15.2,71.8,32.5,28.6,27.8,,,,,,,,,,,,
10165,Demo Hitter 165,2014,24,Hitter,DH,1.23,110.3,115.3,0.33,0.436,0.171,14.0,9.2,20.2,1.0,-2.9,86.4,10.4,37.6,9.2,67.8,27.1,21.8,25.9,,,,,,,,,,,,
10165,Demo Hitter 165,2015,25,Hitter,DH,2.64,143.8,117.7,0.334,0.468,0.211,24.0,9.0,21.3,-1.9,-6.7,88.7,10.3,36.3,13.7,69.8,28.9,23.2,28.2,,,,,,,,,,,,
10165,Demo Hitter 165,2016,26,Hitter,DH,2.02,115.5,121.6,0.35,0.446,0.179,21.0,9.5,22.6,1.6,4.9,90.4,10.7,39.3,3.5,70.3,33.2,20.0,25.5,,,,,,,,,,,,
10165,Demo Hitter 165,2017,27,Hitter,DH,2.33,133.0,127.0,0.345,0.429,0.181,27.0,9.2,16.2,0.1,-4.0,90.6,7.6,42.0,25.5,72.0,29.3,18.4,29.6,,,,,,,,,,,,
10165,Demo Hitter 165,2018,28,Hitter,DH,1.84,103.3,113.2,0.331,0.427,0.196,17.0,7.7,20.4,2.8,-4.6,89.0,7.1,39.7,14.4,70.7,24.3,21.1,26.0,,,,,,,,,,,,
10165,Demo Hitter 165,2019,29,Hitter,DH,1.78,127.6,101.8,0.345,0.447,0.185,21.0,4.3,28.0,-0.6,0.7,88.5,8.9,42.2,12.1,71.4,32.9,26.1,27.3,,,,,,,,,,,,
10165,Demo Hitter 165,2020,30,Hitter,DH,1.21,105.6,120.7,0.33,0.44,0.193,30.0,8.3,20.6,-2.9,6.7,87.6,10.3,31.4,13.5,70.7,25.3,24.5,25.7,,,,,,,,,,,,
10165,Demo Hitter 165,2021,31,Hitter,DH,2.14,131.3,119.3,0.348,0.442,0.188,25.0,8.8,21.4,-1.1,1.6,89.0,11.0,44.7,21.2,71.1,28.6,22.7,25.4,,,,,,,,,,,,
10165,Demo Hitter 165,2022,32,Hitter,DH,0.98,110.2,114.9,0.344,0.402,0.159,22.0,9.9,26.7,-2.0,-7.6,87.0,9.4,34.7,11.6,69.7,30.9,24.5,26.7,,,,,,,,,,,,
10165,Demo Hitter 165,2023,33,Hitter,DH,2.22,128.5,114.9,0.338,0.451,0.198,32.0,8.3,20.6,2.1,-12.3,89.5,12.8,44.4,14.5,69.4,25.9,25.2,24.7,,,,,,,,,,,,
10166,Demo Hitter 166,2020,26,Hitter,3B,5.26,152.4,162.8,0.393,0.545,0.246,44.0,11.9,17.6,-3.9,-5.0,92.8,14.0,46.5,16.0,76.1,30.4,20.7,27.0,,,,,,,,,,,,
10166,Demo Hitter 166,2021,27,Hitter,3B,6.05,151.6,165.1,0.353,0.518,0.24,37.0,10.1,16.0,-4.1,-2.0,92.4,17.3,46.9,17.6,72.1,25.0,23.2,29.0,,,,,,,,,,,,
10166,Demo Hitter 166,2022,28,Hitter,3B,5.25,151.1,148.0,0.384,0.533,0.25,34.0,10.2,23.3,-2.3,-4.1,89.2,7.5,47.7,6.3,71.9,29.6,18.1,24.5,,,,,,,,,,,,
10166,Demo Hitter 166,2023,29,Hitter,3B,4.82,155.2,146.7,0.387,0.482,0.211,34.0,11.3,23.2,-1.0,-3.5,91.3,11.8,51.1,24.6,74.1,26.4,23.3,28.3,,,,,,,,,,,,
10166,Demo Hitter 166,2024,30,Hitter,3B,5.2,152.7,153.6,0.36,0.505,0.249,39.0,7.6,25.2,0.6,-1.4,91.2,16.1,36.2,3.8,73.2,23.7,25.1,26.2,,,,,,,,,,,,
10167,Demo Hitter 167,2016,23,Hitter,CF,4.17,149.2,133.5,0.358,0.463,0.2,28.0,10.2,22.8,-0.0,-2.3,91.3,9.4,49.1,15.7,73.5,24.1,25.4,25.0,,,,,,,,,,,,
10167,Demo Hitter 167,2017,24,Hitter,CF,3.67,143.5,135.8,0.329,0.466,0.212,29.0,9.1,18.2,-0.4,1.1,90.3,9.1,47.6,16.9,71.8,29.2,29.6,28.8,,,,,,,,,,,,
10167,Demo Hitter 167,2018,25,Hitter,CF,4.73,150.3,148.6,0.356,0.445,0.204,30.0,12.2,15.0,0.5,-4.9,89.9,14.0,43.2,12.8,71.9,27.5,26.8,26.2,,,,,,,,,,,,
10167,Demo Hitter 167,2019,26,Hitter,CF,3.79,131.4,135.9,0.369,0.478,0.21,31.0,9.8,19.6,0.2,-1.1,90.9,11.7,42.7,18.3,70.6,24.1,26.8,27.2,,,,,,,,,,,,
10167,Demo Hitter 167,2020,27,Hitter,CF,4.52,152.6,136.3,0.339,0.477,0.264,37.0,13.4,18.9,-1.1,-6.7,87.8,12.5,49.7,20.2,72.7,24.1,27.7,26.8,,,,,,,,,,,,
10167,Demo Hitter 167,2021,28,Hitter,CF,1.5,110.4,109.8,0.336,0.421,0.164,16.0,9.6,24.9,2.2,1.7,87.4,6.4,33.6,12.0,69.4,27.0,24.7,27.4,,,,,,,,,,,,
10167,Demo Hitter 167,2022,29,Hitter,CF,2.41,130.1,120.0,0.341,0.43,0.174,23.0,7.1,20.8,-1.4,-2.3,89.0,7.9,43.2,9.9,72.2,33.7,22.0,25.8,,,,,,,,,,,,
10167,Demo Hitter 167,2023,30,Hitter,CF,2.91,133.4,144.2,0.352,0.502,0.151,22.0,11.5,15.7,-1.4,0.4,85.5,7.6,35.0,10.4,70.8,26.6,28.6,26.4,,,,,,,,,,,,
10167,Demo Hitter 167,2024,31,Hitter,CF,0.79,117.0,110.1,0.345,0.383,0.138,24.0,3.5,21.0,-1.7,7.5,83.5,7.9,44.0,18.3,71.2,31.2,28.4,27.4,,,,,,,,,,,,
10168,Demo Hitter 168,2012,21,Hitter,2B,1.73,110.9,123.3,0.364,0.476,0.162,16.0,8.8,18.0,-1.7,-0.8,86.6,8.7,38.6,11.7,72.8,28.7,30.6,27.4,,,,,,,,,,,,
10168,Demo Hitter 168,2013,22,Hitter,2B,3.0,127.6,138.0,0.374,0.442,0.221,29.0,11.1,21.4,-2.0,1.2,90.0,6.9,39.0,15.9,72.6,29.2,25.2,29.2,,,,,,,,,,,,
10168,Demo Hitter 168,2014,23,Hitter,2B,5.08,152.0,146.1,0.397,0.527,0.218,27.0,14.9,20.6,-0.1,5.9,88.7,7.7,46.6,7.8,76.7,24.0,18.4,28.6,,,,,,,,,,,,
10168,Demo Hitter 168,2015,24,Hitter,2B,3.54,126.4,136.7,0.347,0.487,0.273,26.0,8.5,17.2,-0.3,-0.2,89.8,14.1,43.2,19.4,71.6,27.4,24.8,25.9,,,,,,,,,,,,
10168,Demo Hitter 168,2016,25,Hitter,2B,4.26,143.1,135.9,0.355,0.481,0.223,34.0,10.7,18.4,2.4,5.9,90.0,13.5,40.0,13.7,73.8,27.9,24.9,23.8,,,,,,,,,,,,
10169,Demo Hitter 169,2017,27,Hitter,2B,4.27,150.7,139.2,0.364,0.516,0.192,35.0,11.2,22.6,2.3,-4.1,88.2,12.5,43.7,10.4,72.0,26.8,23.7,27.7,,,,,,,,,,,,
10169,Demo Hitter 169,2018,28,Hitter,2B,4.54,130.0,130.8,0.366,0.453,0.18,36.0,14.3,19.9,5.9,11.2,91.2,13.6,46.2,27.4,71.3,25.1,24.6,27.2,,,,,,,,,,,,
10169,Demo Hitter 169,2019,29,Hitter,2B,4.96,153.9,144.4,0.354,0.496,0.205,34.0,12.5,16.6,4.0,-0.4,88.4,10.7,39.0,10.2,72.3,29.1,25.8,29.0,,,,,,,,,,,,
10169,Demo Hitter 169,2020,30,Hitter,2B,4.85,152.8,141.8,0.355,0.49,0.234,29.0,9.9,16.7,2.6,-3.8,89.8,11.4,50.5,8.2,71.0,26.6,16.4,27.7,,,,,,,,,,,,
10169,Demo Hitter 169,2021,31,Hitter,2B,4.47,146.5,157.7,0.357,0.491,0.219,29.0,10.6,19.1,-3.1,-10.2,88.9,12.9,44.3,14.6,72.8,21.8,23.3,25.9,,,,,,,,,,,,
10169,Demo Hitter 169,2022,32,Hitter,2B,3.66,133.4,150.5,0.35,0.514,0.217,26.0,8.3,19.6,2.8,3.1,86.0,12.4,38.2,10.8,72.6,26.0,21.2,27.2,,,,,,,,,,,,
10169,Demo Hitter 169,2023,33,Hitter,2B,3.91,145.0,144.7,0.354,0.465,0.216,30.0,13.8,20.3,2.5,-5.8,89.0,12.4,45.4,11.9,71.6,26.9,27.7,23.4,,,,,,,,,,,,
10170,Demo Hitter 170,2014,24,Hitter,SS,1.51,109.2,116.2,0.329,0.452,0.163,23.0,9.2,22.0,1.6,-2.4,88.1,6.3,43.9,16.0,70.0,29.5,28.5,26.9,,,,,,,,,,,,
10170,Demo Hitter 170,2015,25,Hitter,SS,1.77,125.4,112.0,0.329,0.415,0.176,29.0,6.4,15.4,0.3,6.7,86.8,7.2,41.2,14.0,70.1,25.4,25.8,25.1,,,,,,,,,,,,
10170,Demo Hitter 170,2016,26,Hitter,SS,2.38,123.1,127.3,0.317,0.445,0.186,34.0,14.2,15.4,2.3,10.4,90.3,6.1,38.5,18.8,71.1,29.6,23.3,27.1,,,,,,,,,,,,
10170,Demo Hitter 170,2017,27,Hitter,SS,1.72,113.1,109.4,0.329,0.404,0.162,25.0,6.0,18.9,0.2,4.5,89.8,7.2,39.3,11.6,71.5,29.9,31.1,27.1,,,,,,,,,,,,
10170,Demo Hitter 170,2018,28,Hitter,SS,2.19,130.5,114.1,0.346,0.41,0.171,26.0,9.3,21.5,4.5,11.1,87.4,9.7,40.8,7.0,71.2,30.9,19.9,28.0,,,,,,,,,,,,
10170,Demo Hitter 170,2019,29,Hitter,SS,2.32,110.2,127.0,0.342,0.472,0.191,20.0,8.2,15.4,3.3,2.1,90.7,8.3,37.1,15.8,69.1,28.3,25.6,27.8,,,,,,,,,,,,
10170,Demo Hitter 170,2020,30,Hitter,SS,2.7,141.9,120.9,0.334,0.461,0.202,28.0,8.6,24.9,-1.0,-1.2,90.9,4.1,40.8,13.6,71.2,27.4,22.7,24.5,,,,,,,,,,,,
10171,Demo Pitcher 171,2016,23,Pitcher,RP,4.96,,,,,,,6.6,25.2,,,,,,,,35.0,34.9,,3.8,141.1,3.1,3.45,66.1,99.0,134.5,108.7,127.9,30.8,37.4,0.98
10171,Demo Pitcher 171,2017,24,Pitcher,RP,4.48,,,,,,,5.2,30.6,,,,,,,,36.2,35.5,,1.56,157.2,2.14,1.93,75.4,96.5,129.1,106.8,106.9,34.1,43.6,1.21
10171,Demo Pitcher 171,2018,25,Pitcher,RP,5.29,,,,,,,3.1,32.2,,,,,,,,33.6,38.1,,2.3,168.4,2.6,2.34,73.5,96.8,124.8,111.7,119.7,35.8,38.7,0.9
10171,Demo Pitcher 171,2019,26,Pitcher,RP,4.56,,,,,,,6.3,26.9,,,,,,,,40.3,32.3,,2.99,154.0,2.66,2.78,78.9,98.1,120.7,107.6,110.0,35.8,41.8,0.74
10171,Demo Pitcher 171,2020,27,Pitcher,RP,4.6,,,,,,,6.8,34.1,,,,,,,,34.8,30.1,,3.79,161.1,3.0,2.94,60.4,94.0,117.8,99.2,117.5,31.9,49.2,1.01
10171,Demo Pitcher 171,2021,28,Pitcher,RP,5.31,,,,,,,6.4,26.2,,,,,,,,28.5,36.6,,3.19,175.4,3.03,3.55,84.7,97.6,117.2,109.5,127.7,37.4,50.7,1.07
10172,Demo Pitcher 172,2018,22,Pitcher,SP,3.5,,,,,,,8.7,30.0,,,,,,,,36.3,32.4,,3.68,134.6,3.71,3.76,187.4,96.0,112.6,99.7,102.6,38.8,43.1,0.81
10172,Demo Pitcher 172,2019,23,Pitcher,SP,2.13,,,,,,,8.5,29.7,,,,,,,,29.1,26.7,,3.45,125.1,3.82,3.98,138.2,94.4,108.0,104.2,97.1,39.5,44.5,0.7
10172,Demo Pitcher 172,2020,24,Pitcher,SP,2.48,,,,,,,8.3,24.5,,,,,,,,30.4,29.6,,3.25,127.9,3.45,3.68,159.7,93.6,118.3,112.7,102.7,37.1,33.4,1.21
10172,Demo Pitcher 172,2021,25,Pitcher,SP,2.32,,,,,,,7.8,25.1,,,,,,,,35.4,30.5,,4.13,118.1,3.86,3.82,156.1,95.5,104.3,105.3,115.2,36.4,39.0,1.16
10172,Demo Pitcher 172,2022,26,Pitcher,SP,2.47,,,,,,,7.7,24.7,,,,,,,,30.0,28.0,,3.08,134.3,3.04,2.97,142.2,93.9,106.2,108.3,119.6,39.6,42.9,0.87
10172,Demo Pitcher 172,2023,27,Pitcher,SP,3.01,,,,,,,5.6,26.0,,,,,,,,34.1,29.4,,4.24,135.6,3.82,3.83,200.9,94.1,112.2,100.5,114.2,40.8,43.5,1.12
10172,Demo Pitcher 172,2024,28,Pitcher,SP,2.24,,,,,,,7.5,22.5,,,,,,,,30.0,31.9,,3.75,131.7,3.57,3.91,144.8,93.8,107.5,91.2,105.2,38.9,39.8,1.22
10172,Demo Pitcher 172,2025,29,Pitcher,SP,2.44,,,,,,,10.5,22.1,,,,,,,,29.7,26.6,,4.5,126.5,3.85,3.72,153.2,91.5,116.3,89.9,112.9,40.8,58.3,1.26
10172,Demo Pitcher 172,2026,30,Pitcher,SP,2.74,,,,,,,4.6,26.3,,,,,,,,27.7,26.1,,3.08,138.7,3.45,4.05,192.7,94.3,116.7,105.2,107.6,38.9,52.9,0.84
10173,Demo Pitcher 173,2020,21,Pitcher,RP,2.72,,,,,,,5.8,26.3,,,,,,,,30.4,28.5,,3.65,120.6,3.43,2.97,82.8,97.7,111.2,107.6,111.4,37.4,38.2,0.84
10173,Demo Pitcher 173,2021,22,Pitcher,RP,3.74,,,,,,,5.0,27.7,,,,,,,,28.8,30.6,,4.12,156.6,3.47,3.49,71.7,97.5,122.6,116.5,113.6,37.7,49.7,1.03
10173,Demo Pitcher 173,2022,23,Pitcher,RP,4.0,,,,,,,5.3,29.2,,,,,,,,33.8,35.3,,2.98,163.2,2.7,3.1,74.1,94.7,127.8,111.9,116.3,43.4,54.2,1.13
10173,Demo Pitcher 173,2023,24,Pitcher,RP,3.1,,,,,,,7.3,28.7,,,,,,,,32.5,31.6,,2.51,149.5,3.05,2.74,54.3,96.8,131.4,102.6,116.8,36.5,37.2,1.47
10174,Demo Pitcher 174,2010,26,Pitcher,SP,3.18,,,,,,,7.7,28.2,,,,,,,,36.7,33.8,,2.78,131.4,2.86,3.1,166.0,96.7,114.5,101.4,111.5,37.8,42.0,1.15
10174,Demo Pitcher 174,2011,27,Pitcher,SP,3.03,,,,,,,10.0,23.9,,,,,,,,33.2,28.3,,3.21,144.0,3.23,3.47,155.9,96.3,105.1,99.2,108.9,36.1,44.2,1.17
10174,Demo Pitcher 174,2012,28,Pitcher,SP,3.36,,,,,,,7.9,25.5,,,,,,,,38.5,24.2,,3.05,144.1,2.82,2.98,157.8,94.0,126.8,109.8,121.3,38.4,38.1,1.17
10174,Demo Pitcher 174,2013,29,Pitcher,SP,2.51,,,,,,,7.7,24.7,,,,,,,,33.6,25.2,,3.36,126.3,2.97,2.65,177.4,92.9,99.4,104.3,117.3,39.9,39.6,1.13
10174,Demo Pitcher 174,2014,30,Pitcher,SP,3.37,,,,,,,6.2,28.9,,,,,,,,32.1,32.9,,3.16,133.4,2.75,2.34,200.2,95.4,125.7,105.3,115.1,37.8,35.2,0.89
10174,Demo Pitcher 174,2015,31,Pitcher,SP,2.91,,,,,,,9.9,26.2,,,,,,,,28.1,31.7,,3.11,124.8,3.53,3.36,164.4,95.1,116.6,101.4,110.4,34.4,40.0,0.93
10174,Demo Pitcher 174,2016,32,Pitcher,SP,3.41,,,,,,,8.2,30.5,,,,,,,,30.9,29.8,,2.81,127.1,3.09,2.94,222.4,94.9,117.2,104.8,113.4,38.0,31.7,1.39
10174,Demo Pitcher 174,2017,33,Pitcher,SP,2.0,,,,,,,5.8,25.1,,,,,,,,30.6,23.8,,3.7,134.6,3.4,3.43,179.0,95.0,114.8,106.4,103.7,36.8,42.1,1.37
10174,Demo Pitcher 174,2018,34,Pitcher,SP,1.72,,,,,,,9.0,26.9,,,,,,,,29.3,30.6,,3.96,121.6,3.75,3.37,179.9,94.3,97.2,94.8,104.1,38.0,50.8,1.32
10174,Demo Pitcher 174,2019,35,Pitcher,SP,0.98,,,,,,,6.6,25.6,,,,,,,,28.7,24.0,,4.51,119.2,4.55,4.52,178.6,94.8,107.6,99.7,95.4,44.5,39.1,1.09
10175,Demo Pitcher 175,2019,27,Pitcher,RP,2.2,,,,,,,7.0,29.8,,,,,,,,33.1,25.5,,4.09,131.7,4.01,3.82,49.8,98.2,110.7,98.6,99.1,38.1,49.5,1.44
10175,Demo Pitcher 175,2020,28,Pitcher,RP,2.28,,,,,,,10.1,26.1,,,,,,,,29.0,29.6,,3.54,134.4,3.77,3.88,58.3,93.8,101.5,105.7,109.2,39.0,41.5,1.21
10175,Demo Pitcher 175,2021,29,Pitcher,RP,2.23,,,,,,,9.5,28.1,,,,,,,,27.8,32.9,,3.72,129.3,3.74,3.73,65.7,96.5,101.0,99.3,106.1,40.3,45.1,0.82
10175,Demo Pitcher 175,2022,30,Pitcher,RP,2.64,,,,,,,7.3,27.4,,,,,,,,35.4,27.5,,3.44,143.7,3.78,3.62,60.6,95.6,103.5,111.8,110.6,31.7,36.5,1.3
10175,Demo Pitcher 175,2023,31,Pitcher,RP,2.93,,,,,,,6.0,27.4,,,,,,,,32.8,27.7,,3.69,135.9,3.81,4.04,63.8,96.2,95.1,101.2,110.1,40.8,47.8,1.35
10175,Demo Pitcher 175,2024,32,Pitcher,RP,1.83,,,,,,,7.5,28.4,,,,,,,,27.3,27.3,,3.92,127.7,3.83,4.09,59.8,95.8,102.2,104.5,84.4,35.0,49.6,1.17
10175,Demo Pitcher 175,2025,33,Pitcher,RP,1.55,,,,,,,9.8,24.0,,,,,,,,23.8,25.1,,3.48,119.3,3.89,3.93,61.9,96.4,112.7,100.8,111.0,40.0,35.8,1.17
10175,Demo Pitcher 175,2026,34,Pitcher,RP,0.64,,,,,,,7.2,21.5,,,,,,,,27.2,29.4,,3.74,95.3,4.3,4.16,56.9,93.6,85.1,109.0,102.6,46.8,34.6,1.34
10176,Demo Pitcher 176,2018,21,Pitcher,SP,3.66,,,,,,,5.5,27.9,,,,,,,,33.7,32.9,,3.63,146.2,3.33,3.27,211.1,94.2,121.9,117.8,112.2,35.4,32.0,0.88
10176,Demo Pitcher 176,2019,22,Pitcher,SP,2.15,,,,,,,10.8,27.6,,,,,,,,29.1,27.5,,3.97,125.9,3.83,3.74,154.7,96.8,110.2,93.5,96.1,40.9,40.4,0.93
10176,Demo Pitcher 176,2020,23,Pitcher,SP,1.79,,,,,,,9.8,23.9,,,,,,,,24.5,25.8,,3.72,118.1,4.1,4.33,172.9,93.6,107.3,109.3,95.4,35.2,45.7,1.06
10176,Demo Pitcher 176,2021,24,Pitcher,SP,3.47,,,,,,,6.5,31.7,,,,,,,,31.7,25.1,,3.12,151.9,3.32,3.16,202.8,95.2,109.5,99.6,117.5,41.8,44.7,0.84
10176,Demo Pitcher 176,2022,25,Pitcher,SP,2.7,,,,,,,7.9,25.2,,,,,,,,36.2,19.8,,3.0,121.5,3.76,3.97,138.3,95.7,112.2,98.4,100.1,36.9,40.9,0.85
10176,Demo Pitcher 176,2023,26,Pitcher,SP,2.63,,,,,,,8.1,28.9,,,,,,,,27.5,22.8,,3.36,146.1,2.97,3.04,148.0,95.1,107.4,98.7,105.9,39.2,41.3,0.94
10176,Demo Pitcher 176,2024,27,Pitcher,SP,3.18,,,,,,,9.5,30.0,,,,,,,,31.1,30.2,,3.28,134.7,2.86,3.05,166.2,95.0,121.5,97.0,112.3,36.1,38.4,0.88
10176,Demo Pitcher 176,2025,28,Pitcher,SP,3.7,,,,,,,5.0,28.9,,,,,,,,33.4,30.4,,3.06,143.0,3.17,3.11,200.1,94.8,118.3,103.0,102.3,33.8,30.8,1.16
10176,Demo Pitcher 176,2026,29,Pitcher,SP,3.03,,,,,,,9.0,28.6,,,,,,,,29.7,29.5,,3.11,136.9,3.49,3.55,193.4,94.7,115.7,100.5,99.2,38.2,36.7,0.93
10177,Demo Pitcher 177,2019,21,Pitcher,SP,4.23,,,,,,,6.6,24.8,,,,,,,,33.1,32.3,,2.58,153.4,2.7,2.96,162.5,98.0,131.0,114.2,114.6,35.0,36.9,1.07
10177,Demo Pitcher 177,2020,22,Pitcher,SP,4.24,,,,,,,5.5,25.7,,,,,,,,32.0,33.9,,2.52,159.6,2.21,2.04,157.0,95.6,107.9,111.8,110.5,35.7,52.0,0.87
10177,Demo Pitcher 177,2021,23,Pitcher,SP,4.67,,,,,,,5.2,27.0,,,,,,,,31.7,28.1,,2.86,158.4,2.87,2.92,214.7,95.3,145.0,113.2,112.0,36.1,49.9,1.24
10177,Demo Pitcher 177,2022,24,Pitcher,SP,5.36,,,,,,,3.2,33.2,,,,,,,,37.5,32.7,,2.48,175.4,2.73,2.63,217.0,94.8,127.3,123.6,110.4,35.6,39.2,0.79
10177,Demo Pitcher 177,2023,25,Pitcher,SP,4.94,,,,,,,5.2,30.9,,,,,,,,35.1,32.0,,2.74,156.9,2.47,2.5,204.3,95.8,123.5,103.3,122.4,36.2,48.8,0.81
10178,Demo Pitcher 178,2019,26,Pitcher,RP,2.72,,,,,,,5.2,24.2,,,,,,,,27.7,25.2,,2.79,136.4,3.44,3.38,55.2,95.3,111.2,106.1,101.9,34.5,52.5,0.9
10178,Demo Pitcher 178,2020,27,Pitcher,RP,2.9,,,,,,,8.5,28.0,,,,,,,,36.7,34.3,,3.0,147.9,3.4,3.59,63.1,95.9,123.4,102.5,106.5,37.4,40.0,1.0
10178,Demo Pitcher 178,2021,28,Pitcher,RP,4.32,,,,,,,4.1,25.2,,,,,,,,29.8,37.5,,2.97,145.9,3.04,3.16,63.8,98.5,113.1,98.0,120.6,37.7,38.4,1.16
10178,Demo Pitcher 178,2022,29,Pitcher,RP,3.52,,,,,,,6.8,27.6,,,,,,,,31.7,33.1,,3.2,142.6,3.23,3.29,67.8,97.2,115.3,111.5,106.4,35.6,48.7,0.71
10178,Demo Pitcher 178,2023,30,Pitcher,RP,3.78,,,,,,,3.5,29.0,,,,,,,,34.2,31.6,,3.41,158.5,3.34,3.54,67.6,95.5,121.7,101.5,125.4,30.8,42.2,1.07
10178,Demo Pitcher 178,2024,31,Pitcher,RP,2.14,,,,,,,8.4,25.7,,,,,,,,24.6,26.5,,3.74,110.5,3.76,3.94,65.1,96.4,105.6,113.6,100.4,40.5,41.8,0.86
10178,Demo Pitcher 178,2025,32,Pitcher,RP,2.52,,,,,,,6.9,26.3,,,,,,,,30.4,30.9,,3.18,137.8,2.91,3.16,54.1,96.8,109.3,95.0,100.0,41.7,55.6,1.4
10178,Demo Pitcher 178,2026,33,Pitcher,RP,2.89,,,,,,,7.1,27.8,,,,,,,,31.7,27.9,,3.6,127.0,3.73,3.72,71.9,96.2,106.3,101.2,113.1,40.6,42.5,0.88
10179,Demo Pitcher 179,2008,25,Pitcher,SP,3.07,,,,,,,3.7,27.7,,,,,,,,31.3,28.3,,3.12,155.8,3.04,2.89,188.5,95.5,109.6,104.1,108.3,36.7,57.0,1.09
10179,Demo Pitcher 179,2009,26,Pitcher,SP,4.49,,,,,,,2.0,32.4,,,,,,,,29.3,35.9,,3.75,153.7,3.17,3.05,214.0,95.6,120.5,109.0,114.4,31.5,49.1,0.89
10179,Demo Pitcher 179,2010,27,Pitcher,SP,4.07,,,,,,,5.6,29.8,,,,,,,,34.1,32.7,,2.82,151.4,3.42,3.4,209.7,94.2,122.2,100.2,102.4,34.3,44.1,1.07
10179,Demo Pitcher 179,2011,28,Pitcher,SP,3.5,,,,,,,3.8,27.8,,,,,,,,32.5,29.3,,3.85,138.1,3.34,2.94,195.5,96.0,111.2,110.8,103.5,36.4,25.1,1.0
10180,Demo Pitcher 180,2013,22,Pitcher,RP,1.99,,,,,,,6.2,25.6,,,,,,,,26.0,28.0,,3.52,128.7,3.39,3.1,45.7,96.7,118.8,99.0,89.6,39.3,40.2,1.06
10180,Demo Pitcher 180,2014,23,Pitcher,RP,1.38,,,,,,,11.2,20.6,,,,,,,,32.0,27.4,,4.11,112.8,3.69,3.6,57.0,97.4,104.6,98.1,95.4,42.2,31.4,1.2
10180,Demo Pitcher 180,2015,24,Pitcher,RP,1.19,,,,,,,7.1,23.0,,,,,,,,29.8,23.0,,4.61,108.7,3.97,3.57,58.9,97.0,100.0,99.0,91.4,42.5,38.1,1.35
10180,Demo Pitcher 180,2016,25,Pitcher,RP,1.52,,,,,,,6.7,25.5,,,,,,,,32.2,23.5,,4.21,116.0,4.14,4.5,53.4,93.8,110.8,108.3,98.9,38.2,37.0,1.09
10181,Demo Pitcher 181,2013,21,Pitcher,RP,3.18,,,,,,,7.3,24.2,,,,,,,,34.5,24.7,,2.32,141.5,2.75,2.92,73.1,96.0,122.1,101.0,112.0,32.7,34.7,0.91
10181,Demo Pitcher 181,2014,22,Pitcher,RP,2.69,,,,,,,8.8,31.1,,,,,,,,25.0,28.7,,3.37,128.7,3.49,3.42,56.6,93.1,122.7,94.6,99.3,33.5,45.5,1.11
10181,Demo Pitcher 181,2015,23,Pitcher,RP,2.78,,,,,,,3.7,25.6,,,,,,,,32.2,31.6,,3.85,124.4,4.21,3.94,81.6,95.4,105.5,105.3,124.8,37.2,40.1,0.88
10181,Demo Pitcher 181,2016,24,Pitcher,RP,3.8,,,,,,,8.9,26.6,,,,,,,,33.2,30.8,,2.13,138.8,2.97,3.14,66.4,98.2,119.2,106.0,104.2,36.7,46.7,0.64
10181,Demo Pitcher 181,2017,25,Pitcher,RP,3.5,,,,,,,4.3,24.0,,,,,,,,33.5,26.6,,3.28,142.9,3.51,3.86,59.8,97.6,110.5,102.2,114.6,37.8,36.0,1.24
10181,Demo Pitcher 181,2018,26,Pitcher,RP,3.63,,,,,,,5.5,27.8,,,,,,,,31.3,28.7,,3.33,143.7,2.89,2.9,82.6,99.0,109.9,111.0,112.6,35.1,45.3,1.01
10181,Demo Pitcher 181,2019,27,Pitcher,RP,2.92,,,,,,,6.3,21.7,,,,,,,,31.3,24.2,,4.29,129.2,4.04,3.96,48.9,96.9,118.7,101.5,97.7,34.3,38.9,1.07
10181,Demo Pitcher 181,2020,28,Pitcher,RP,3.21,,,,,,,4.6,33.2,,,,,,,,40.0,24.8,,2.83,140.6,3.22,3.12,69.0,96.6,112.0,104.2,110.9,32.2,44.4,0.79
10181,Demo Pitcher 181,2021,29,Pitcher,RP,2.2,,,,,,,8.6,25.3,,,,,,,,30.9,30.5,,3.69,127.4,3.55,3.54,61.3,96.7,110.0,106.2,102.6,39.4,52.1,0.75
10181,Demo Pitcher 181,2022,30,Pitcher,RP,2.37,,,,,,,6.7,27.1,,,,,,,,30.3,24.8,,3.99,126.6,3.98,4.21,95.1,96.3,99.8,105.1,106.9,37.0,40.7,0.92
10181,Demo Pitcher 181,2023,31,Pitcher,RP,1.99,,,,,,,5.9,27.2,,,,,,,,28.7,28.4,,4.08,121.8,3.9,3.74,67.6,95.9,102.2,105.3,107.0,38.1,25.0,1.06
10182,Demo Pitcher 182,2019,25,Pitcher,RP,4.32,,,,,,,4.3,33.7,,,,,,,,29.6,30.1,,3.66,152.7,3.3,3.21,63.4,97.8,127.1,111.8,126.2,35.2,35.3,1.03
10182,Demo Pitcher 182,2020,26,Pitcher,RP,4.85,,,,,,,4.3,29.8,,,,,,,,40.0,31.4,,3.76,159.3,3.1,3.24,67.8,100.4,111.6,99.8,126.9,34.4,36.3,0.95
10182,Demo Pitcher 182,2021,27,Pitcher,RP,3.66,,,,,,,7.2,28.2,,,,,,,,36.9,27.6,,2.98,155.5,3.16,3.33,61.3,99.0,117.0,101.5,107.4,33.3,35.4,0.65
10182,Demo Pitcher 182,2022,28,Pitcher,RP,4.4,,,,,,,5.4,36.1,,,,,,,,39.4,33.4,,3.4,138.3,3.42,3.73,88.1,97.1,134.1,104.0,113.2,38.5,46.5,0.94
10182,Demo Pitcher 182,2023,29,Pitcher,RP,4.02,,,,,,,6.5,31.7,,,,,,,,33.6,27.8,,2.78,151.1,3.11,3.19,64.9,96.2,120.5,101.9,115.9,40.5,39.6,0.82
10182,Demo Pitcher 182,2024,30,Pitcher,RP,3.34,,,,,,,8.1,32.5,,,,,,,,32.4,31.3,,3.94,141.5,4.27,4.56,74.4,94.0,102.1,120.2,108.6,38.2,37.2,0.73
10182,Demo Pitcher 182,2025,31,Pitcher,RP,4.15,,,,,,,5.8,26.7,,,,,,,,32.7,29.1,,3.23,166.9,3.07,2.97,73.8,95.9,125.0,103.0,115.5,38.3,43.0,1.16
10182,Demo Pitcher 182,2026,32,Pitcher,RP,4.52,,,,,,,5.6,29.8,,,,,,,,36.6,33.0,,3.39,163.1,3.35,3.45,76.2,96.0,132.2,107.2,121.6,33.5,40.4,0.84
10183,Demo Pitcher 183,2015,20,Pitcher,SP,1.12,,,,,,,4.3,22.2,,,,,,,,28.4,26.7,,3.71,107.9,4.13,3.92,120.9,91.5,90.7,108.0,92.5,43.4,46.2,0.97
10183,Demo Pitcher 183,2016,21,Pitcher,SP,0.78,,,,,,,10.4,26.9,,,,,,,,27.4,27.1,,3.83,122.9,4.06,3.76,150.1,96.3,103.8,92.4,89.2,38.4,42.0,1.48
10183,Demo Pitcher 183,2017,22,Pitcher,SP,1.28,,,,,,,10.2,24.1,,,,,,,,27.6,22.9,,5.46,101.1,4.99,5.14,177.8,93.0,103.4,95.9,102.0,41.5,44.3,0.87
10183,Demo Pitcher 183,2018,23,Pitcher,SP,1.42,,,,,,,6.3,20.2,,,,,,,,33.8,24.5,,4.28,113.2,4.31,4.21,138.4,93.7,102.1,95.0,107.9,45.4,45.7,1.05
10183,Demo Pitcher 183,2019,24,Pitcher,SP,1.09,,,,,,,6.5,25.9,,,,,,,,26.5,24.6,,4.41,116.0,3.97,3.67,150.4,95.1,112.1,97.0,97.5,38.5,46.6,1.42
10183,Demo Pitcher 183,2020,25,Pitcher,SP,1.96,,,,,,,6.2,20.5,,,,,,,,32.5,27.2,,4.6,140.5,4.52,4.62,159.6,94.8,102.8,109.4,104.7,39.9,56.9,1.25
10183,Demo Pitcher 183,2021,26,Pitcher,SP,2.44,,,,,,,4.5,24.8,,,,,,,,28.5,33.2,,3.39,137.0,3.56,3.7,169.1,92.5,118.9,104.1,119.4,39.2,37.8,1.13
10183,Demo Pitcher 183,2022,27,Pitcher,SP,1.63,,,,,,,7.8,24.2,,,,,,,,27.6,30.6,,3.9,124.6,3.99,4.01,157.8,92.9,102.3,109.4,103.9,35.2,42.0,0.92
10183,Demo Pitcher 183,2023,28,Pitcher,SP,1.52,,,,,,,8.1,26.2,,,,,,,,33.8,25.6,,3.69,107.6,3.99,3.9,173.4,94.8,110.6,102.3,95.2,38.9,39.4,1.23
10183,Demo Pitcher 183,2024,29,Pitcher,SP,2.16,,,,,,,8.7,25.4,,,,,,,,37.6,31.7,,4.28,127.5,3.61,3.59,161.4,94.3,93.9,98.0,96.9,33.5,34.8,0.77
10183,Demo Pitcher 183,2025,30,Pitcher,SP,0.79,,,,,,,8.8,23.7,,,,,,,,25.5,26.2,,3.91,113.9,4.04,4.03,127.3,93.5,84.8,89.4,112.8,43.1,38.6,1.06
10183,Demo Pitcher 183,2026,31,Pitcher,SP,2.12,,,,,,,7.1,23.4,,,,,,,,24.0,23.7,,3.63,127.4,3.61,3.8,204.4,95.1,95.0,111.7,105.8,41.3,42.8,0.84
10184,Demo Pitcher 184,2010,27,Pitcher,RP,2.83,,,,,,,6.2,26.2,,,,,,,,32.2,30.1,,4.85,134.0,3.91,3.99,63.1,93.9,104.6,104.4,106.3,39.3,46.7,1.17
10184,Demo Pitcher 184,2011,28,Pitcher,RP,3.56,,,,,,,6.0,28.4,,,,,,,,31.1,26.9,,3.18,144.3,3.19,3.43,60.5,96.1,111.9,118.9,113.1,38.5,42.1,1.14
10184,Demo Pitcher 184,2012,29,Pitcher,RP,2.66,,,,,,,7.7,25.1,,,,,,,,34.1,27.6,,3.73,138.7,3.75,4.05,62.6,96.0,115.8,98.5,113.7,42.0,51.0,1.03
10184,Demo Pitcher 184,2013,30,Pitcher,RP,3.02,,,,,,,8.5,25.6,,,,,,,,31.4,30.1,,3.31,148.5,3.23,3.01,52.0,95.4,122.9,107.3,112.9,38.2,52.7,0.86
10184,Demo Pitcher 184,2014,31,Pitcher,RP,4.47,,,,,,,4.5,28.4,,,,,,,,34.0,26.6,,2.35,167.2,2.7,2.6,67.0,98.1,127.5,109.2,114.7,29.4,37.6,0.99
10185,Demo Pitcher 185,2009,23,Pitcher,SP,2.93,,,,,,,6.6,29.2,,,,,,,,31.1,30.1,,3.45,143.2,3.32,3.04,159.2,94.7,118.5,107.3,110.3,35.0,53.2,0.95
10185,Demo Pitcher 185,2010,24,Pitcher,SP,3.91,,,,,,,4.8,26.2,,,,,,,,26.9,32.0,,3.4,166.7,2.83,2.62,191.8,95.6,122.4,110.6,120.2,38.1,40.4,0.89
10185,Demo Pitcher 185,2011,25,Pitcher,SP,2.63,,,,,,,8.7,24.6,,,,,,,,35.0,25.4,,3.76,129.6,3.87,3.75,174.5,98.3,116.6,107.2,105.9,40.4,43.1,1.11
10185,Demo Pitcher 185,2012,26,Pitcher,SP,4.0,,,,,,,5.9,30.8,,,,,,,,34.2,26.5,,3.49,140.0,3.22,3.22,208.2,95.0,120.6,101.3,117.2,39.2,42.7,0.89
10185,Demo Pitcher 185,2013,27,Pitcher,SP,2.84,,,,,,,12.2,25.1,,,,,,,,29.7,33.6,,3.93,129.7,4.08,4.18,164.1,94.3,121.5,110.4,97.8,34.2,35.0,1.16
10185,Demo Pitcher 185,2014,28,Pitcher,SP,2.91,,,,,,,8.4,21.0,,,,,,,,33.1,27.6,,2.58,155.0,3.24,2.95,185.5,96.6,106.0,91.4,110.9,40.6,57.4,0.93
10185,Demo Pitcher 185,2015,29,Pitcher,SP,2.5,,,,,,,5.7,25.9,,,,,,,,34.7,31.5,,2.96,123.6,2.92,2.82,171.3,93.8,101.9,105.0,108.6,35.9,34.5,0.88
10186,Demo Pitcher 186,2016,22,Pitcher,SP,3.84,,,,,,,7.4,29.3,,,,,,,,27.9,29.2,,2.15,134.2,2.7,2.96,219.8,94.2,140.1,108.5,113.3,40.2,48.9,0.77
10186,Demo Pitcher 186,2017,23,Pitcher,SP,2.24,,,,,,,11.0,24.6,,,,,,,,33.3,23.5,,3.84,128.5,3.75,3.87,162.6,94.4,104.2,106.3,120.1,46.3,33.6,1.25
10186,Demo Pitcher 186,2018,24,Pitcher,SP,3.87,,,,,,,5.7,31.2,,,,,,,,30.9,33.5,,3.56,145.5,3.43,3.32,165.3,95.6,122.6,110.8,115.8,37.8,46.9,0.96
10186,Demo Pitcher 186,2019,25,Pitcher,SP,3.6,,,,,,,6.5,27.7,,,,,,,,32.8,28.1,,4.02,137.7,3.77,3.93,196.7,94.7,121.5,110.9,113.9,36.7,35.1,0.82
10186,Demo Pitcher 186,2020,26,Pitcher,SP,4.13,,,,,,,8.8,33.9,,,,,,,,36.6,28.7,,2.75,144.4,2.46,2.6,182.4,97.9,129.9,105.3,118.8,39.2,48.5,1.26
10186,Demo Pitcher 186,2021,27,Pitcher,SP,3.22,,,,,,,6.3,28.7,,,,,,,,37.6,31.8,,2.92,139.1,3.19,3.4,202.0,95.3,111.2,97.9,107.4,39.3,44.0,0.74
10187,Demo Pitcher 187,2008,20,Pitcher,RP,3.23,,,,,,,8.4,24.2,,,,,,,,33.2,28.4,,3.71,131.3,3.54,3.68,61.1,94.7,133.5,125.0,95.8,35.4,36.8,1.05
10187,Demo Pitcher 187,2009,21,Pitcher,RP,2.37,,,,,,,5.1,21.6,,,,,,,,36.0,25.8,,2.72,120.1,2.79,2.82,70.0,97.2,113.2,95.7,105.1,37.3,43.1,0.95
10187,Demo Pitcher 187,2010,22,Pitcher,RP,4.12,,,,,,,6.1,27.1,,,,,,,,34.5,27.2,,3.21,130.8,3.42,3.5,61.6,99.1,104.5,101.7,113.6,36.5,36.1,0.8
10187,Demo Pitcher 187,2011,23,Pitcher,RP,2.72,,,,,,,8.0,31.2,,,,,,,,32.2,27.5,,3.93,120.3,4.02,4.07,64.4,98.0,114.7,81.9,116.4,37.2,34.9,1.31
10187,Demo Pitcher 187,2012,24,Pitcher,RP,4.99,,,,,,,5.2,30.7,,,,,,,,33.6,42.0,,2.64,146.8,2.9,2.99,78.6,96.2,126.7,108.9,120.0,31.3,41.9,0.71
10187,Demo Pitcher 187,2013,25,Pitcher,RP,2.76,,,,,,,3.3,20.3,,,,,,,,30.2,25.9,,3.31,127.4,3.47,3.4,60.8,96.5,113.4,99.9,112.1,35.9,39.7,0.86
10188,Demo Pitcher 188,2014,21,Pitcher,SP,4.24,,,,,,,4.2,23.1,,,,,,,,37.1,28.8,,3.14,152.9,3.05,3.14,198.3,92.7,119.1,99.3,106.6,33.3,44.4,1.12
10188,Demo Pitcher 188,2015,22,Pitcher,SP,4.33,,,,,,,6.3,29.2,,,,,,,,31.2,27.0,,2.98,164.6,3.21,2.95,199.7,93.7,121.1,116.4,124.0,36.3,39.6,0.44
10188,Demo Pitcher 188,2016,23,Pitcher,SP,3.93,,,,,,,3.4,26.8,,,,,,,,38.6,29.8,,3.91,146.5,3.58,3.59,209.2,95.4,118.8,97.4,116.2,40.6,36.2,1.16
10188,Demo Pitcher 188,2017,24,Pitcher,SP,2.8,,,,,,,10.2,26.3,,,,,,,,30.3,29.4,,3.95,122.7,3.93,3.9,210.0,96.0,114.9,103.8,116.1,37.3,57.9,1.22
10188,Demo Pitcher 188,2018,25,Pitcher,SP,3.06,,,,,,,8.2,31.1,,,,,,,,37.0,30.0,,2.43,137.7,2.85,2.89,181.0,96.2,116.5,99.9,117.9,33.3,49.2,0.82
10188,Demo Pitcher 188,2019,26,Pitcher,SP,4.39,,,,,,,6.1,31.6,,,,,,,,33.4,35.4,,2.73,139.0,2.82,2.69,192.7,95.3,136.5,124.5,117.4,35.3,36.2,0.79
10188,Demo Pitcher 188,2020,27,Pitcher,SP,4.06,,,,,,,3.7,30.4,,,,,,,,26.5,32.3,,2.48,167.7,3.0,2.86,208.9,95.6,117.3,106.8,112.0,43.4,48.1,1.22
10188,Demo Pitcher 188,2021,28,Pitcher,SP,4.88,,,,,,,7.4,26.7,,,,,,,,37.4,34.9,,2.82,133.3,3.09,3.41,240.2,95.1,127.3,107.0,122.2,27.1,41.4,1.15
10189,Demo Pitcher 189,2016,24,Pitcher,RP,2.65,,,,,,,4.0,28.5,,,,,,,,28.3,31.7,,2.72,117.0,3.28,3.21,63.8,97.8,105.8,101.8,109.0,44.9,35.6,0.92
10189,Demo Pitcher 189,2017,25,Pitcher,RP,2.99,,,,,,,7.1,30.1,,,,,,,,35.8,30.6,,2.69,143.2,3.41,3.34,57.0,94.9,116.3,109.3,106.1,36.4,37.3,0.91
10189,Demo Pitcher 189,2018,26,Pitcher,RP,1.82,,,,,,,7.7,24.8,,,,,,,,30.0,30.0,,4.22,118.2,4.14,4.52,74.9,96.1,102.9,98.2,90.5,33.4,34.6,1.01
10189,Demo Pitcher 189,2019,27,Pitcher,RP,3.77,,,,,,,7.9,30.8,,,,,,,,29.8,37.6,,4.0,176.7,3.73,3.6,52.2,96.6,102.9,113.6,108.4,38.9,48.6,1.07
10189,Demo Pitcher 189,2020,28,Pitcher,RP,2.98,,,,,,,4.8,33.6,,,,,,,,32.9,24.9,,3.2,121.1,3.08,3.4,65.7,98.2,115.0,102.6,112.8,39.2,44.7,0.68
10189,Demo Pitcher 189,2021,29,Pitcher,RP,2.24,,,,,,,8.0,21.7,,,,,,,,29.7,28.9,,3.25,133.3,3.5,3.41,70.7,96.1,105.0,115.6,109.4,40.2,40.8,1.03
10189,Demo Pitcher 189,2022,30,Pitcher,RP,3.95,,,,,,,7.4,31.9,,,,,,,,31.1,32.2,,2.75,151.6,2.64,2.97,81.6,96.1,115.0,112.0,122.6,40.8,44.4,1.06
10189,Demo Pitcher 189,2023,31,Pitcher,RP,2.45,,,,,,,6.7,27.5,,,,,,,,30.2,31.2,,4.0,119.9,3.64,3.83,70.2,94.2,111.6,117.9,108.0,39.5,44.7,1.02
10190,Demo Pitcher 190,2014,26,Pitcher,SP,6.44,,,,,,,4.2,30.1,,,,,,,,35.8,38.5,,2.75,175.2,2.27,2.28,224.7,97.1,134.1,111.5,137.6,29.2,45.4,0.73
10190,Demo Pitcher 190,2015,27,Pitcher,SP,6.23,,,,,,,3.8,35.3,,,,,,,,33.9,35.5,,2.22,170.1,2.38,2.4,219.2,95.5,132.9,113.0,123.5,35.6,31.4,0.66
10190,Demo Pitcher 190,2016,28,Pitcher,SP,6.4,,,,,,,4.4,33.7,,,,,,,,41.7,31.6,,2.57,178.7,2.42,2.0,231.8,95.2,127.5,111.1,122.6,32.8,36.9,0.53
10190,Demo Pitcher 190,2017,29,Pitcher,SP,5.21,,,,,,,6.1,32.3,,,,,,,,35.0,31.4,,2.59,170.9,2.53,2.71,213.2,92.2,130.4,105.9,117.6,32.9,44.4,0.82
10190,Demo Pitcher 190,2018,30,Pitcher,SP,5.49,,,,,,,2.5,34.4,,,,,,,,37.9,36.5,,1.82,152.8,2.23,2.48,197.0,96.1,114.8,112.2,110.1,37.5,50.7,0.57
10190,Demo Pitcher 190,2019,31,Pitcher,SP,5.45,,,,,,,7.4,29.3,,,,,,,,33.5,39.1,,3.0,160.6,2.62,2.24,223.8,96.8,130.4,117.2,125.9,33.2,51.9,0.82
10190,Demo Pitcher 190,2020,32,Pitcher,SP,4.09,,,,,,,6.6,26.2,,,,,,,,35.0,26.3,,3.68,162.2,3.6,3.67,183.5,95.5,115.6,104.0,102.0,30.4,48.1,0.88
10190,Demo Pitcher 190,2021,33,Pitcher,SP,5.23,,,,,,,4.8,28.1,,,,,,,,33.3,31.4,,2.08,162.1,2.66,3.06,194.2,96.3,119.6,109.6,121.6,34.5,41.8,0.56
10190,Demo Pitcher 190,2022,34,Pitcher,SP,4.35,,,,,,,6.6,27.8,,,,,,,,26.8,29.2,,3.01,154.9,3.19,3.11,208.5,97.2,129.3,108.4,108.4,32.4,48.4,1.04
10190,Demo Pitcher 190,2023,35,Pitcher,SP,4.4,,,,,,,6.6,31.2,,,,,,,,33.1,30.7,,3.96,169.5,3.68,3.6,188.8,95.4,121.2,99.7,124.6,35.3,47.6,0.71
10190,Demo Pitcher 190,2024,36,Pitcher,SP,2.89,,,,,,,6.5,24.5,,,,,,,,34.2,29.7,,2.86,132.6,3.22,3.18,147.3,93.7,111.6,105.3,113.2,40.4,45.1,1.4
10191,Demo Pitcher 191,2019,27,Pitcher,SP,3.66,,,,,,,4.9,26.6,,,,,,,,30.1,29.1,,2.64,150.0,2.62,2.46,192.1,96.4,125.7,105.7,105.2,38.5,32.9,0.95
10191,Demo Pitcher 191,2020,28,Pitcher,SP,3.5,,,,,,,5.8,27.0,,,,,,,,34.9,28.8,,3.24,137.1,3.08,2.86,178.5,94.8,108.5,106.2,108.1,37.8,44.0,0.73
10191,Demo Pitcher 191,2021,29,Pitcher,SP,2.75,,,,,,,10.8,28.2,,,,,,,,34.4,26.3,,3.48,127.8,3.62,3.72,166.1,94.6,114.3,102.8,118.7,43.2,39.9,0.94
10191,Demo Pitcher 191,2022,30,Pitcher,SP,2.88,,,,,,,9.2,27.9,,,,,,,,32.2,27.3,,4.3,139.6,3.68,3.61,169.4,94.4,94.5,94.7,113.5,37.3,36.8,1.13
10191,Demo Pitcher 191,2023,31,Pitcher,SP,2.05,,,,,,,5.9,25.7,,,,,,,,33.9,25.1,,3.22,114.2,3.91,4.11,151.5,94.9,104.0,108.7,110.2,35.5,42.0,1.48
10192,Demo Pitcher 192,2018,25,Pitcher,RP,4.04,,,,,,,4.8,31.9,,,,,,,,35.0,30.6,,2.85,138.9,3.08,3.04,81.8,96.8,112.0,91.6,119.8,34.3,50.4,0.95
10192,Demo Pitcher 192,2019,26,Pitcher,RP,3.99,,,,,,,5.2,28.0,,,,,,,,31.0,32.5,,2.32,142.9,3.06,2.62,63.7,98.6,103.6,115.0,105.2,34.6,42.5,1.0
10192,Demo Pitcher 192,2020,27,Pitcher,RP,4.84,,,,,,,6.5,29.4,,,,,,,,28.8,30.0,,2.63,157.7,3.04,3.14,76.9,97.7,124.2,115.5,107.3,38.6,39.5,0.9
10192,Demo Pitcher 192,2021,28,Pitcher,RP,5.08,,,,,,,3.2,34.5,,,,,,,,38.5,34.6,,1.9,149.7,2.15,2.36,91.6,97.2,140.0,120.1,120.5,35.8,38.1,0.75
10192,Demo Pitcher 192,2022,29,Pitcher,RP,4.39,,,,,,,4.9,34.2,,,,,,,,31.3,34.6,,3.35,146.3,2.91,2.71,70.2,98.3,125.9,108.4,123.2,36.3,45.4,0.75
10192,Demo Pitcher 192,2023,30,Pitcher,RP,4.97,,,,,,,5.5,27.7,,,,,,,,33.4,29.8,,2.89,175.1,2.95,2.83,80.0,97.7,134.3,99.3,114.8,38.2,42.0,0.71
10192,Demo Pitcher 192,2024,31,Pitcher,RP,3.53,,,,,,,4.1,26.0,,,,,,,,32.6,32.2,,3.09,153.6,2.97,2.98,70.4,98.4,116.2,116.1,114.3,36.3,35.0,1.04
10192,Demo Pitcher 192,2025,32,Pitcher,RP,3.78,,,,,,,8.1,30.5,,,,,,,,33.6,26.2,,3.23,154.8,3.4,3.65,72.5,98.2,120.7,111.8,100.9,36.6,50.9,0.75
10192,Demo Pitcher 192,2026,33,Pitcher,RP,2.99,,,,,,,7.0,26.0,,,,,,,,33.8,30.3,,3.7,141.8,3.79,3.85,68.6,96.3,120.2,100.8,112.2,40.5,56.7,1.29
10193,Demo Pitcher 193,2008,20,Pitcher,RP,5.98,,,,,,,4.4,32.5,,,,,,,,32.6,39.2,,2.83,158.2,2.38,2.09,73.0,97.1,132.0,112.1,111.5,35.1,34.7,0.66
10193,Demo Pitcher 193,2009,21,Pitcher,RP,4.69,,,,,,,5.2,40.6,,,,,,,,38.5,30.1,,2.69,162.1,3.14,3.36,76.1,97.3,130.7,108.1,119.4,31.5,45.4,0.7
10193,Demo Pitcher 193,2010,22,Pitcher,RP,5.13,,,,,,,4.7,32.5,,,,,,,,31.0,35.8,,2.08,158.4,2.8,2.83,71.9,98.5,127.2,113.9,125.9,34.5,34.4,0.99
10193,Demo Pitcher 193,2011,23,Pitcher,RP,6.98,,,,,,,2.5,37.6,,,,,,,,37.1,35.6,,1.52,166.4,1.8,1.99,82.5,98.4,125.1,118.3,128.7,35.0,44.8,0.57
10193,Demo Pitcher 193,2012,24,Pitcher,RP,6.29,,,,,,,8.5,32.0,,,,,,,,28.0,37.9,,2.49,179.1,2.36,2.38,63.4,98.9,124.1,106.9,132.7,33.6,55.0,0.56
10194,Demo Pitcher 194,2020,21,Pitcher,SP,4.95,,,,,,,7.1,37.1,,,,,,,,33.7,33.6,,2.27,152.1,2.66,2.83,176.0,93.2,119.0,110.0,114.8,30.3,47.4,1.14
10194,Demo Pitcher 194,2021,22,Pitcher,SP,5.55,,,,,,,4.1,32.4,,,,,,,,33.1,35.3,,2.86,190.3,2.78,2.98,195.6,98.0,126.5,112.6,128.9,37.0,31.5,0.85
10194,Demo Pitcher 194,2022,23,Pitcher,SP,6.04,,,,,,,2.0,33.8,,,,,,,,36.6,37.4,,2.27,174.9,2.19,1.96,210.8,95.3,130.2,115.4,126.0,30.4,41.0,0.61
10194,Demo Pitcher 194,2023,24,Pitcher,SP,5.76,,,,,,,4.4,35.4,,,,,,,,35.6,38.2,,2.79,178.9,3.36,3.69,181.4,95.1,138.0,112.5,121.5,34.0,42.3,0.68
10194,Demo Pitcher 194,2024,25,Pitcher,SP,5.23,,,,,,,6.0,36.0,,,,,,,,36.7,38.4,,3.27,162.9,2.52,2.31,201.7,97.4,139.3,104.8,119.9,32.8,36.1,1.06
10195,Demo Pitcher 195,2019,24,Pitcher,RP,2.34,,,,,,,6.9,23.2,,,,,,,,30.8,27.3,,3.8,126.2,3.95,4.05,67.3,94.2,112.2,105.8,101.0,41.9,52.2,0.98
10195,Demo Pitcher 195,2020,25,Pitcher,RP,2.33,,,,,,,10.4,25.7,,,,,,,,27.0,27.7,,3.96,137.0,3.62,3.58,62.8,95.9,99.6,99.7,97.1,38.8,36.4,0.73
10195,Demo Pitcher 195,2021,26,Pitcher,RP,3.07,,,,,,,5.6,29.3,,,,,,,,31.9,28.4,,2.74,129.8,3.04,3.07,83.5,95.6,117.5,118.2,113.1,37.3,54.0,0.99
10195,Demo Pitcher 195,2022,27,Pitcher,RP,2.35,,,,,,,8.2,20.1,,,,,,,,24.4,24.7,,3.73,124.4,3.47,3.5,75.1,97.4,122.0,113.8,124.1,36.8,57.3,1.06
10195,Demo Pitcher 195,2023,28,Pitcher,RP,2.6,,,,,,,10.3,23.7,,,,,,,,30.8,29.6,,3.63,129.1,3.3,3.16,59.3,96.0,103.1,107.4,110.0,41.9,44.7,1.12
10195,Demo Pitcher 195,2024,29,Pitcher,RP,3.53,,,,,,,4.0,31.5,,,,,,,,35.3,29.1,,3.81,129.2,3.49,3.4,64.3,94.0,111.5,101.6,111.2,37.4,39.4,1.02
10195,Demo Pitcher 195,2025,30,Pitcher,RP,1.69,,,,,,,8.4,25.6,,,,,,,,32.2,28.8,,5.15,98.6,4.52,4.62,58.3,95.7,109.0,89.6,104.5,40.9,38.9,1.26
10195,Demo Pitcher 195,2026,31,Pitcher,RP,1.43,,,,,,,8.2,19.3,,,,,,,,32.9,27.3,,3.95,111.8,4.2,4.19,60.1,94.9,103.7,100.5,101.4,40.4,39.2,1.17
10196,Demo Pitcher 196,2016,22,Pitcher,SP,4.48,,,,,,,6.9,32.3,,,,,,,,32.9,32.4,,3.01,162.2,2.81,2.26,176.5,95.5,117.8,106.3,121.5,34.9,41.5,0.61
10196,Demo Pitcher 196,2017,23,Pitcher,SP,4.52,,,,,,,4.1,27.2,,,,,,,,35.4,34.3,,3.03,156.4,3.06,3.33,228.3,97.5,127.2,120.8,112.7,37.1,39.3,0.67
10196,Demo Pitcher 196,2018,24,Pitcher,SP,4.79,,,,,,,6.3,31.1,,,,,,,,36.6,31.8,,2.48,137.5,2.58,2.72,193.6,94.7,120.1,110.3,111.2,34.5,48.7,1.09
10196,Demo Pitcher 196,2019,25,Pitcher,SP,4.55,,,,,,,6.3,28.0,,,,,,,,25.5,29.1,,2.36,148.9,2.35,2.62,219.4,94.1,133.2,111.5,108.8,36.4,44.5,0.56
10196,Demo Pitcher 196,2020,26,Pitcher,SP,3.72,,,,,,,3.7,29.5,,,,,,,,37.7,32.7,,2.58,134.3,2.68,2.5,173.8,95.2,128.6,103.0,121.4,41.3,38.0,1.06
10197,Demo Pitcher 197,2012,20,Pitcher,RP,4.03,,,,,,,6.3,31.0,,,,,,,,34.6,29.3,,3.08,145.1,2.82,2.68,70.1,96.9,116.5,109.1,105.0,32.7,40.1,1.08
10197,Demo Pitcher 197,2013,21,Pitcher,RP,5.01,,,,,,,6.6,32.7,,,,,,,,35.2,31.8,,2.71,154.8,3.14,2.75,66.3,96.8,128.0,115.3,114.9,35.9,51.7,0.59
10197,Demo Pitcher 197,2014,22,Pitcher,RP,4.78,,,,,,,2.0,33.2,,,,,,,,38.7,34.3,,2.66,141.6,3.04,2.75,84.9,98.8,118.7,90.2,123.0,31.9,44.3,1.02
10197,Demo Pitcher 197,2015,23,Pitcher,RP,4.37,,,,,,,5.3,29.7,,,,,,,,34.6,34.8,,2.86,152.8,2.98,2.82,68.2,96.6,120.4,108.9,114.2,37.3,42.1,0.84
10197,Demo Pitcher 197,2016,24,Pitcher,RP,5.28,,,,,,,4.8,28.7,,,,,,,,33.2,36.7,,2.41,169.4,2.88,3.03,79.5,97.9,120.5,106.2,120.5,31.9,37.5,1.08
10197,Demo Pitcher 197,2017,25,Pitcher,RP,5.04,,,,,,,6.6,35.1,,,,,,,,32.0,33.8,,2.86,153.7,3.05,3.16,74.3,96.3,108.7,105.2,126.5,36.9,38.7,1.09
10197,Demo Pitcher 197,2018,26,Pitcher,RP,4.29,,,,,,,7.7,29.8,,,,,,,,39.2,32.6,,3.64,158.4,3.15,3.08,64.7,97.4,129.0,113.2,119.8,33.5,39.3,0.52
10197,Demo Pitcher 197,2019,27,Pitcher,RP,3.68,,,,,,,2.0,24.0,,,,,,,,36.2,29.2,,3.28,138.1,2.94,3.07,71.0,98.5,113.5,110.1,107.3,34.4,45.5,1.24
10197,Demo Pitcher 197,2020,28,Pitcher,RP,5.49,,,,,,,6.5,34.1,,,,,,,,37.7,38.5,,2.28,160.0,2.63,2.31,72.3,97.7,124.7,112.4,115.7,39.1,45.9,0.78
10197,Demo Pitcher 197,2021,29,Pitcher,RP,5.3,,,,,,,7.7,35.4,,,,,,,,33.9,34.9,,2.81,173.9,2.99,2.9,72.3,97.4,123.8,115.4,109.3,31.8,37.0,0.87
10198,Demo Pitcher 198,2010,22,Pitcher,RP,4.69,,,,,,,8.0,32.2,,,,,,,,31.6,31.1,,2.6,147.4,2.85,2.33,61.3,97.6,114.9,112.2,114.6,42.1,55.0,1.17
10198,Demo Pitcher 198,2011,23,Pitcher,RP,5.75,,,,,,,5.7,30.9,,,,,,,,32.8,39.8,,2.1,157.4,2.2,2.35,89.1,98.4,121.8,115.9,119.2,35.0,32.6,0.83
10198,Demo Pitcher 198,2012,24,Pitcher,RP,5.1,,,,,,,2.0,31.8,,,,,,,,37.9,29.6,,3.11,155.3,2.25,2.57,75.7,99.3,120.3,111.1,113.7,38.4,53.1,0.95
10198,Demo Pitcher 198,2013,25,Pitcher,RP,5.33,,,,,,,7.2,34.5,,,,,,,,38.6,27.4,,2.16,161.1,2.37,1.82,70.3,96.5,125.2,108.1,131.3,35.8,50.2,0.9
10198,Demo Pitcher 198,2014,26,Pitcher,RP,6.27,,,,,,,5.0,40.1,,,,,,,,31.6,34.3,,2.32,163.4,2.12,1.89,60.7,97.8,137.7,118.6,125.6,33.1,43.4,0.68
10198,Demo Pitcher 198,2015,27,Pitcher,RP,4.03,,,,,,,7.1,30.9,,,,,,,,32.2,29.8,,2.61,138.2,2.83,2.84,77.8,96.7,126.0,102.5,121.7,39.2,39.2,1.09
10198,Demo Pitcher 198,2016,28,Pitcher,RP,5.91,,,,,,,3.3,36.4,,,,,,,,33.3,32.5,,2.52,184.5,2.2,2.39,70.9,97.9,129.1,105.8,126.6,35.2,43.6,0.98
10199,Demo Pitcher 199,2020,26,Pitcher,RP,3.72,,,,,,,5.3,32.9,,,,,,,,33.2,24.6,,2.94,148.5,2.9,2.45,74.4,98.9,126.6,97.7,107.1,41.3,53.4,0.74
10199,Demo Pitcher 199,2021,27,Pitcher,RP,4.44,,,,,,,6.6,30.1,,,,,,,,33.9,32.2,,2.63,158.8,2.57,2.45,64.5,98.3,107.5,103.0,109.6,37.1,43.6,0.9
10199,Demo Pitcher 199,2022,28,Pitcher,RP,3.14,,,,,,,5.6,26.7,,,,,,,,34.4,33.7,,2.78,139.6,3.07,2.78,62.7,96.4,110.6,110.5,107.9,36.4,45.2,0.65
10199,Demo Pitcher 199,2023,29,Pitcher,RP,3.12,,,,,,,7.2,26.7,,,,,,,,30.1,29.2,,3.09,125.3,3.22,3.11,59.6,98.0,116.0,90.5,104.5,36.7,47.3,1.09
10200,Demo Pitcher 200,2018,24,Pitcher,SP,1.61,,,,,,,4.5,27.9,,,,,,,,29.9,23.9,,3.97,128.7,3.84,3.64,166.9,92.1,104.6,90.3,92.0,41.3,39.1,0.7
10200,Demo Pitcher 200,2019,25,Pitcher,SP,0.96,,,,,,,10.9,23.8,,,,,,,,30.8,19.3,,3.28,112.3,3.1,2.97,150.0,93.1,86.3,97.3,98.7,39.5,42.5,1.24
10200,Demo Pitcher 200,2020,26,Pitcher,SP,0.96,,,,,,,7.5,20.0,,,,,,,,29.9,25.6,,4.77,106.9,4.41,4.36,148.5,94.8,113.6,96.2,97.7,43.9,35.9,1.4
10200,Demo Pitcher 200,2021,27,Pitcher,SP,1.88,,,,,,,8.4,23.3,,,,,,,,33.9,26.8,,3.53,116.2,3.82,3.79,192.1,95.1,102.6,92.0,101.6,41.8,41.7,1.69
10200,Demo Pitcher 200,2022,28,Pitcher,SP,1.84,,,,,,,8.5,22.3,,,,,,,,27.3,28.5,,4.11,131.7,3.79,3.76,153.1,94.7,105.0,97.0,95.4,41.4,38.3,1.15
10200,Demo Pitcher 200,2023,29,Pitcher,SP,1.97,,,,,,,6.3,23.1,,,,,,,,25.8,25.1,,2.79,130.0,3.5,3.48,164.0,92.4,117.9,109.2,105.0,36.4,53.0,0.92
10201,Demo Pitcher 201,2009,27,Pitcher,SP,1.78,,,,,,,8.8,25.5,,,,,,,,32.6,24.4,,3.69,115.4,4.06,4.09,159.2,93.5,101.7,99.9,85.0,42.1,39.1,1.39
10201,Demo Pitcher 201,2010,28,Pitcher,SP,3.19,,,,,,,5.1,21.9,,,,,,,,31.0,31.4,,3.93,143.0,3.42,3.76,213.9,93.9,122.4,105.3,106.1,37.1,43.2,1.12
10201,Demo Pitcher 201,2011,29,Pitcher,SP,2.1,,,,,,,6.4,31.5,,,,,,,,29.7,28.2,,3.7,118.7,3.63,3.74,160.0,95.9,114.8,101.2,102.0,34.7,49.2,1.34
10201,Demo Pitcher 201,2012,30,Pitcher,SP,2.04,,,,,,,9.3,20.9,,,,,,,,31.0,23.8,,3.82,121.9,3.75,3.57,151.9,97.4,102.4,108.8,95.7,42.2,52.6,1.08
10201,Demo Pitcher 201,2013,31,Pitcher,SP,0.96,,,,,,,6.7,25.0,,,,,,,,30.2,26.8,,4.95,101.1,4.42,4.24,137.5,95.5,100.3,100.3,99.0,43.1,47.1,1.41
10201,Demo Pitcher 201,2014,32,Pitcher,SP,2.77,,,,,,,5.2,27.9,,,,,,,,31.3,30.9,,4.3,124.8,4.05,4.32,186.1,96.1,100.9,103.6,126.7,38.0,51.9,0.97
10201,Demo Pitcher 201,2015,33,Pitcher,SP,0.95,,,,,,,7.0,21.3,,,,,,,,26.2,23.7,,4.27,99.3,3.96,4.39,146.7,94.2,97.8,95.0,94.4,40.8,32.8,1.43
10201,Demo Pitcher 201,2016,34,Pitcher,SP,0.33,,,,,,,7.8,17.3,,,,,,,,29.9,16.6,,4.59,96.5,4.46,4.79,179.1,94.5,109.1,90.9,105.5,35.2,41.2,1.51
10201,Demo Pitcher 201,2017,35,Pitcher,SP,-0.09,,,,,,,10.5,20.5,,,,,,,,27.8,25.9,,4.58,111.0,4.36,4.37,171.6,92.1,101.4,105.7,89.5,41.8,43.4,0.92
10202,Demo Pitcher 202,2020,23,Pitcher,RP,2.82,,,,,,,6.9,31.5,,,,,,,,33.5,30.1,,3.08,149.4,3.14,3.09,53.5,96.7,112.0,98.2,110.4,32.4,44.9,1.02
10202,Demo Pitcher 202,2021,24,Pitcher,RP,4.52,,,,,,,2.0,34.0,,,,,,,,36.8,33.0,,3.13,155.5,3.48,3.76,72.3,95.0,125.9,106.9,125.0,35.3,42.9,0.63
10202,Demo Pitcher 202,2022,25,Pitcher,RP,3.53,,,,,,,6.3,27.0,,,,,,,,37.0,26.6,,3.03,156.6,3.29,3.15,65.6,97.0,122.0,113.2,120.9,38.2,46.6,0.77
10202,Demo Pitcher 202,2023,26,Pitcher,RP,5.16,,,,,,,7.0,29.4,,,,,,,,33.7,37.1,,2.64,172.9,2.67,2.75,88.6,95.9,117.0,114.2,124.4,38.5,32.1,1.1
10203,Demo Pitcher 203,2018,21,Pitcher,SP,3.22,,,,,,,4.1,26.9,,,,,,,,31.6,26.4,,4.03,151.0,3.46,3.43,201.3,95.9,118.8,106.3,105.0,34.8,41.4,1.12
10203,Demo Pitcher 203,2019,22,Pitcher,SP,2.93,,,,,,,6.8,25.0,,,,,,,,34.0,30.3,,3.74,138.8,3.85,3.91,165.5,97.2,103.6,106.3,100.5,37.4,40.0,1.01
10203,Demo Pitcher 203,2020,23,Pitcher,SP,3.06,,,,,,,6.5,25.7,,,,,,,,33.5,28.2,,3.55,132.1,3.26,3.16,165.6,93.8,107.8,110.5,115.8,37.6,33.2,0.8
10203,Demo Pitcher 203,2021,24,Pitcher,SP,3.44,,,,,,,5.5,28.5,,,,,,,,31.3,28.4,,2.89,140.6,3.41,3.38,198.6,94.6,123.8,109.2,110.6,42.2,46.1,1.06
10203,Demo Pitcher 203,2022,25,Pitcher,SP,3.29,,,,,,,5.8,26.6,,,,,,,,32.9,32.7,,3.81,144.7,3.46,3.6,193.4,92.5,111.4,106.9,107.0,35.5,41.2,1.04
10203,Demo Pitcher 203,2023,26,Pitcher,SP,3.5,,,,,,,4.8,30.0,,,,,,,,27.6,30.1,,3.53,133.8,3.42,3.23,200.0,94.9,121.0,109.3,117.7,38.1,47.4,1.1
10204,Demo Pitcher 204,2012,25,Pitcher,RP,1.94,,,,,,,5.7,25.3,,,,,,,,30.8,22.5,,3.29,124.0,3.55,3.68,57.9,96.2,109.4,105.0,113.8,41.9,36.0,1.44
10204,Demo Pitcher 204,2013,26,Pitcher,RP,1.57,,,,,,,9.3,25.7,,,,,,,,31.7,28.5,,3.88,109.9,4.16,4.17,69.8,96.0,105.8,90.0,113.0,47.5,39.6,0.94
10204,Demo Pitcher 204,2014,27,Pitcher,RP,1.61,,,,,,,7.0,22.6,,,,,,,,30.1,25.7,,3.62,111.0,3.69,3.68,57.9,97.1,118.8,102.1,102.3,37.6,39.3,1.23
10204,Demo Pitcher 204,2015,28,Pitcher,RP,1.4,,,,,,,7.4,18.2,,,,,,,,29.6,20.6,,3.38,109.2,3.53,3.64,66.5,94.5,94.2,107.3,103.1,38.9,39.3,1.08
10204,Demo Pitcher 204,2016,29,Pitcher,RP,1.84,,,,,,,6.3,26.2,,,,,,,,28.5,23.3,,4.47,123.9,4.37,4.57,54.4,95.0,105.3,89.9,110.8,44.5,44.6,1.27
10204,Demo Pitcher 204,2017,30,Pitcher,RP,1.1,,,,,,,9.2,21.4,,,,,,,,32.4,25.7,,4.18,114.9,4.31,4.03,52.2,95.6,94.1,109.2,104.9,46.8,37.6,1.35
10204,Demo Pitcher 204,2018,31,Pitcher,RP,0.67,,,,,,,12.4,20.7,,,,,,,,28.4,27.9,,4.62,103.3,4.79,4.9,59.0,96.1,84.4,107.0,99.3,42.0,51.0,1.07
10204,Demo Pitcher 204,2019,32,Pitcher,RP,0.21,,,,,,,7.6,19.1,,,,,,,,22.9,29.2,,4.08,105.5,4.63,4.53,56.6,95.5,102.4,87.5,98.2,46.4,40.8,1.08
10204,Demo Pitcher 204,2020,33,Pitcher,RP,1.15,,,,,,,10.7,21.6,,,,,,,,24.8,29.4,,3.95,111.2,4.28,4.42,65.8,96.1,104.1,99.2,93.8,42.9,51.1,1.06
10204,Demo Pitcher 204,2021,34,Pitcher,RP,1.17,,,,,,,8.2,21.4,,,,,,,,28.8,25.6,,4.22,101.2,4.57,4.52,57.5,94.1,101.3,110.9,94.2,39.9,41.7,1.54
10204,Demo Pitcher 204,2022,35,Pitcher,RP,-0.3,,,,,,,9.5,21.1,,,,,,,,23.6,26.8,,4.37,109.2,4.5,4.34,46.2,93.5,79.3,94.6,108.3,43.5,44.0,0.95
10205,Demo Pitcher 205,2018,25,Pitcher,SP,3.75,,,,,,,6.7,25.0,,,,,,,,34.3,31.1,,2.87,134.4,2.41,2.38,204.9,96.7,116.8,108.9,94.3,31.0,41.6,0.97
10205,Demo Pitcher 205,2019,26,Pitcher,SP,4.5,,,,,,,5.2,28.2,,,,,,,,34.8,27.3,,2.85,163.2,3.17,3.11,180.7,96.0,132.7,117.6,124.7,30.1,39.6,0.91
10205,Demo Pitcher 205,2020,27,Pitcher,SP,3.52,,,,,,,4.0,20.8,,,,,,,,29.3,32.6,,2.64,129.5,3.39,3.42,146.3,95.8,104.6,128.1,119.7,40.7,44.7,1.0
10205,Demo Pitcher 205,2021,28,Pitcher,SP,5.1,,,,,,,4.0,26.9,,,,,,,,32.1,33.4,,3.19,168.1,2.83,2.61,175.7,96.4,138.7,97.8,130.7,35.0,35.5,0.86
10205,Demo Pitcher 205,2022,29,Pitcher,SP,2.98,,,,,,,9.6,33.3,,,,,,,,33.7,26.7,,3.36,135.2,3.36,3.57,214.4,95.5,118.1,115.7,106.9,36.2,43.5,0.99
10205,Demo Pitcher 205,2023,30,Pitcher,SP,3.6,,,,,,,6.5,32.5,,,,,,,,32.9,26.4,,2.66,151.8,2.87,2.48,191.0,96.3,111.5,104.1,110.0,38.2,30.0,0.81
10205,Demo Pitcher 205,2024,31,Pitcher,SP,2.84,,,,,,,9.2,29.8,,,,,,,,28.8,25.4,,3.14,135.4,3.23,3.63,175.2,93.7,131.9,112.0,98.5,35.2,41.2,1.5
10206,Demo Pitcher 206,2011,27,Pitcher,RP,3.83,,,,,,,5.1,29.7,,,,,,,,33.1,33.9,,2.51,166.2,2.74,3.06,73.9,97.8,116.6,111.0,100.9,36.4,35.1,0.79
10206,Demo Pitcher 206,2012,28,Pitcher,RP,3.94,,,,,,,5.7,30.7,,,,,,,,35.4,35.1,,2.96,145.9,3.31,3.63,79.1,95.7,116.3,110.6,93.0,39.7,40.2,1.04
10206,Demo Pitcher 206,2013,29,Pitcher,RP,3.52,,,,,,,6.3,31.7,,,,,,,,37.4,30.8,,2.92,147.5,3.42,3.55,75.8,97.7,121.2,109.7,108.0,38.7,25.7,0.94
10206,Demo Pitcher 206,2014,30,Pitcher,RP,3.17,,,,,,,7.9,23.5,,,,,,,,32.2,28.5,,3.07,148.4,3.42,3.53,53.7,98.1,105.8,104.9,96.4,39.9,35.6,0.94
10206,Demo Pitcher 206,2015,31,Pitcher,RP,3.55,,,,,,,6.1,23.5,,,,,,,,29.7,30.0,,3.0,142.3,2.72,2.81,61.7,95.9,118.5,114.8,113.4,35.0,39.9,0.76
10206,Demo Pitcher 206,2016,32,Pitcher,RP,1.69,,,,,,,8.3,23.3,,,,,,,,33.2,28.7,,3.76,127.3,3.95,3.88,67.7,97.8,105.0,92.0,98.9,38.2,42.1,1.28
10207,Demo Pitcher 207,2017,25,Pitcher,SP,3.34,,,,,,,7.7,25.6,,,,,,,,31.4,32.3,,3.17,150.1,3.56,3.5,197.7,96.5,108.6,108.9,109.4,38.0,48.1,0.97
10207,Demo Pitcher 207,2018,26,Pitcher,SP,2.57,,,,,,,8.3,27.4,,,,,,,,34.0,27.2,,3.46,147.6,3.33,3.47,173.7,95.5,91.0,105.4,101.6,38.0,32.2,1.22
10207,Demo Pitcher 207,2019,27,Pitcher,SP,2.81,,,,,,,5.9,24.4,,,,,,,,36.2,29.2,,3.75,142.8,3.6,3.81,150.1,94.2,126.3,104.6,108.7,40.3,39.4,1.13
10207,Demo Pitcher 207,2020,28,Pitcher,SP,3.03,,,,,,,7.0,25.9,,,,,,,,32.0,27.4,,3.87,142.0,3.73,3.98,172.9,92.1,111.5,99.0,118.1,37.3,44.1,0.96
10207,Demo Pitcher 207,2021,29,Pitcher,SP,2.92,,,,,,,5.5,24.8,,,,,,,,28.0,34.3,,3.55,140.0,3.63,3.67,188.7,94.3,103.9,101.2,101.1,39.1,46.3,1.15
10207,Demo Pitcher 207,2022,30,Pitcher,SP,2.66,,,,,,,6.5,25.0,,,,,,,,30.4,28.2,,3.21,138.4,3.59,3.54,179.2,95.6,108.9,103.6,107.8,34.4,31.8,1.03
10207,Demo Pitcher 207,2023,31,Pitcher,SP,2.1,,,,,,,6.7,22.9,,,,,,,,34.9,26.5,,3.31,119.3,3.59,3.58,156.6,92.7,107.1,104.0,101.3,39.8,39.1,1.16
10207,Demo Pitcher 207,2024,32,Pitcher,SP,3.2,,,,,,,7.5,30.4,,,,,,,,31.3,27.8,,3.3,152.3,3.21,3.33,219.0,94.1,111.7,105.8,103.7,36.9,51.4,1.08
10207,Demo Pitcher 207,2025,33,Pitcher,SP,1.85,,,,,,,11.5,18.8,,,,,,,,29.0,28.4,,3.06,116.6,3.47,3.17,150.5,94.9,91.4,102.6,100.8,34.9,56.5,1.22
10207,Demo Pitcher 207,2026,34,Pitcher,SP,1.23,,,,,,,11.5,22.9,,,,,,,,29.5,25.0,,3.73,113.0,3.74,3.58,121.5,93.9,100.2,89.1,86.0,37.8,53.5,0.95
10208,Demo Pitcher 208,2018,20,Pitcher,SP,4.21,,,,,,,7.6,30.1,,,,,,,,36.0,38.7,,2.7,160.4,3.11,2.62,170.0,94.0,124.2,105.6,121.2,33.4,38.1,0.77
10208,Demo Pitcher 208,2019,21,Pitcher,SP,5.35,,,,,,,3.7,31.4,,,,,,,,36.1,32.8,,3.14,153.2,3.17,2.99,237.7,94.6,127.1,99.2,129.4,44.7,49.5,1.08
10208,Demo Pitcher 208,2020,22,Pitcher,SP,5.57,,,,,,,8.2,31.3,,,,,,,,36.0,28.7,,2.31,149.8,2.31,2.39,176.0,98.5,120.4,113.4,119.4,35.9,39.2,0.79
10208,Demo Pitcher 208,2021,23,Pitcher,SP,4.53,,,,,,,4.8,34.8,,,,,,,,36.5,35.8,,2.37,148.2,2.44,2.48,192.3,94.9,112.8,108.9,118.3,35.8,36.4,1.15
10208,Demo Pitcher 208,2022,24,Pitcher,SP,6.08,,,,,,,3.5,31.6,,,,,,,,39.5,37.6,,2.3,193.3,2.34,2.14,189.7,96.4,125.2,115.2,119.3,32.5,41.4,0.77
10208,Demo Pitcher 208,2023,25,Pitcher,SP,6.03,,,,,,,7.3,32.8,,,,,,,,37.5,33.7,,1.7,159.2,1.92,1.8,180.9,95.5,142.8,107.5,134.4,33.7,42.1,0.74
10208,Demo Pitcher 208,2024,26,Pitcher,SP,5.78,,,,,,,2.0,35.9,,,,,,,,33.5,38.5,,1.84,184.1,2.42,2.3,196.5,96.7,127.6,112.6,111.1,31.4,45.6,0.9
10208,Demo Pitcher 208,2025,27,Pitcher,SP,4.62,,,,,,,3.5,29.6,,,,,,,,37.5,34.4,,2.39,142.5,2.67,2.71,201.7,94.3,121.9,119.5,106.1,35.0,55.6,0.62
10209,Demo Pitcher 209,2008,23,Pitcher,RP,1.8,,,,,,,8.6,24.6,,,,,,,,27.5,26.6,,3.84,119.0,3.55,3.71,60.0,93.9,98.2,101.4,109.9,36.5,32.0,1.01
10209,Demo Pitcher 209,2009,24,Pitcher,RP,1.85,,,,,,,8.8,29.6,,,,,,,,29.2,29.1,,3.82,115.5,3.78,3.55,67.1,95.3,104.9,105.0,112.4,40.7,52.6,1.43
10209,Demo Pitcher 209,2010,25,Pitcher,RP,0.66,,,,,,,8.7,23.9,,,,,,,,31.7,26.7,,4.66,107.3,4.4,4.45,58.1,93.3,90.7,92.6,103.4,39.2,39.7,1.21
10209,Demo Pitcher 209,2011,26,Pitcher,RP,1.4,,,,,,,7.1,28.2,,,,,,,,28.2,27.6,,3.7,117.8,3.63,3.87,54.5,96.5,95.7,102.5,100.4,42.3,38.2,0.9
10209,Demo Pitcher 209,2012,27,Pitcher,RP,1.32,,,,,,,10.7,23.9,,,,,,,,26.1,27.7,,3.87,117.8,3.52,3.51,54.4,93.0,103.3,107.0,109.0,37.3,53.1,1.17
10209,Demo Pitcher 209,2013,28,Pitcher,RP,1.33,,,,,,,8.9,21.4,,,,,,,,34.3,31.3,,4.37,129.5,4.18,4.04,63.8,98.7,105.2,94.3,103.8,42.5,48.6,1.03
10209,Demo Pitcher 209,2014,29,Pitcher,RP,1.41,,,,,,,6.9,22.6,,,,,,,,27.0,32.4,,3.7,112.5,4.02,3.89,56.7,95.5,84.1,107.8,107.2,46.3,40.3,1.18
10210,Demo Pitcher 210,2018,25,Pitcher,SP,3.61,,,,,,,6.0,28.1,,,,,,,,33.2,30.2,,2.64,160.7,2.78,2.64,205.4,93.1,111.1,111.5,103.1,36.6,38.6,1.06
10210,Demo Pitcher 210,2019,26,Pitcher,SP,3.22,,,,,,,7.2,32.1,,,,,,,,28.8,23.5,,3.43,148.2,3.05,3.04,181.2,95.5,126.5,107.4,113.7,40.7,34.8,0.95
10210,Demo Pitcher 210,2020,27,Pitcher,SP,4.51,,,,,,,4.1,30.4,,,,,,,,31.4,34.3,,3.12,154.0,3.25,3.12,189.9,94.0,119.9,113.3,115.0,41.9,35.5,0.81
10210,Demo Pitcher 210,2021,28,Pitcher,SP,4.26,,,,,,,7.4,29.5,,,,,,,,31.2,28.2,,3.24,155.3,3.31,3.01,192.5,95.1,125.5,109.7,118.2,33.5,35.1,0.8
10210,Demo Pitcher 210,2022,29,Pitcher,SP,4.61,,,,,,,5.6,30.8,,,,,,,,35.1,30.3,,2.28,144.4,2.36,2.66,189.2,95.9,121.0,110.7,138.0,38.3,34.7,0.95
10210,Demo Pitcher 210,2023,30,Pitcher,SP,3.79,,,,,,,6.7,26.2,,,,,,,,28.9,29.8,,2.89,153.2,3.14,2.82,167.9,93.0,124.8,94.7,118.9,35.1,45.9,0.93
10210,Demo Pitcher 210,2024,31,Pitcher,SP,2.16,,,,,,,7.4,26.7,,,,,,,,32.7,28.8,,3.66,139.1,3.78,3.37,180.0,93.4,110.4,94.2,91.1,38.5,40.7,0.85
10211,Demo Pitcher 211,2018,22,Pitcher,SP,1.73,,,,,,,6.6,24.4,,,,,,,,26.6,25.0,,3.5,133.3,3.65,3.53,180.3,93.8,111.6,98.0,105.1,36.7,47.2,0.7
10211,Demo Pitcher 211,2019,23,Pitcher,SP,2.39,,,,,,,8.0,25.7,,,,,,,,33.7,22.1,,2.65,133.3,3.11,3.15,183.9,95.3,101.8,103.0,97.5,42.7,41.3,1.36
10211,Demo Pitcher 211,2020,24,Pitcher,SP,2.04,,,,,,,6.1,20.9,,,,,,,,30.7,22.5,,3.96,138.7,4.13,4.13,164.4,94.8,92.2,103.6,99.8,40.9,43.2,1.4
10211,Demo Pitcher 211,2021,25,Pitcher,SP,2.36,,,,,,,6.0,23.8,,,,,,,,28.9,31.4,,3.81,125.8,3.83,3.79,196.3,93.6,98.9,110.2,103.4,37.9,53.9,0.92
10211,Demo Pitcher 211,2022,26,Pitcher,SP,2.97,,,,,,,10.0,25.3,,,,,,,,29.7,35.9,,2.28,131.3,3.23,3.2,188.2,95.2,99.0,95.9,98.8,42.1,42.2,0.75
10211,Demo Pitcher 211,2023,27,Pitcher,SP,2.12,,,,,,,4.7,21.8,,,,,,,,28.3,27.4,,3.76,120.2,3.84,3.57,147.4,92.8,111.3,94.7,107.5,36.6,52.3,1.0
10211,Demo Pitcher 211,2024,28,Pitcher,SP,2.91,,,,,,,7.1,34.8,,,,,,,,33.4,28.1,,3.27,139.5,2.97,2.79,161.1,95.0,118.5,120.8,100.9,39.1,38.2,0.94
10212,Demo Pitcher 212,2013,23,Pitcher,RP,2.4,,,,,,,8.2,25.5,,,,,,,,33.7,26.5,,3.13,141.5,3.43,3.37,67.0,95.6,110.0,85.3,109.2,43.1,50.5,0.97
10212,Demo Pitcher 212,2014,24,Pitcher,RP,2.42,,,,,,,8.2,21.4,,,,,,,,33.6,27.0,,2.87,125.5,3.22,3.31,62.7,96.7,123.9,108.7,107.4,35.7,43.8,1.06
10212,Demo Pitcher 212,2015,25,Pitcher,RP,3.24,,,,,,,6.9,20.6,,,,,,,,31.3,25.1,,2.9,145.0,2.9,2.96,62.2,95.1,104.8,105.1,102.8,41.4,40.7,1.13
10212,Demo Pitcher 212,2016,26,Pitcher,RP,3.76,,,,,,,5.7,25.3,,,,,,,,31.2,26.2,,3.37,153.1,3.22,2.99,87.0,97.5,115.4,105.6,111.7,34.4,44.1,0.77
10212,Demo Pitcher 212,2017,27,Pitcher,RP,4.29,,,,,,,5.4,27.0,,,,,,,,30.0,32.8,,2.09,146.6,2.93,3.37,77.3,97.3,117.9,113.9,107.5,35.2,37.3,0.77
10213,Demo Pitcher 213,2011,25,Pitcher,SP,2.59,,,,,,,3.4,28.3,,,,,,,,34.0,24.4,,4.66,137.3,4.28,4.35,192.5,94.5,125.8,106.3,105.9,42.5,39.6,1.08
10213,Demo Pitcher 213,2012,26,Pitcher,SP,2.33,,,,,,,6.0,27.5,,,,,,,,31.4,27.2,,4.14,135.1,4.35,4.2,174.8,93.3,119.7,98.1,106.0,40.1,42.3,0.85
10213,Demo Pitcher 213,2013,27,Pitcher,SP,3.38,,,,,,,4.0,24.6,,,,,,,,36.3,30.8,,3.46,132.1,3.32,3.43,196.6,95.3,124.0,105.7,104.6,35.1,42.4,0.98
10213,Demo Pitcher 213,2014,28,Pitcher,SP,3.1,,,,,,,4.9,27.1,,,,,,,,37.9,26.6,,3.15,147.3,3.62,3.83,162.3,95.4,111.6,118.1,110.1,35.1,38.8,1.09
10213,Demo Pitcher 213,2015,29,Pitcher,SP,2.62,,,,,,,10.2,23.7,,,,,,,,28.7,28.3,,3.4,141.6,3.33,3.48,196.9,96.1,116.9,107.4,125.1,38.7,43.8,0.98
10213,Demo Pitcher 213,2016,30,Pitcher,SP,2.67,,,,,,,6.7,24.5,,,,,,,,23.6,24.7,,3.97,109.0,4.29,4.28,189.2,94.7,106.8,107.3,110.4,38.2,48.4,1.04
10214,Demo Pitcher 214,2012,21,Pitcher,SP,3.16,,,,,,,5.4,28.9,,,,,,,,25.5,32.0,,3.22,132.9,3.61,3.41,168.1,94.9,109.7,100.5,113.9,34.4,50.6,0.93
10214,Demo Pitcher 214,2013,22,Pitcher,SP,3.47,,,,,,,5.7,30.6,,,,,,,,30.3,26.8,,3.71,139.5,3.91,3.92,196.7,95.0,119.9,105.7,109.1,39.5,45.2,0.96
10214,Demo Pitcher 214,2014,23,Pitcher,SP,3.64,,,,,,,3.4,25.6,,,,,,,,32.9,27.0,,3.28,140.5,3.37,3.68,176.0,93.9,119.3,112.5,113.9,37.5,46.4,1.01
10214,Demo Pitcher 214,2015,24,Pitcher,SP,3.1,,,,,,,8.5,28.6,,,,,,,,30.5,29.3,,3.62,140.0,3.77,3.59,236.4,96.4,114.8,108.1,110.5,37.7,35.5,0.99
10215,Demo Pitcher 215,2013,26,Pitcher,SP,3.82,,,,,,,6.3,25.3,,,,,,,,36.6,36.6,,2.4,152.5,3.2,3.2,154.9,95.6,130.7,103.8,101.9,39.4,41.0,1.04
10215,Demo Pitcher 215,2014,27,Pitcher,SP,4.8,,,,,,,7.6,28.9,,,,,,,,30.3,32.9,,2.4,141.9,2.75,2.9,172.4,94.3,118.8,113.5,119.4,33.3,41.2,0.82
10215,Demo Pitcher 215,2015,28,Pitcher,SP,3.54,,,,,,,7.3,27.3,,,,,,,,32.5,24.9,,2.48,149.2,2.87,2.75,155.8,94.0,118.5,108.4,117.1,30.5,46.4,0.9
10215,Demo Pitcher 215,2016,29,Pitcher,SP,4.35,,,,,,,8.0,33.3,,,,,,,,36.3,32.2,,3.17,166.4,3.37,3.2,208.1,95.7,125.3,104.0,118.4,36.5,40.0,1.13
10215,Demo Pitcher 215,2017,30,Pitcher,SP,3.16,,,,,,,7.2,24.2,,,,,,,,30.6,34.8,,3.33,144.2,3.1,3.25,154.2,93.9,107.3,105.8,117.8,33.4,42.2,1.07
10215,Demo Pitcher 215,2018,31,Pitcher,SP,3.06,,,,,,,7.4,26.9,,,,,,,,31.5,32.2,,2.65,149.7,3.19,3.1,158.3,97.7,113.6,105.6,110.9,39.6,52.0,1.19
10215,Demo Pitcher 215,2019,32,Pitcher,SP,2.95,,,,,,,4.5,32.7,,,,,,,,28.1,29.2,,3.23,154.6,3.33,3.47,177.4,95.0,116.4,105.8,102.1,34.2,49.5,0.82
10216,Demo Pitcher 216,2011,26,Pitcher,SP,3.5,,,,,,,8.8,28.8,,,,,,,,31.5,28.5,,3.06,130.8,2.8,2.88,185.6,95.8,104.4,100.8,99.6,37.7,41.3,1.06
10216,Demo Pitcher 216,2012,27,Pitcher,SP,5.24,,,,,,,7.1,32.9,,,,,,,,40.7,35.6,,2.37,167.3,2.33,1.87,165.1,94.1,131.2,109.1,123.1,32.9,45.8,0.84
10216,Demo Pitcher 216,2013,28,Pitcher,SP,3.53,,,,,,,6.3,25.3,,,,,,,,33.2,31.8,,3.12,154.2,3.1,2.88,212.2,95.5,109.6,110.6,116.0,38.0,47.1,0.9
10216,Demo Pitcher 216,2014,29,Pitcher,SP,4.16,,,,,,,8.1,29.2,,,,,,,,37.8,33.2,,3.27,142.2,2.81,2.74,170.2,93.3,109.9,111.6,123.1,42.3,45.7,0.81
10216,Demo Pitcher 216,2015,30,Pitcher,SP,3.46,,,,,,,6.8,25.2,,,,,,,,28.0,32.6,,2.87,122.0,3.22,2.82,197.2,93.8,109.8,99.2,113.7,33.7,50.7,0.8
10216,Demo Pitcher 216,2016,31,Pitcher,SP,3.64,,,,,,,5.7,27.4,,,,,,,,33.6,34.1,,3.11,147.6,3.16,3.32,190.3,95.0,125.9,97.8,109.1,41.7,50.2,1.17
10216,Demo Pitcher 216,2017,32,Pitcher,SP,3.12,,,,,,,5.2,23.5,,,,,,,,31.5,32.0,,3.78,137.5,3.76,3.92,172.6,93.9,111.5,98.1,104.6,38.6,39.4,0.8
10216,Demo Pitcher 216,2018,33,Pitcher,SP,3.89,,,,,,,7.2,33.4,,,,,,,,34.7,29.4,,2.92,144.1,2.91,3.05,157.8,93.7,129.5,105.2,123.9,36.4,38.0,0.82
10216,Demo Pitcher 216,2019,34,Pitcher,SP,3.44,,,,,,,8.8,24.8,,,,,,,,28.4,31.1,,3.44,145.9,3.63,3.54,187.7,98.2,123.6,104.8,114.9,38.8,34.0,0.97
10216,Demo Pitcher 216,2020,35,Pitcher,SP,2.03,,,,,,,3.6,23.1,,,,,,,,28.8,24.0,,3.53,117.1,3.54,3.77,171.3,94.5,126.2,107.1,102.0,43.8,40.3,0.92
10216,Demo Pitcher 216,2021,36,Pitcher,SP,2.8,,,,,,,8.4,24.4,,,,,,,,34.6,31.3,,3.44,144.1,3.53,3.63,179.0,94.0,116.2,105.9,117.8,37.3,43.4,0.8
10217,Demo Pitcher 217,2017,22,Pitcher,SP,4.51,,,,,,,8.6,28.4,,,,,,,,34.0,35.9,,2.97,170.0,2.96,3.2,237.8,95.0,131.9,118.2,123.2,36.7,49.7,0.98
10217,Demo Pitcher 217,2018,23,Pitcher,SP,4.7,,,,,,,4.2,33.0,,,,,,,,36.2,32.2,,1.93,148.2,2.54,2.59,222.4,97.9,125.2,109.5,112.2,33.2,48.7,0.79
10217,Demo Pitcher 217,2019,24,Pitcher,SP,4.47,,,,,,,8.1,25.6,,,,,,,,31.7,30.2,,3.97,149.7,3.44,3.64,154.0,94.5,121.1,101.9,125.8,31.6,34.0,0.65
10217,Demo Pitcher 217,2020,25,Pitcher,SP,4.57,,,,,,,4.8,34.1,,,,,,,,36.6,35.1,,2.81,127.2,2.87,2.96,211.7,95.8,131.6,115.4,120.7,36.9,37.7,1.06
10217,Demo Pitcher 217,2021,26,Pitcher,SP,4.67,,,,,,,4.3,30.1,,,,,,,,35.0,37.5,,3.14,174.9,2.95,2.78,186.1,94.4,122.2,110.9,126.6,34.6,53.5,0.9
10218,Demo Pitcher 218,2017,22,Pitcher,RP,2.12,,,,,,,7.5,23.4,,,,,,,,28.5,25.1,,4.04,123.7,3.99,3.65,56.8,96.5,101.4,98.9,99.9,40.2,39.3,0.96
10218,Demo Pitcher 218,2018,23,Pitcher,RP,2.41,,,,,,,4.7,23.9,,,,,,,,36.3,24.9,,4.56,119.1,4.35,4.17,53.9,99.6,101.9,111.3,118.0,42.2,53.3,1.14
10218,Demo Pitcher 218,2019,24,Pitcher,RP,1.83,,,,,,,8.9,19.5,,,,,,,,26.0,29.0,,3.91,116.0,3.57,3.61,69.3,94.7,115.2,93.6,105.5,33.1,55.1,1.25
10218,Demo Pitcher 218,2020,25,Pitcher,RP,1.26,,,,,,,9.1,23.5,,,,,,,,29.9,29.3,,3.05,126.8,3.16,2.82,50.4,94.7,112.6,103.6,100.0,44.8,36.4,1.19
10219,Demo Pitcher 219,2021,21,Pitcher,RP,2.34,,,,,,,8.8,29.6,,,,,,,,28.2,24.3,,3.47,133.0,3.47,3.49,65.2,95.1,107.8,113.5,106.1,44.4,38.4,1.39
10219,Demo Pitcher 219,2022,22,Pitcher,RP,2.41,,,,,,,5.0,23.9,,,,,,,,35.4,30.7,,3.98,137.1,3.75,3.68,80.0,94.8,100.9,116.1,108.6,37.5,58.7,1.1
10219,Demo Pitcher 219,2023,23,Pitcher,RP,3.45,,,,,,,7.2,28.0,,,,,,,,34.1,28.8,,3.38,146.8,3.54,3.62,75.7,96.6,117.9,98.0,116.6,38.7,45.2,1.33
10219,Demo Pitcher 219,2024,24,Pitcher,RP,1.96,,,,,,,6.5,30.3,,,,,,,,26.9,18.6,,4.43,125.6,3.88,3.64,61.5,97.6,109.2,92.4,100.4,42.8,41.9,1.08
10219,Demo Pitcher 219,2025,25,Pitcher,RP,2.15,,,,,,,9.4,29.4,,,,,,,,27.0,24.1,,4.19,131.3,3.91,3.67,59.3,95.7,106.5,99.3,113.8,41.3,54.3,1.34
10220,Demo Pitcher 220,2013,26,Pitcher,SP,1.81,,,,,,,8.1,21.8,,,,,,,,28.5,24.1,,2.83,123.3,3.15,3.29,144.5,94.2,111.9,96.4,101.8,42.4,47.2,0.86
10220,Demo Pitcher 220,2014,27,Pitcher,SP,2.39,,,,,,,3.2,23.5,,,,,,,,31.1,30.8,,4.11,137.7,3.65,3.54,145.4,96.4,95.9,113.0,113.4,41.2,37.5,1.07
10220,Demo Pitcher 220,2015,28,Pitcher,SP,2.04,,,,,,,5.1,23.4,,,,,,,,30.2,23.4,,3.44,124.0,3.69,3.58,154.1,94.7,95.1,116.2,100.2,41.3,42.3,1.22
10220,Demo Pitcher 220,2016,29,Pitcher,SP,2.85,,,,,,,3.3,23.4,,,,,,,,30.6,30.7,,3.95,122.7,3.87,3.95,167.4,96.8,125.3,102.6,109.0,42.5,44.9,0.92
10220,Demo Pitcher 220,2017,30,Pitcher,SP,1.23,,,,,,,7.5,22.7,,,,,,,,32.3,21.4,,4.76,117.4,4.41,4.62,139.5,92.2,107.3,101.2,112.0,38.1,38.7,1.06
10220,Demo Pitcher 220,2018,31,Pitcher,SP,0.06,,,,,,,8.7,23.7,,,,,,,,30.4,20.5,,4.31,110.4,4.14,4.15,142.9,94.3,95.1,93.7,77.6,40.1,52.8,1.6
10220,Demo Pitcher 220,2019,32,Pitcher,SP,0.35,,,,,,,6.4,21.4,,,,,,,,31.4,24.8,,4.65,110.8,4.25,4.1,176.1,92.8,82.1,101.2,94.8,35.7,35.4,1.29
10221,Demo Pitcher 221,2020,27,Pitcher,SP,5.15,,,,,,,6.2,33.0,,,,,,,,27.7,36.3,,2.45,149.0,1.9,1.8,181.5,98.8,124.7,123.4,126.3,34.5,49.3,0.85
10221,Demo Pitcher 221,2021,28,Pitcher,SP,4.06,,,,,,,6.2,28.6,,,,,,,,34.4,33.7,,3.35,137.5,3.19,3.02,186.9,93.0,137.8,109.0,111.5,34.5,41.7,1.09
10221,Demo Pitcher 221,2022,29,Pitcher,SP,5.08,,,,,,,7.0,28.3,,,,,,,,33.7,34.0,,2.57,157.3,2.81,3.07,192.4,94.7,126.6,111.3,129.7,35.8,45.5,0.82
10221,Demo Pitcher 221,2023,30,Pitcher,SP,4.8,,,,,,,11.5,34.6,,,,,,,,37.8,32.9,,2.65,161.0,3.13,2.74,194.3,96.2,111.2,115.6,113.2,39.7,45.9,0.73
10221,Demo Pitcher 221,2024,31,Pitcher,SP,4.27,,,,,,,3.6,28.9,,,,,,,,33.8,30.1,,2.79,147.0,2.75,2.72,200.1,97.3,119.2,100.5,120.8,34.3,41.9,1.06
10221,Demo Pitcher 221,2025,32,Pitcher,SP,4.03,,,,,,,5.4,28.0,,,,,,,,33.2,27.3,,3.38,157.2,3.22,3.06,243.8,96.1,122.5,104.0,118.1,44.9,38.2,0.81
10221,Demo Pitcher 221,2026,33,Pitcher,SP,3.76,,,,,,,3.9,32.5,,,,,,,,35.9,31.8,,3.95,125.2,3.54,3.67,178.4,95.0,111.1,110.8,107.3,34.0,45.4,0.56
10222,Demo Pitcher 222,2010,26,Pitcher,SP,4.15,,,,,,,10.1,36.9,,,,,,,,29.8,30.2,,3.34,168.3,3.15,3.01,185.2,92.2,121.0,115.3,117.9,36.8,47.9,0.46
10222,Demo Pitcher 222,2011,27,Pitcher,SP,4.13,,,,,,,6.3,29.8,,,,,,,,27.1,31.6,,2.81,153.3,2.91,3.0,240.3,94.7,127.8,106.7,103.3,38.8,43.0,0.86
10222,Demo Pitcher 222,2012,28,Pitcher,SP,5.13,,,,,,,5.0,30.9,,,,,,,,35.1,33.4,,3.16,155.3,3.28,3.42,170.8,97.0,126.9,107.6,116.4,33.8,43.0,0.93
10222,Demo Pitcher 222,2013,29,Pitcher,SP,3.99,,,,,,,3.3,29.6,,,,,,,,32.6,33.4,,2.54,134.7,2.94,3.47,214.7,95.5,125.1,116.7,123.5,39.9,40.2,0.84
10223,Demo Pitcher 223,2011,21,Pitcher,RP,4.5,,,,,,,6.8,34.7,,,,,,,,34.7,31.7,,2.54,147.4,2.22,2.3,71.7,98.2,125.9,105.9,116.8,34.1,44.6,0.73
10223,Demo Pitcher 223,2012,22,Pitcher,RP,3.33,,,,,,,9.4,25.5,,,,,,,,35.8,29.6,,3.32,141.7,3.12,3.03,77.8,97.2,113.7,106.0,106.5,32.4,42.0,1.11
10223,Demo Pitcher 223,2013,23,Pitcher,RP,2.31,,,,,,,7.9,25.3,,,,,,,,24.8,27.1,,3.94,137.5,3.96,3.74,65.6,97.3,106.3,98.6,114.7,37.8,40.4,1.34
10223,Demo Pitcher 223,2014,24,Pitcher,RP,2.98,,,,,,,8.4,28.5,,,,,,,,31.8,25.9,,4.04,137.6,3.68,3.72,62.0,98.5,109.3,89.9,122.5,39.0,33.1,1.22
10223,Demo Pitcher 223,2015,25,Pitcher,RP,3.49,,,,,,,3.9,26.4,,,,,,,,35.0,27.1,,3.7,126.7,3.36,3.66,64.9,96.9,119.9,101.7,117.8,38.0,32.0,1.0
10224,Demo Pitcher 224,2017,26,Pitcher,RP,4.64,,,,,,,5.8,27.0,,,,,,,,30.0,32.9,,3.05,186.1,2.87,3.31,78.5,96.3,112.7,120.1,99.9,40.2,35.9,1.01
10224,Demo Pitcher 224,2018,27,Pitcher,RP,4.14,,,,,,,7.1,32.2,,,,,,,,32.9,30.8,,2.86,157.2,3.26,3.22,86.4,98.7,112.0,103.0,110.0,37.9,48.8,1.25
10224,Demo Pitcher 224,2019,28,Pitcher,RP,5.51,,,,,,,6.9,34.9,,,,,,,,40.5,35.0,,2.57,160.8,2.96,3.04,74.0,100.3,124.2,122.1,131.0,36.8,44.5,1.04
10224,Demo Pitcher 224,2020,29,Pitcher,RP,5.71,,,,,,,5.9,31.7,,,,,,,,38.2,37.9,,2.7,162.5,2.19,2.05,71.5,98.4,142.5,109.7,115.2,38.7,33.0,0.35
10224,Demo Pitcher 224,2021,30,Pitcher,RP,5.11,,,,,,,6.0,34.3,,,,,,,,35.6,34.7,,3.18,165.1,2.99,2.77,79.1,98.6,118.8,113.4,127.7,35.0,45.6,0.73
10224,Demo Pitcher 224,2022,31,Pitcher,RP,4.7,,,,,,,5.4,28.5,,,,,,,,35.2,36.2,,3.02,156.5,3.11,3.04,73.5,97.0,121.7,106.2,109.8,28.4,46.4,0.63
10224,Demo Pitcher 224,2023,32,Pitcher,RP,4.77,,,,,,,2.1,24.3,,,,,,,,32.5,29.9,,3.64,154.2,3.5,3.39,73.2,96.4,135.7,103.8,109.7,35.2,37.2,0.98
10224,Demo Pitcher 224,2024,33,Pitcher,RP,4.39,,,,,,,3.7,28.6,,,,,,,,36.5,27.6,,3.4,152.0,3.15,3.21,66.0,97.6,123.7,116.8,129.4,31.7,44.5,1.13
10224,Demo Pitcher 224,2025,34,Pitcher,RP,3.9,,,,,,,8.1,22.4,,,,,,,,32.6,31.8,,2.99,131.9,3.13,3.25,68.4,95.4,112.1,108.5,117.3,38.4,38.9,0.9
10224,Demo Pitcher 224,2026,35,Pitcher,RP,2.94,,,,,,,3.7,34.9,,,,,,,,29.2,27.6,,3.63,125.6,3.76,3.92,73.1,95.2,120.8,109.5,106.0,35.4,48.7,1.09
10225,Demo Pitcher 225,2009,22,Pitcher,SP,2.99,,,,,,,9.7,28.4,,,,,,,,37.2,27.5,,3.56,138.8,3.16,3.2,176.8,95.8,126.6,100.5,118.2,38.4,41.3,1.06
10225,Demo Pitcher 225,2010,23,Pitcher,SP,2.45,,,,,,,8.7,21.7,,,,,,,,34.4,25.9,,3.39,132.5,3.85,4.08,211.5,93.6,114.2,94.2,92.6,36.4,39.3,1.37
10225,Demo Pitcher 225,2011,24,Pitcher,SP,3.47,,,,,,,11.0,30.5,,,,,,,,33.8,25.6,,3.55,154.9,3.07,2.9,166.7,95.2,110.9,95.7,110.9,38.8,50.4,1.19
10225,Demo Pitcher 225,2012,25,Pitcher,SP,3.72,,,,,,,4.2,29.4,,,,,,,,34.3,29.0,,3.17,142.2,3.42,3.29,191.9,99.4,123.5,100.1,112.3,36.5,49.1,0.8
10226,Demo Pitcher 226,2012,23,Pitcher,RP,4.63,,,,,,,6.2,28.5,,,,,,,,35.3,35.7,,2.92,152.3,3.38,3.24,81.4,96.6,131.6,114.9,118.5,37.2,49.3,0.76
10226,Demo Pitcher 226,2013,24,Pitcher,RP,3.91,,,,,,,6.3,34.1,,,,,,,,39.0,27.9,,3.19,135.6,3.03,2.98,84.9,96.9,125.7,93.6,101.1,37.4,37.4,1.17
10226,Demo Pitcher 226,2014,25,Pitcher,RP,4.57,,,,,,,3.8,32.2,,,,,,,,32.2,30.2,,3.09,153.0,2.82,3.01,77.5,97.7,135.8,104.2,127.0,35.7,41.8,0.99
10226,Demo Pitcher 226,2015,26,Pitcher,RP,4.3,,,,,,,5.1,31.0,,,,,,,,32.3,31.4,,3.63,164.3,3.67,3.97,78.5,97.4,122.7,104.4,119.3,31.9,36.0,0.99
10226,Demo Pitcher 226,2016,27,Pitcher,RP,4.58,,,,,,,3.8,28.7,,,,,,,,32.4,32.1,,3.84,144.1,3.49,3.59,72.9,94.9,111.5,110.5,116.2,35.7,33.7,0.91
10226,Demo Pitcher 226,2017,28,Pitcher,RP,5.96,,,,,,,6.2,33.6,,,,,,,,34.9,33.4,,3.08,154.0,3.35,3.34,75.2,97.8,129.2,104.4,126.2,37.3,39.2,0.83
10226,Demo Pitcher 226,2018,29,Pitcher,RP,4.15,,,,,,,4.9,27.8,,,,,,,,41.3,28.5,,2.19,151.4,2.42,2.44,69.5,96.2,118.3,100.6,112.4,34.4,31.2,1.13
10227,Demo Pitcher 227,2019,23,Pitcher,RP,2.93,,,,,,,6.0,25.2,,,,,,,,32.9,21.7,,3.41,141.1,3.19,2.95,61.9,96.8,113.0,115.0,115.6,37.7,31.0,0.75
10227,Demo Pitcher 227,2020,24,Pitcher,RP,3.63,,,,,,,8.4,27.7,,,,,,,,29.8,30.7,,3.68,142.7,2.95,2.73,66.0,96.7,104.1,97.2,106.9,43.4,45.8,1.0
10227,Demo Pitcher 227,2021,25,Pitcher,RP,3.02,,,,,,,6.6,29.3,,,,,,,,32.1,26.0,,3.41,132.7,3.65,3.87,64.6,96.5,112.9,105.7,104.8,37.2,35.1,0.96
10227,Demo Pitcher 227,2022,26,Pitcher,RP,3.74,,,,,,,4.9,29.3,,,,,,,,30.2,32.7,,2.57,130.1,2.5,2.8,68.5,95.8,128.3,98.3,107.5,35.0,35.1,0.87
10227,Demo Pitcher 227,2023,27,Pitcher,RP,3.73,,,,,,,4.8,28.2,,,,,,,,37.0,32.5,,3.67,150.8,3.51,3.65,68.7,97.0,116.0,99.9,110.9,37.4,39.5,1.1
10227,Demo Pitcher 227,2024,28,Pitcher,RP,4.38,,,,,,,5.8,27.5,,,,,,,,34.2,32.8,,3.67,154.9,3.39,3.42,86.2,95.0,127.8,120.6,113.3,37.9,35.8,1.09
10228,Demo Pitcher 228,2012,21,Pitcher,SP,2.72,,,,,,,7.0,25.0,,,,,,,,28.0,31.2,,3.21,144.4,3.72,3.85,222.0,96.2,100.9,103.3,104.5,33.9,39.3,1.53
10228,Demo Pitcher 228,2013,22,Pitcher,SP,1.46,,,,,,,10.1,22.3,,,,,,,,30.6,32.0,,3.85,101.3,3.96,3.9,190.1,92.6,101.5,104.7,107.8,48.8,38.0,0.98
10228,Demo Pitcher 228,2014,23,Pitcher,SP,3.04,,,,,,,6.7,26.3,,,,,,,,36.1,29.6,,3.66,119.1,3.24,3.31,172.6,93.4,115.3,119.5,105.4,37.9,43.6,1.27
10228,Demo Pitcher 228,2015,24,Pitcher,SP,2.39,,,,,,,5.9,21.9,,,,,,,,30.1,25.4,,4.65,124.8,4.47,4.32,153.5,96.5,98.1,97.8,113.6,37.4,43.9,1.37
10228,Demo Pitcher 228,2016,25,Pitcher,SP,2.14,,,,,,,3.1,23.5,,,,,,,,33.5,30.9,,3.14,130.9,3.27,3.47,150.5,94.9,102.8,101.6,107.4,38.7,38.6,1.48
10229,Demo Pitcher 229,2016,24,Pitcher,SP,4.21,,,,,,,5.7,28.8,,,,,,,,32.2,24.5,,3.45,154.1,3.2,3.38,219.9,94.2,142.7,129.4,114.2,32.7,43.9,0.63
10229,Demo Pitcher 229,2017,25,Pitcher,SP,3.08,,,,,,,7.0,24.2,,,,,,,,26.1,30.5,,2.9,132.1,2.86,3.16,151.9,97.4,110.6,115.1,112.1,42.0,44.7,0.93
10229,Demo Pitcher 229,2018,26,Pitcher,SP,5.3,,,,,,,4.4,31.8,,,,,,,,35.1,33.7,,2.46,168.6,2.45,2.38,176.6,97.6,127.2,95.4,124.7,32.2,47.1,0.49
10229,Demo Pitcher 229,2019,27,Pitcher,SP,5.03,,,,,,,5.4,36.6,,,,,,,,34.9,32.2,,2.56,160.0,2.46,2.23,201.4,95.1,113.2,113.2,119.4,33.5,42.8,1.16
10230,Demo Pitcher 230,2012,22,Pitcher,SP,3.12,,,,,,,6.8,30.5,,,,,,,,31.9,30.4,,2.97,155.1,2.77,2.81,156.3,95.7,122.0,104.4,116.1,38.4,46.8,0.98
10230,Demo Pitcher 230,2013,23,Pitcher,SP,1.64,,,,,,,8.3,25.4,,,,,,,,28.6,25.1,,3.53,102.8,3.38,3.33,185.1,90.9,102.5,91.0,113.9,41.1,47.5,0.9
10230,Demo Pitcher 230,2014,24,Pitcher,SP,2.71,,,,,,,4.3,25.2,,,,,,,,31.0,32.3,,3.62,121.9,3.68,3.62,175.1,94.9,110.2,102.0,103.7,37.6,44.4,0.91
10230,Demo Pitcher 230,2015,25,Pitcher,SP,3.0,,,,,,,7.8,33.0,,,,,,,,28.9,32.2,,4.0,129.0,3.39,3.51,183.3,94.1,114.9,104.6,112.8,40.2,39.4,0.98
10230,Demo Pitcher 230,2016,26,Pitcher,SP,3.45,,,,,,,9.1,31.7,,,,,,,,31.2,27.2,,3.46,135.6,3.42,3.56,158.2,95.7,117.9,115.8,111.7,41.0,46.5,0.95
10231,Demo Pitcher 231,2020,21,Pitcher,SP,4.4,,,,,,,5.8,31.3,,,,,,,,33.7,34.0,,3.05,153.1,3.41,3.37,153.1,96.3,124.2,106.1,118.8,33.6,44.0,0.97
10231,Demo Pitcher 231,2021,22,Pitcher,SP,4.92,,,,,,,4.8,35.9,,,,,,,,38.0,30.9,,2.41,134.8,1.94,2.2,201.9,96.7,131.1,112.1,114.0,38.1,51.2,1.1
10231,Demo Pitcher 231,2022,23,Pitcher,SP,4.73,,,,,,,7.0,31.2,,,,,,,,31.2,29.2,,2.58,155.9,2.52,2.56,181.1,96.4,127.1,110.9,118.9,31.6,34.9,0.91
10231,Demo Pitcher 231,2023,24,Pitcher,SP,4.14,,,,,,,7.4,31.5,,,,,,,,35.9,27.9,,2.69,154.0,2.91,2.76,166.7,95.0,121.7,99.9,114.0,37.5,38.6,0.7
10231,Demo Pitcher 231,2024,25,Pitcher,SP,5.79,,,,,,,2.0,30.9,,,,,,,,39.6,36.9,,3.0,176.6,2.47,2.44,200.8,95.3,132.1,119.8,128.8,31.0,43.7,0.88
10231,Demo Pitcher 231,2025,26,Pitcher,SP,4.86,,,,,,,5.2,33.8,,,,,,,,33.3,34.0,,2.89,144.3,2.87,2.91,202.0,94.3,129.7,111.3,122.6,32.5,43.6,0.52
10231,Demo Pitcher 231,2026,27,Pitcher,SP,5.84,,,,,,,6.3,28.2,,,,,,,,29.7,35.4,,2.05,163.2,2.63,2.54,196.6,95.4,134.8,111.4,108.8,34.8,39.1,0.66
10232,Demo Pitcher 232,2012,25,Pitcher,RP,2.97,,,,,,,7.3,27.3,,,,,,,,30.5,21.7,,3.45,135.9,3.52,3.38,50.3,96.3,128.3,97.9,119.9,39.0,50.8,0.78
10232,Demo Pitcher 232,2013,26,Pitcher,RP,4.46,,,,,,,4.4,28.6,,,,,,,,25.2,26.7,,2.96,148.7,3.03,2.92,75.4,94.3,132.0,117.6,126.3,33.2,35.1,0.77
10232,Demo Pitcher 232,2014,27,Pitcher,RP,5.1,,,,,,,2.0,29.3,,,,,,,,32.9,34.5,,2.79,161.0,2.93,2.8,69.5,96.1,130.0,118.3,133.5,34.8,40.2,0.72
10232,Demo Pitcher 232,2015,28,Pitcher,RP,4.08,,,,,,,5.4,33.8,,,,,,,,30.9,30.7,,3.22,131.9,3.57,3.47,64.1,97.5,111.7,109.1,120.8,34.3,65.0,1.11
10232,Demo Pitcher 232,2016,29,Pitcher,RP,2.71,,,,,,,5.3,25.1,,,,,,,,32.2,28.4,,3.09,128.3,3.21,3.41,76.0,97.4,118.9,106.1,110.3,43.7,32.9,0.89
10232,Demo Pitcher 232,2017,30,Pitcher,RP,3.23,,,,,,,6.0,23.7,,,,,,,,30.0,30.3,,3.81,123.4,3.76,4.18,78.2,97.6,112.7,114.3,116.1,38.9,42.8,0.84
10232,Demo Pitcher 232,2018,31,Pitcher,RP,3.77,,,,,,,5.9,26.0,,,,,,,,34.2,29.9,,3.1,146.4,3.16,3.26,67.7,95.8,123.3,111.9,103.3,36.7,41.6,1.2
10232,Demo Pitcher 232,2019,32,Pitcher,RP,2.18,,,,,,,8.0,26.7,,,,,,,,31.3,28.3,,3.17,121.3,3.32,3.08,60.9,95.7,110.4,100.5,117.2,40.7,45.9,0.94
10232,Demo Pitcher 232,2020,33,Pitcher,RP,2.18,,,,,,,7.4,29.6,,,,,,,,33.4,29.9,,3.89,134.7,4.14,4.1,55.0,93.4,110.3,97.3,125.2,35.9,39.9,1.14
10232,Demo Pitcher 232,2021,34,Pitcher,RP,2.41,,,,,,,8.9,26.5,,,,,,,,34.2,20.8,,4.06,139.6,3.78,3.99,66.1,95.2,104.4,98.9,105.2,33.2,37.5,0.98
10232,Demo Pitcher 232,2022,35,Pitcher,RP,1.44,,,,,,,9.7,19.5,,,,,,,,31.5,25.1,,4.4,115.7,4.31,3.79,64.9,93.2,88.7,97.0,106.4,37.5,47.3,1.21
10233,Demo Pitcher 233,2020,23,Pitcher,RP,2.95,,,,,,,6.2,25.5,,,,,,,,32.0,31.1,,3.4,139.6,3.48,3.78,68.8,96.1,103.1,113.1,106.0,37.0,44.5,0.94
10233,Demo Pitcher 233,2021,24,Pitcher,RP,1.68,,,,,,,6.5,23.1,,,,,,,,26.7,22.6,,4.27,121.1,4.29,4.16,65.6,94.6,102.8,99.8,109.3,43.9,39.9,1.43
10233,Demo Pitcher 233,2022,25,Pitcher,RP,2.8,,,,,,,8.2,23.7,,,,,,,,33.9,30.1,,3.2,144.1,3.54,3.76,80.8,97.2,117.4,101.8,112.3,34.6,40.4,0.97
10233,Demo Pitcher 233,2023,26,Pitcher,RP,4.26,,,,,,,7.8,23.5,,,,,,,,35.5,28.5,,3.13,159.8,3.02,3.09,80.0,97.9,115.2,107.4,124.9,35.4,48.3,0.92
10233,Demo Pitcher 233,2024,27,Pitcher,RP,2.85,,,,,,,8.0,25.6,,,,,,,,30.0,31.1,,3.01,135.0,3.44,3.57,65.9,97.8,101.0,99.8,101.9,39.1,40.8,1.3
10233,Demo Pitcher 233,2025,28,Pitcher,RP,2.03,,,,,,,9.2,24.5,,,,,,,,26.7,23.1,,3.25,125.9,3.57,3.36,70.3,95.8,108.4,89.3,113.0,40.0,43.9,1.05
10233,Demo Pitcher 233,2026,29,Pitcher,RP,1.96,,,,,,,6.4,23.5,,,,,,,,30.7,32.6,,4.33,117.1,4.02,3.55,62.9,95.6,107.9,94.6,106.9,36.5,39.2,1.05
10234,Demo Pitcher 234,2020,26,Pitcher,RP,5.16,,,,,,,5.3,35.0,,,,,,,,36.7,33.4,,3.14,168.8,2.76,2.87,74.7,96.0,131.1,116.1,116.6,35.2,35.8,0.64
10234,Demo Pitcher 234,2021,27,Pitcher,RP,4.1,,,,,,,8.4,32.6,,,,,,,,32.1,29.2,,3.81,146.4,3.46,3.47,61.2,97.2,119.3,91.9,116.4,34.6,51.7,0.84
10234,Demo Pitcher 234,2022,28,Pitcher,RP,3.6,,,,,,,4.7,28.5,,,,,,,,32.9,27.9,,2.33,157.5,2.71,2.97,68.3,94.5,124.5,108.1,119.8,36.2,42.5,0.86
10234,Demo Pitcher 234,2023,29,Pitcher,RP,3.48,,,,,,,6.1,25.9,,,,,,,,32.4,37.1,,3.02,138.4,3.1,2.89,61.3,97.5,110.0,106.2,113.3,34.6,49.6,1.13
10234,Demo Pitcher 234,2024,30,Pitcher,RP,3.66,,,,,,,5.1,28.1,,,,,,,,34.7,31.5,,3.33,141.3,3.14,3.07,73.1,96.0,127.5,110.9,119.0,36.6,39.8,0.7
10234,Demo Pitcher 234,2025,31,Pitcher,RP,4.09,,,,,,,5.0,31.8,,,,,,,,38.8,34.1,,2.96,150.6,3.47,3.37,66.6,96.4,124.4,104.7,109.0,38.3,40.3,1.0
10234,Demo Pitcher 234,2026,32,Pitcher,RP,3.62,,,,,,,3.8,29.6,,,,,,,,34.2,37.2,,2.37,145.4,2.3,2.38,80.1,95.9,109.5,112.4,113.7,35.3,44.1,1.06
10235,Demo Pitcher 235,2021,25,Pitcher,SP,4.52,,,,,,,7.0,27.8,,,,,,,,32.5,29.0,,2.63,170.6,2.48,2.34,186.6,95.4,139.8,114.0,126.4,36.3,45.6,0.87
10235,Demo Pitcher 235,2022,26,Pitcher,SP,3.11,,,,,,,5.8,21.6,,,,,,,,32.8,32.1,,3.66,145.0,3.54,3.78,189.2,95.0,96.2,103.1,116.5,37.0,37.3,1.14
10235,Demo Pitcher 235,2023,27,Pitcher,SP,4.05,,,,,,,6.2,28.7,,,,,,,,36.8,37.0,,3.06,169.1,3.02,2.79,180.1,96.1,107.1,104.3,120.4,37.1,45.9,0.94
10235,Demo Pitcher 235,2024,28,Pitcher,SP,3.25,,,,,,,3.1,30.4,,,,,,,,33.7,25.7,,3.01,146.6,3.04,2.79,172.4,93.3,111.4,114.5,109.4,42.3,56.3,0.75
10235,Demo Pitcher 235,2025,29,Pitcher,SP,3.85,,,,,,,5.6,30.3,,,,,,,,35.5,26.0,,2.38,133.2,3.09,3.0,212.0,94.8,121.7,96.6,103.3,38.7,44.2,0.71
10235,Demo Pitcher 235,2026,30,Pitcher,SP,1.91,,,,,,,6.8,23.6,,,,,,,,25.0,28.2,,4.35,113.2,4.26,3.92,159.0,93.3,90.5,101.2,105.5,37.6,43.2,1.05
10236,Demo Pitcher 236,2016,24,Pitcher,SP,3.02,,,,,,,5.7,22.9,,,,,,,,26.1,30.3,,3.0,115.3,3.37,3.54,191.4,94.8,125.1,102.3,108.1,38.1,44.3,1.2
10236,Demo Pitcher 236,2017,25,Pitcher,SP,3.46,,,,,,,3.7,28.8,,,,,,,,30.3,31.2,,3.2,128.0,2.93,2.76,236.7,93.5,118.5,110.2,118.2,31.7,34.6,1.01
10236,Demo Pitcher 236,2018,26,Pitcher,SP,3.84,,,,,,,4.8,24.7,,,,,,,,27.4,29.1,,2.45,162.9,2.7,3.1,161.5,97.0,103.2,118.0,101.6,37.2,43.5,0.82
10236,Demo Pitcher 236,2019,27,Pitcher,SP,4.57,,,,,,,5.0,28.6,,,,,,,,32.2,31.7,,2.75,164.0,3.11,3.37,202.9,95.9,116.1,102.4,121.2,36.5,36.1,1.08
10236,Demo Pitcher 236,2020,28,Pitcher,SP,2.69,,,,,,,3.4,28.6,,,,,,,,28.6,33.3,,2.42,129.6,2.81,2.47,169.4,95.9,128.0,115.7,110.6,35.8,37.0,1.03
10236,Demo Pitcher 236,2021,29,Pitcher,SP,3.59,,,,,,,7.5,27.8,,,,,,,,38.9,31.5,,3.16,152.4,3.29,3.24,194.1,94.1,126.2,108.3,104.8,37.4,42.8,0.92
10236,Demo Pitcher 236,2022,30,Pitcher,SP,4.36,,,,,,,2.5,24.3,,,,,,,,37.8,33.0,,2.69,143.7,2.77,2.87,188.1,93.9,125.4,104.8,125.5,36.0,36.7,0.84
10236,Demo Pitcher 236,2023,31,Pitcher,SP,3.17,,,,,,,6.7,24.4,,,,,,,,28.2,29.7,,3.49,148.0,3.23,3.28,186.8,94.4,110.5,109.3,97.5,39.2,33.8,0.88
10236,Demo Pitcher 236,2024,32,Pitcher,SP,4.0,,,,,,,5.3,32.5,,,,,,,,35.7,29.8,,3.37,141.3,3.39,3.81,177.8,96.4,131.1,115.2,109.4,34.6,45.2,1.11
10236,Demo Pitcher 236,2025,33,Pitcher,SP,2.18,,,,,,,8.4,24.7,,,,,,,,35.3,26.9,,3.89,133.9,4.22,4.07,184.7,94.9,100.9,96.9,112.9,36.6,44.9,1.01
10236,Demo Pitcher 236,2026,34,Pitcher,SP,1.61,,,,,,,11.3,25.3,,,,,,,,32.2,23.9,,3.96,130.9,3.82,3.94,118.6,93.4,111.6,96.2,105.1,46.3,48.0,1.43
10237,Demo Pitcher 237,2017,20,Pitcher,RP,1.69,,,,,,,5.9,19.2,,,,,,,,32.6,31.0,,3.3,128.5,3.83,3.79,69.4,95.5,105.4,93.5,115.6,40.4,34.8,1.03
10237,Demo Pitcher 237,2018,21,Pitcher,RP,2.51,,,,,,,8.5,28.0,,,,,,,,29.1,30.3,,3.87,131.7,3.76,3.59,63.4,96.7,108.7,99.9,103.1,42.5,30.2,1.01
10237,Demo Pitcher 237,2019,22,Pitcher,RP,2.0,,,,,,,8.7,22.6,,,,,,,,34.4,32.1,,3.53,127.6,3.39,3.08,43.9,95.8,103.2,90.6,102.8,38.4,51.0,1.26
10237,Demo Pitcher 237,2020,23,Pitcher,RP,2.02,,,,,,,7.6,24.1,,,,,,,,31.0,24.5,,4.42,128.0,3.94,3.97,75.0,95.1,105.8,96.8,101.3,40.8,43.5,1.01
10237,Demo Pitcher 237,2021,24,Pitcher,RP,2.83,,,,,,,8.9,29.5,,,,,,,,30.7,28.5,,3.97,145.9,3.67,3.71,67.6,96.0,120.9,109.8,116.3,38.8,38.6,0.94
10237,Demo Pitcher 237,2022,25,Pitcher,RP,2.16,,,,,,,5.3,21.7,,,,,,,,31.8,28.7,,3.05,135.2,3.36,3.42,72.8,97.2,111.9,104.6,105.2,38.2,39.8,1.27
10237,Demo Pitcher 237,2023,26,Pitcher,RP,1.58,,,,,,,10.3,26.8,,,,,,,,29.3,24.6,,4.27,114.0,3.72,3.96,65.4,94.7,89.9,97.1,98.6,37.6,43.4,0.79
10237,Demo Pitcher 237,2024,27,Pitcher,RP,2.57,,,,,,,5.9,23.1,,,,,,,,32.6,31.6,,3.9,135.6,3.71,3.48,73.4,94.2,110.8,95.2,108.4,36.5,48.9,1.41
10237,Demo Pitcher 237,2025,28,Pitcher,RP,1.76,,,,,,,10.2,21.9,,,,,,,,28.9,22.7,,4.09,113.0,4.44,4.35,49.6,96.5,103.5,90.1,97.1,39.9,41.2,1.16
10237,Demo Pitcher 237,2026,29,Pitcher,RP,1.24,,,,,,,6.2,23.9,,,,,,,,29.6,22.0,,4.05,100.1,3.97,3.66,70.6,96.0,100.2,106.5,108.9,43.7,35.1,1.07
10238,Demo Pitcher 238,2015,22,Pitcher,RP,3.16,,,,,,,8.7,27.3,,,,,,,,37.3,26.7,,3.35,131.3,3.04,3.24,67.2,97.6,118.6,104.5,106.4,39.0,46.4,0.94
10238,Demo Pitcher 238,2016,23,Pitcher,RP,3.23,,,,,,,10.3,30.6,,,,,,,,31.6,30.3,,3.17,159.0,3.33,3.28,75.1,94.8,115.1,108.9,106.3,41.0,39.2,0.72
10238,Demo Pitcher 238,2017,24,Pitcher,RP,2.79,,,,,,,5.9,29.9,,,,,,,,32.3,28.3,,3.24,127.8,3.36,3.27,48.6,96.9,112.0,112.0,106.6,35.1,44.9,0.91
10238,Demo Pitcher 238,2018,25,Pitcher,RP,3.61,,,,,,,10.0,29.7,,,,,,,,30.2,29.9,,2.6,156.2,2.5,2.36,62.1,96.7,121.2,112.0,113.8,38.6,46.7,1.03
10238,Demo Pitcher 238,2019,26,Pitcher,RP,2.24,,,,,,,9.1,28.8,,,,,,,,28.7,28.7,,3.65,120.2,3.54,3.52,76.8,96.9,102.7,97.1,103.7,41.7,43.4,1.03
10238,Demo Pitcher 238,2020,27,Pitcher,RP,3.85,,,,,,,4.3,29.8,,,,,,,,33.8,28.3,,2.43,149.1,3.23,3.29,60.1,98.5,125.8,96.9,115.1,35.3,32.4,1.14
10238,Demo Pitcher 238,2021,28,Pitcher,RP,2.56,,,,,,,6.7,27.7,,,,,,,,28.2,33.7,,3.06,134.3,3.41,3.34,54.0,95.9,107.8,111.4,108.9,47.0,39.6,1.31
10238,Demo Pitcher 238,2022,29,Pitcher,RP,2.75,,,,,,,5.8,26.2,,,,,,,,29.9,23.3,,3.72,118.7,3.48,3.47,64.4,96.2,108.8,105.9,100.7,44.3,44.1,0.99
10238,Demo Pitcher 238,2023,30,Pitcher,RP,1.87,,,,,,,8.2,21.2,,,,,,,,28.8,27.5,,4.32,117.5,3.8,3.61,66.3,95.4,95.7,124.2,109.6,35.6,40.9,1.26
10238,Demo Pitcher 238,2024,31,Pitcher,RP,2.02,,,,,,,7.8,22.0,,,,,,,,34.8,27.2,,4.92,110.7,4.26,4.37,69.0,93.4,111.8,101.0,111.4,38.1,44.9,1.44
10239,Demo Pitcher 239,2015,21,Pitcher,RP,1.87,,,,,,,8.8,25.6,,,,,,,,42.0,27.2,,4.31,124.4,4.16,4.18,58.6,95.2,111.3,111.0,102.8,45.6,42.4,0.67
10239,Demo Pitcher 239,2016,22,Pitcher,RP,3.31,,,,,,,6.0,27.0,,,,,,,,31.7,27.8,,3.84,135.4,3.76,3.89,58.8,97.0,100.2,99.0,123.9,37.7,31.5,1.01
10239,Demo Pitcher 239,2017,23,Pitcher,RP,3.24,,,,,,,9.3,25.2,,,,,,,,35.7,28.5,,3.39,154.7,2.83,2.67,78.0,95.4,117.6,102.3,108.8,40.0,33.1,1.0
10239,Demo Pitcher 239,2018,24,Pitcher,RP,3.1,,,,,,,4.8,22.2,,,,,,,,32.0,29.3,,3.02,134.8,2.95,2.98,81.7,96.2,108.0,110.3,126.2,39.7,45.3,1.11
10239,Demo Pitcher 239,2019,25,Pitcher,RP,2.09,,,,,,,7.8,20.5,,,,,,,,27.6,29.3,,3.75,144.8,3.75,3.55,44.0,95.6,107.7,114.1,103.1,38.7,36.5,1.11
10239,Demo Pitcher 239,2020,26,Pitcher,RP,2.19,,,,,,,10.3,21.0,,,,,,,,26.7,32.9,,4.24,119.0,3.72,3.44,54.1,94.5,104.9,103.2,89.8,36.0,43.3,1.09
10239,Demo Pitcher 239,2021,27,Pitcher,RP,2.4,,,,,,,7.2,27.7,,,,,,,,33.2,28.0,,3.52,134.5,3.45,3.22,58.0,94.1,113.6,99.1,106.6,40.9,44.6,1.06
10239,Demo Pitcher 239,2022,28,Pitcher,RP,3.32,,,,,,,2.0,28.5,,,,,,,,31.3,32.9,,3.77,146.1,3.89,3.68,69.7,96.0,121.3,105.3,126.4,41.0,39.0,0.7
10239,Demo Pitcher 239,2023,29,Pitcher,RP,1.92,,,,,,,6.8,25.1,,,,,,,,30.9,27.4,,3.25,117.5,3.5,3.85,63.1,97.1,111.5,97.4,102.3,37.1,45.5,1.04
10239,Demo Pitcher 239,2024,30,Pitcher,RP,2.6,,,,,,,6.8,25.7,,,,,,,,31.6,33.0,,3.18,126.0,3.42,3.45,59.1,95.6,110.1,109.3,115.8,36.0,28.3,1.02
10239,Demo Pitcher 239,2025,31,Pitcher,RP,2.09,,,,,,,9.0,27.9,,,,,,,,28.9,29.3,,3.65,113.7,3.68,3.69,56.7,96.1,116.4,96.5,100.2,44.2,30.4,1.16
10240,Demo Pitcher 240,2013,23,Pitcher,SP,1.6,,,,,,,6.6,25.1,,,,,,,,28.1,23.1,,3.08,102.0,3.18,3.1,168.2,94.3,101.3,116.1,119.4,40.1,49.2,1.16
10240,Demo Pitcher 240,2014,24,Pitcher,SP,2.53,,,,,,,9.1,18.9,,,,,,,,26.4,30.9,,3.55,119.9,3.61,3.72,168.8,94.9,97.4,92.3,114.4,36.4,39.3,1.08
10240,Demo Pitcher 240,2015,25,Pitcher,SP,2.51,,,,,,,5.1,26.8,,,,,,,,33.5,28.4,,3.71,133.4,3.43,3.24,197.4,95.5,107.4,101.9,104.3,37.6,48.9,0.89
10240,Demo Pitcher 240,2016,26,Pitcher,SP,3.67,,,,,,,6.1,25.1,,,,,,,,27.8,30.6,,2.95,133.8,3.48,3.79,172.9,95.2,112.1,103.0,117.1,35.6,35.1,1.14
10240,Demo Pitcher 240,2017,27,Pitcher,SP,3.35,,,,,,,6.2,27.2,,,,,,,,33.6,29.9,,3.58,129.3,3.42,3.2,169.2,96.6,120.6,115.6,117.0,39.0,53.1,0.89
10240,Demo Pitcher 240,2018,28,Pitcher,SP,2.68,,,,,,,8.7,23.1,,,,,,,,30.9,25.4,,4.84,136.2,4.07,4.22,180.2,96.1,114.0,106.7,121.7,34.4,30.5,1.02
10240,Demo Pitcher 240,2019,29,Pitcher,SP,2.73,,,,,,,7.1,24.1,,,,,,,,33.2,23.0,,3.45,143.9,3.34,3.34,169.5,97.3,116.0,94.4,93.9,40.4,48.0,1.18
10240,Demo Pitcher 240,2020,30,Pitcher,SP,3.65,,,,,,,4.0,29.8,,,,,,,,33.4,28.6,,1.83,151.9,2.84,2.63,181.4,95.8,123.6,114.2,115.3,32.1,34.8,0.98
10240,Demo Pitcher 240,2021,31,Pitcher,SP,1.2,,,,,,,7.1,27.5,,,,,,,,30.4,29.0,,4.1,117.1,4.38,4.7,156.5,92.0,104.0,107.7,106.8,43.3,47.1,1.17
10240,Demo Pitcher 240,2022,32,Pitcher,SP,2.39,,,,,,,6.6,27.4,,,,,,,,32.1,25.0,,3.98,106.0,3.74,3.43,157.9,93.3,116.4,108.8,98.3,37.7,40.9,0.97
10240,Demo Pitcher 240,2023,33,Pitcher,SP,1.72,,,,,,,9.7,28.1,,,,,,,,33.8,24.8,,3.19,118.9,3.61,3.79,152.0,94.2,101.9,87.4,102.1,41.8,51.7,0.97
10240,Demo Pitcher 240,2024,34,Pitcher,SP,1.93,,,,,,,8.6,23.0,,,,,,,,26.3,29.1,,3.49,121.0,3.59,3.4,179.1,94.7,104.2,102.5,104.7,40.4,39.8,1.12
10241,Demo Pitcher 241,2020,26,Pitcher,SP,2.18,,,,,,,6.4,28.7,,,,,,,,32.4,22.8,,3.41,135.0,3.23,3.53,182.3,94.7,98.2,113.4,101.4,38.1,34.5,1.36
10241,Demo Pitcher 241,2021,27,Pitcher,SP,1.5,,,,,,,9.4,22.4,,,,,,,,32.1,26.4,,4.77,121.1,4.04,4.1,190.1,95.4,100.5,92.5,110.0,38.3,50.7,1.12
10241,Demo Pitcher 241,2022,28,Pitcher,SP,1.6,,,,,,,7.8,26.5,,,,,,,,30.2,26.1,,2.96,91.4,3.32,3.2,173.0,95.0,106.4,109.7,114.3,44.1,40.1,1.21
10241,Demo Pitcher 241,2023,29,Pitcher,SP,1.63,,,,,,,5.6,21.9,,,,,,,,27.0,28.4,,4.2,131.3,4.06,4.0,160.1,93.2,109.8,99.7,89.0,38.4,33.0,1.1
10241,Demo Pitcher 241,2024,30,Pitcher,SP,1.22,,,,,,,6.9,21.9,,,,,,,,24.5,25.0,,3.78,116.8,3.64,3.47,177.4,93.7,96.3,85.9,110.8,38.0,39.6,1.17
10241,Demo Pitcher 241,2025,31,Pitcher,SP,0.95,,,,,,,7.4,16.4,,,,,,,,29.4,22.9,,3.99,119.1,4.13,4.49,130.5,92.2,87.2,97.1,100.4,40.5,55.0,0.81
10241,Demo Pitcher 241,2026,32,Pitcher,SP,0.36,,,,,,,8.4,15.9,,,,,,,,27.1,25.2,,4.93,96.7,5.1,4.92,135.6,94.3,104.8,93.5,87.6,36.5,51.9,0.77
10242,Demo Pitcher 242,2018,21,Pitcher,SP,5.0,,,,,,,5.4,34.9,,,,,,,,29.8,34.5,,2.8,158.2,2.9,3.11,210.9,93.9,134.8,114.8,118.2,37.9,29.8,0.57
10242,Demo Pitcher 242,2019,22,Pitcher,SP,4.94,,,,,,,5.2,28.2,,,,,,,,32.0,27.0,,3.13,141.4,3.05,2.89,234.8,95.4,122.4,110.7,124.4,30.1,32.9,1.08
10242,Demo Pitcher 242,2020,23,Pitcher,SP,4.85,,,,,,,5.5,23.8,,,,,,,,36.9,27.7,,2.51,136.7,2.62,3.11,203.8,97.3,125.0,120.8,109.0,33.9,47.6,0.99
10242,Demo Pitcher 242,2021,24,Pitcher,SP,3.22,,,,,,,2.0,26.6,,,,,,,,35.3,28.5,,2.91,125.0,3.2,3.54,151.5,93.1,120.7,104.4,116.8,36.1,43.2,1.09
10242,Demo Pitcher 242,2022,25,Pitcher,SP,4.59,,,,,,,5.3,30.2,,,,,,,,37.6,27.8,,2.61,161.0,2.91,2.52,226.4,94.7,107.5,107.6,109.9,39.5,32.7,0.65
10242,Demo Pitcher 242,2023,26,Pitcher,SP,5.05,,,,,,,7.1,32.8,,,,,,,,37.4,31.9,,3.8,195.7,3.18,2.93,187.1,96.0,128.2,125.8,125.0,30.8,48.1,0.81
10242,Demo Pitcher 242,2024,27,Pitcher,SP,5.23,,,,,,,5.8,31.4,,,,,,,,36.5,35.5,,2.15,162.3,2.05,2.3,204.9,96.1,116.8,108.8,129.0,36.0,41.0,0.55
10242,Demo Pitcher 242,2025,28,Pitcher,SP,3.55,,,,,,,9.2,21.7,,,,,,,,31.1,24.5,,3.08,127.1,3.08,3.04,180.0,94.3,119.3,110.5,109.1,39.5,38.7,1.24
10242,Demo Pitcher 242,2026,29,Pitcher,SP,4.19,,,,,,,5.3,24.8,,,,,,,,34.8,31.9,,2.98,153.1,2.98,3.07,218.6,96.0,104.5,106.0,123.7,37.3,52.6,0.93
10243,Demo Pitcher 243,2016,22,Pitcher,RP,5.22,,,,,,,7.2,28.0,,,,,,,,38.5,36.5,,3.16,164.8,3.23,3.34,86.9,97.1,127.9,109.7,115.5,36.3,39.2,0.99
10243,Demo Pitcher 243,2017,23,Pitcher,RP,5.98,,,,,,,5.9,30.0,,,,,,,,32.4,34.1,,1.92,156.7,2.29,2.4,83.6,98.6,128.8,119.5,121.7,35.7,29.6,0.69
10243,Demo Pitcher 243,2018,24,Pitcher,RP,5.46,,,,,,,6.8,32.7,,,,,,,,32.4,36.4,,2.44,162.6,2.52,2.75,73.1,97.5,118.6,124.5,128.1,32.0,49.5,0.87
10243,Demo Pitcher 243,2019,25,Pitcher,RP,5.74,,,,,,,2.0,33.8,,,,,,,,34.0,32.1,,2.97,177.6,2.57,2.88,76.6,99.6,131.1,111.4,122.0,32.3,42.9,0.9
10244,Demo Pitcher 244,2018,24,Pitcher,SP,3.38,,,,,,,7.9,29.8,,,,,,,,30.9,28.4,,4.08,147.7,3.48,3.8,165.1,97.6,115.4,107.7,104.6,42.8,45.9,0.58
10244,Demo Pitcher 244,2019,25,Pitcher,SP,3.39,,,,,,,3.5,32.1,,,,,,,,35.3,29.3,,2.76,128.8,2.89,3.02,131.3,96.9,116.8,105.8,117.6,38.4,44.4,1.26
10244,Demo Pitcher 244,2020,26,Pitcher,SP,4.52,,,,,,,8.4,27.9,,,,,,,,33.2,27.6,,1.82,128.5,2.45,2.5,210.4,94.8,120.9,107.4,117.6,36.9,43.5,0.74
10244,Demo Pitcher 244,2021,27,Pitcher,SP,3.45,,,,,,,7.2,32.2,,,,,,,,24.1,27.7,,3.2,132.9,3.29,3.36,188.8,94.1,112.1,88.7,122.3,35.5,49.5,1.0
10245,Demo Pitcher 245,2012,27,Pitcher,RP,2.4,,,,,,,6.8,24.0,,,,,,,,26.3,28.3,,3.9,99.4,3.71,3.71,76.1,96.8,112.2,114.2,105.8,41.8,37.0,1.28
10245,Demo Pitcher 245,2013,28,Pitcher,RP,3.31,,,,,,,8.7,17.5,,,,,,,,30.0,29.7,,2.53,143.1,2.87,3.14,66.4,93.6,101.9,106.8,119.0,36.2,44.1,0.99
10245,Demo Pitcher 245,2014,29,Pitcher,RP,2.36,,,,,,,7.6,24.5,,,,,,,,31.3,24.5,,3.82,137.7,3.42,3.5,72.8,95.9,105.6,94.5,117.5,41.1,41.2,1.09
10245,Demo Pitcher 245,2015,30,Pitcher,RP,2.53,,,,,,,8.4,25.6,,,,,,,,36.6,29.0,,3.16,135.0,3.3,3.16,78.4,95.2,115.6,94.5,116.6,40.4,32.9,1.13
10245,Demo Pitcher 245,2016,31,Pitcher,RP,1.1,,,,,,,7.6,25.4,,,,,,,,30.9,30.5,,4.05,124.8,4.09,4.3,61.5,95.7,97.2,100.6,110.6,41.7,43.5,1.22
10245,Demo Pitcher 245,2017,32,Pitcher,RP,0.55,,,,,,,8.7,20.8,,,,,,,,27.1,26.6,,3.88,105.8,4.18,4.27,39.5,96.2,87.5,82.8,96.4,38.6,40.7,1.21
10246,Demo Pitcher 246,2012,23,Pitcher,RP,5.98,,,,,,,3.1,31.9,,,,,,,,30.8,35.7,,2.56,160.9,2.67,2.49,69.9,96.8,116.3,111.0,130.2,35.1,41.9,0.97
10246,Demo Pitcher 246,2013,24,Pitcher,RP,4.63,,,,,,,6.7,34.1,,,,,,,,30.1,32.3,,3.39,159.1,3.15,3.15,91.8,94.9,124.7,107.1,114.0,34.9,39.8,0.66
10246,Demo Pitcher 246,2014,25,Pitcher,RP,5.84,,,,,,,5.7,29.7,,,,,,,,40.7,31.4,,2.28,176.3,2.08,1.85,84.2,98.2,126.4,115.7,123.5,31.0,46.7,0.47
10246,Demo Pitcher 246,2015,26,Pitcher,RP,5.31,,,,,,,4.9,35.5,,,,,,,,37.1,34.6,,2.82,160.5,2.94,3.27,76.2,96.7,122.5,110.0,120.6,34.5,42.1,0.79
10246,Demo Pitcher 246,2016,27,Pitcher,RP,4.8,,,,,,,2.0,29.0,,,,,,,,34.6,34.5,,2.72,159.5,2.42,2.07,58.8,96.1,119.3,98.2,124.7,35.5,46.5,0.89
10246,Demo Pitcher 246,2017,28,Pitcher,RP,4.93,,,,,,,4.6,33.7,,,,,,,,37.1,30.8,,2.53,162.0,2.47,2.47,70.0,97.0,113.8,112.0,124.6,39.5,46.2,0.72
10246,Demo Pitcher 246,2018,29,Pitcher,RP,6.17,,,,,,,2.9,36.4,,,,,,,,32.7,37.6,,1.52,182.2,1.9,1.8,88.4,97.3,144.5,119.9,117.0,31.8,48.4,0.67
10246,Demo Pitcher 246,2019,30,Pitcher,RP,6.19,,,,,,,6.8,34.6,,,,,,,,32.3,32.1,,2.02,179.6,2.27,2.36,84.3,96.5,145.0,104.7,128.8,31.9,39.6,0.76
10246,Demo Pitcher 246,2020,31,Pitcher,RP,5.35,,,,,,,2.7,32.1,,,,,,,,36.4,34.9,,1.97,151.5,2.59,2.65,95.0,98.6,128.4,101.9,118.6,32.5,40.0,0.91
10247,Demo Pitcher 247,2016,24,Pitcher,SP,3.74,,,,,,,10.6,32.0,,,,,,,,33.9,28.8,,3.68,156.1,2.96,3.24,212.2,93.0,104.7,110.0,114.1,33.7,39.3,1.07
10247,Demo Pitcher 247,2017,25,Pitcher,SP,4.01,,,,,,,5.0,32.1,,,,,,,,32.9,32.7,,2.52,146.6,2.52,2.44,202.9,96.1,116.8,114.9,121.2,37.3,39.8,0.65
10247,Demo Pitcher 247,2018,26,Pitcher,SP,5.02,,,,,,,5.0,28.9,,,,,,,,36.2,30.8,,3.66,162.3,3.08,2.9,177.4,96.0,110.6,111.6,116.8,35.4,37.8,1.0
10247,Demo Pitcher 247,2019,27,Pitcher,SP,4.39,,,,,,,3.6,29.1,,,,,,,,31.2,33.7,,2.78,144.8,2.73,2.46,199.2,96.7,117.0,111.8,108.1,41.1,51.6,0.84
10247,Demo Pitcher 247,2020,28,Pitcher,SP,3.62,,,,,,,7.0,27.1,,,,,,,,29.5,28.7,,2.96,135.6,2.5,2.65,174.2,94.4,113.9,109.0,120.1,40.2,39.0,1.25
10247,Demo Pitcher 247,2021,29,Pitcher,SP,4.91,,,,,,,5.1,31.0,,,,,,,,35.4,28.6,,2.83,150.5,2.32,2.03,173.6,95.4,118.9,110.9,114.6,37.2,44.5,0.82
10247,Demo Pitcher 247,2022,30,Pitcher,SP,2.68,,,,,,,7.2,29.1,,,,,,,,31.6,29.8,,4.14,133.0,3.91,4.01,185.8,94.3,107.0,104.7,109.4,41.0,38.1,1.03
10247,Demo Pitcher 247,2023,31,Pitcher,SP,2.7,,,,,,,8.6,20.4,,,,,,,,36.4,27.3,,3.62,130.0,3.56,3.68,153.0,95.1,118.1,116.8,104.1,35.8,54.6,1.17
10247,Demo Pitcher 247,2024,32,Pitcher,SP,3.57,,,,,,,5.5,28.1,,,,,,,,34.5,27.9,,3.45,143.1,3.24,3.11,171.9,93.2,116.8,110.1,119.2,35.7,42.0,1.13
10247,Demo Pitcher 247,2025,33,Pitcher,SP,3.86,,,,,,,10.3,27.9,,,,,,,,28.0,29.3,,3.88,145.1,3.75,3.69,173.6,96.6,118.9,95.5,126.0,37.4,31.8,1.15
10247,Demo Pitcher 247,2026,34,Pitcher,SP,3.55,,,,,,,5.2,28.7,,,,,,,,27.5,33.3,,2.65,151.3,3.01,3.17,205.1,94.8,119.4,97.9,104.4,39.9,44.1,0.97
10248,Demo Pitcher 248,2011,26,Pitcher,SP,4.53,,,,,,,4.2,33.1,,,,,,,,33.1,29.5,,2.87,150.1,3.0,2.97,201.8,93.0,118.0,114.8,119.6,35.5,42.5,0.85
10248,Demo Pitcher 248,2012,27,Pitcher,SP,5.94,,,,,,,3.9,32.7,,,,,,,,35.5,35.3,,2.19,180.4,2.16,2.19,177.5,97.8,131.4,112.7,130.4,36.8,32.8,0.58
10248,Demo Pitcher 248,2013,28,Pitcher,SP,5.6,,,,,,,5.4,32.6,,,,,,,,34.9,29.9,,2.35,170.4,3.18,3.11,188.7,95.4,136.6,111.2,118.9,36.5,43.9,0.78
10248,Demo Pitcher 248,2014,29,Pitcher,SP,6.76,,,,,,,2.0,37.7,,,,,,,,38.8,33.0,,2.1,190.0,2.25,2.3,199.4,96.2,145.0,107.9,125.6,32.7,30.3,0.85
10249,Demo Pitcher 249,2010,27,Pitcher,SP,4.71,,,,,,,6.1,27.7,,,,,,,,38.2,24.9,,2.95,156.3,3.63,3.64,200.0,92.2,132.2,111.2,115.8,34.6,39.3,0.67
10249,Demo Pitcher 249,2011,28,Pitcher,SP,3.41,,,,,,,6.1,31.7,,,,,,,,33.6,25.2,,3.37,144.1,3.26,3.35,176.0,94.8,127.0,101.4,112.9,38.0,48.9,0.95
10249,Demo Pitcher 249,2012,29,Pitcher,SP,4.36,,,,,,,4.9,31.9,,,,,,,,33.6,35.6,,2.94,139.8,3.01,2.92,236.0,97.1,136.3,108.6,107.5,36.5,54.7,0.8
10249,Demo Pitcher 249,2013,30,Pitcher,SP,3.74,,,,,,,9.9,31.4,,,,,,,,32.0,30.7,,2.79,142.5,3.01,3.22,173.8,96.7,100.5,108.5,120.2,35.7,47.4,0.9
10249,Demo Pitcher 249,2014,31,Pitcher,SP,3.43,,,,,,,4.7,29.6,,,,,,,,29.1,28.2,,3.77,147.6,3.35,3.39,194.0,96.4,104.0,114.6,120.4,42.8,44.0,0.61
10249,Demo Pitcher 249,2015,32,Pitcher,SP,2.63,,,,,,,6.6,26.3,,,,,,,,32.6,29.8,,4.31,134.1,3.75,3.61,168.8,95.7,111.0,102.4,105.2,37.4,40.5,0.75
10249,Demo Pitcher 249,2016,33,Pitcher,SP,3.72,,,,,,,8.0,23.4,,,,,,,,29.7,30.0,,2.9,163.8,2.72,2.68,173.5,92.8,126.5,99.5,120.6,36.2,39.9,1.21
10249,Demo Pitcher 249,2017,34,Pitcher,SP,4.08,,,,,,,4.3,28.0,,,,,,,,32.7,33.1,,2.65,150.5,3.11,2.96,189.4,93.5,124.0,106.5,115.5,36.0,39.6,0.93
10249,Demo Pitcher 249,2018,35,Pitcher,SP,2.39,,,,,,,8.3,28.3,,,,,,,,24.1,28.1,,3.99,129.7,3.79,3.75,161.6,94.5,115.2,97.2,106.4,41.7,45.7,0.79
10249,Demo Pitcher 249,2019,36,Pitcher,SP,2.51,,,,,,,7.2,21.2,,,,,,,,28.5,23.6,,3.94,129.9,3.52,3.36,188.3,96.2,99.2,109.0,115.9,42.1,35.3,0.64
10250,Demo Pitcher 250,2014,21,Pitcher,RP,1.47,,,,,,,5.8,25.1,,,,,,,,29.7,23.1,,3.89,106.0,4.37,3.96,47.0,97.5,98.2,94.4,94.0,37.4,42.5,1.48
10250,Demo Pitcher 250,2015,22,Pitcher,RP,1.89,,,,,,,4.8,23.5,,,,,,,,30.8,27.0,,3.63,118.8,3.82,3.69,60.9,95.9,112.6,106.6,105.1,39.8,36.2,1.1
10250,Demo Pitcher 250,2016,23,Pitcher,RP,2.81,,,,,,,11.7,28.9,,,,,,,,30.3,28.8,,4.12,152.5,3.44,3.28,72.8,95.2,109.1,113.8,115.3,38.7,42.4,1.02
10250,Demo Pitcher 250,2017,24,Pitcher,RP,2.02,,,,,,,5.2,27.0,,,,,,,,33.2,25.7,,4.15,134.0,3.91,4.16,64.9,95.1,112.4,117.6,96.6,41.3,42.6,1.26
10250,Demo Pitcher 250,2018,25,Pitcher,RP,1.72,,,,,,,7.7,25.6,,,,,,,,29.9,23.6,,4.25,117.6,3.69,3.82,59.0,95.5,109.6,99.1,109.7,33.4,40.6,1.09
10250,Demo Pitcher 250,2019,26,Pitcher,RP,3.7,,,,,,,5.8,32.4,,,,,,,,35.3,25.8,,3.76,153.1,3.19,2.9,69.0,96.9,109.2,118.9,108.8,46.7,35.2,0.88
10250,Demo Pitcher 250,2020,27,Pitcher,RP,3.97,,,,,,,6.5,26.7,,,,,,,,31.8,25.6,,3.27,132.2,3.6,3.48,55.1,98.5,119.7,105.3,113.9,37.1,34.2,1.16
10250,Demo Pitcher 250,2021,28,Pitcher,RP,2.72,,,,,,,7.4,31.1,,,,,,,,32.9,23.6,,3.08,142.1,3.38,2.97,73.8,94.9,123.4,98.1,118.2,36.6,41.1,1.18
10251,Demo Pitcher 251,2019,20,Pitcher,RP,3.42,,,,,,,4.5,26.5,,,,,,,,29.5,32.3,,3.1,164.8,2.81,2.46,65.1,96.9,111.2,93.6,114.3,37.9,50.4,0.85
10251,Demo Pitcher 251,2020,21,Pitcher,RP,2.73,,,,,,,7.2,25.9,,,,,,,,27.8,30.8,,2.43,145.1,2.65,2.8,61.6,95.2,100.4,98.1,110.4,36.5,49.1,0.95
10251,Demo Pitcher 251,2021,22,Pitcher,RP,3.34,,,,,,,5.3,24.6,,,,,,,,37.9,26.8,,3.44,147.1,3.42,3.26,71.3,94.2,120.7,106.5,100.2,40.5,44.9,0.82
10251,Demo Pitcher 251,2022,23,Pitcher,RP,3.19,,,,,,,7.0,28.9,,,,,,,,33.0,26.5,,3.06,136.4,3.64,3.75,69.2,96.9,120.6,105.6,112.2,34.6,29.9,1.0
10251,Demo Pitcher 251,2023,24,Pitcher,RP,2.13,,,,,,,8.6,20.2,,,,,,,,32.8,31.5,,3.3,120.6,3.82,4.19,65.6,98.2,112.7,106.7,108.1,39.2,50.1,1.01
10251,Demo Pitcher 251,2024,25,Pitcher,RP,4.26,,,,,,,7.1,35.7,,,,,,,,32.7,36.2,,2.82,156.6,2.52,2.52,80.8,94.9,117.5,100.5,117.0,34.7,38.8,0.7
10251,Demo Pitcher 251,2025,26,Pitcher,RP,3.73,,,,,,,5.4,27.0,,,,,,,,31.4,31.6,,2.83,158.2,2.87,2.32,70.7,97.1,126.9,114.0,105.6,36.4,35.0,0.91
10251,Demo Pitcher 251,2026,27,Pitcher,RP,3.98,,,,,,,5.7,28.2,,,,,,,,31.9,26.6,,3.12,144.0,3.42,3.63,85.9,94.9,130.7,106.2,123.2,38.3,34.9,0.62
10252,Demo Pitcher 252,2021,27,Pitcher,SP,5.3,,,,,,,4.3,29.0,,,,,,,,32.5,34.1,,2.27,163.5,2.87,2.89,206.3,97.5,121.8,119.3,126.9,36.6,32.3,0.8
10252,Demo Pitcher 252,2022,28,Pitcher,SP,6.68,,,,,,,4.9,35.8,,,,,,,,38.9,38.0,,2.31,178.1,2.56,2.51,206.2,94.9,140.7,128.7,133.0,31.9,40.9,0.57
10252,Demo Pitcher 252,2023,29,Pitcher,SP,4.94,,,,,,,4.6,33.9,,,,,,,,35.2,37.7,,3.65,155.8,3.45,3.61,165.7,93.8,120.2,109.0,114.9,27.5,44.1,0.85
10252,Demo Pitcher 252,2024,30,Pitcher,SP,6.55,,,,,,,2.0,38.0,,,,,,,,33.3,35.8,,2.04,178.4,2.07,2.23,188.2,95.1,129.4,116.5,125.8,32.5,46.8,0.63
10252,Demo Pitcher 252,2025,31,Pitcher,SP,4.78,,,,,,,5.2,31.2,,,,,,,,33.9,33.4,,2.01,167.9,2.64,2.65,173.1,97.5,121.5,105.7,115.9,34.6,46.2,0.94
10253,Demo Pitcher 253,2009,23,Pitcher,RP,2.98,,,,,,,11.1,30.0,,,,,,,,29.9,28.8,,3.2,148.3,3.61,3.79,73.4,94.1,114.8,107.1,101.8,36.3,49.1,1.3
10253,Demo Pitcher 253,2010,24,Pitcher,RP,3.44,,,,,,,6.0,25.0,,,,,,,,31.3,29.8,,2.64,127.2,3.14,3.11,64.4,97.2,118.2,110.6,99.4,36.8,44.9,0.92
10253,Demo Pitcher 253,2011,25,Pitcher,RP,3.65,,,,,,,7.7,26.5,,,,,,,,41.2,27.8,,3.46,129.3,3.49,3.45,62.7,96.7,118.0,101.2,103.3,32.2,43.5,1.22
10253,Demo Pitcher 253,2012,26,Pitcher,RP,3.89,,,,,,,5.3,29.5,,,,,,,,29.3,31.2,,2.42,149.5,2.7,2.68,59.9,96.6,113.7,102.7,117.0,37.7,31.9,1.0
10253,Demo Pitcher 253,2013,27,Pitcher,RP,3.16,,,,,,,4.3,31.3,,,,,,,,22.0,25.5,,3.23,128.0,3.53,3.05,66.2,98.4,100.9,98.1,122.2,42.9,42.5,1.01
10253,Demo Pitcher 253,2014,28,Pitcher,RP,2.82,,,,,,,7.0,25.9,,,,,,,,34.4,26.2,,3.59,132.4,3.88,3.93,84.1,94.1,109.6,97.8,103.7,41.5,43.0,1.04
10253,Demo Pitcher 253,2015,29,Pitcher,RP,3.16,,,,,,,5.3,29.8,,,,,,,,30.4,31.4,,4.18,135.4,3.85,3.66,77.9,96.1,115.9,106.6,114.4,36.0,49.0,1.0
10253,Demo Pitcher 253,2016,30,Pitcher,RP,2.82,,,,,,,7.2,28.0,,,,,,,,34.1,28.1,,3.01,125.7,3.28,3.52,65.5,96.4,115.4,106.7,115.2,38.5,39.0,1.16
10253,Demo Pitcher 253,2017,31,Pitcher,RP,2.56,,,,,,,5.9,24.4,,,,,,,,34.1,25.4,,3.94,122.5,3.82,3.84,77.7,93.9,111.1,107.3,104.2,40.2,52.9,0.95
10254,Demo Pitcher 254,2016,27,Pitcher,SP,6.96,,,,,,,2.0,38.9,,,,,,,,34.9,34.6,,2.4,174.5,2.15,2.21,201.8,95.4,137.3,113.4,120.2,35.4,45.0,0.73
10254,Demo Pitcher 254,2017,28,Pitcher,SP,5.31,,,,,,,5.1,28.1,,,,,,,,32.7,31.2,,2.53,166.1,2.28,2.23,188.0,97.6,124.2,111.0,113.5,33.6,31.4,0.94
10254,Demo Pitcher 254,2018,29,Pitcher,SP,4.64,,,,,,,6.7,34.0,,,,,,,,34.7,33.0,,2.5,142.7,2.56,2.35,170.5,96.4,137.4,102.5,113.3,34.8,41.0,0.62
10254,Demo Pitcher 254,2019,30,Pitcher,SP,4.98,,,,,,,5.9,32.0,,,,,,,,37.9,36.8,,2.7,166.2,2.62,2.64,197.8,93.8,130.7,114.9,114.1,34.8,42.2,0.97
10254,Demo Pitcher 254,2020,31,Pitcher,SP,4.96,,,,,,,5.4,31.0,,,,,,,,35.7,33.7,,2.83,143.7,2.48,2.57,234.0,96.3,124.3,107.1,111.8,36.0,39.9,0.82
10254,Demo Pitcher 254,2021,32,Pitcher,SP,5.85,,,,,,,7.0,28.8,,,,,,,,39.5,39.1,,3.11,157.3,2.91,2.84,187.8,97.5,141.2,108.4,122.7,35.4,32.4,0.46
10254,Demo Pitcher 254,2022,33,Pitcher,SP,3.95,,,,,,,2.0,34.6,,,,,,,,34.8,31.1,,2.86,132.4,3.16,2.99,169.4,96.4,130.2,103.9,116.9,41.4,41.7,0.68
10254,Demo Pitcher 254,2023,34,Pitcher,SP,3.59,,,,,,,7.3,33.2,,,,,,,,31.9,34.3,,3.27,139.1,2.69,2.7,227.3,94.2,110.3,108.3,110.8,34.4,34.0,0.78
10255,Demo Pitcher 255,2017,26,Pitcher,RP,3.72,,,,,,,3.3,27.6,,,,,,,,29.9,31.5,,3.22,145.3,2.94,3.29,66.5,98.2,123.9,100.5,116.1,39.9,40.2,1.1
10255,Demo Pitcher 255,2018,27,Pitcher,RP,1.93,,,,,,,8.0,21.3,,,,,,,,30.5,28.4,,3.77,127.8,4.09,4.28,72.2,96.6,132.9,97.1,108.4,28.7,46.8,0.99
10255,Demo Pitcher 255,2019,28,Pitcher,RP,2.26,,,,,,,8.2,26.1,,,,,,,,34.6,33.6,,4.05,132.4,3.81,3.98,58.9,97.4,119.5,104.8,120.8,38.9,43.7,0.98
10255,Demo Pitcher 255,2020,29,Pitcher,RP,3.1,,,,,,,4.5,28.0,,,,,,,,34.0,30.4,,3.14,130.9,3.2,3.27,72.4,96.2,125.0,112.2,115.5,30.6,51.8,0.9
10255,Demo Pitcher 255,2021,30,Pitcher,RP,2.89,,,,,,,8.4,29.0,,,,,,,,34.5,27.2,,3.44,142.1,3.21,2.97,61.1,98.2,111.9,107.5,99.2,39.1,35.1,1.03
10255,Demo Pitcher 255,2022,31,Pitcher,RP,2.47,,,,,,,9.4,28.7,,,,,,,,32.8,32.7,,2.68,117.0,3.0,3.18,54.6,97.2,121.0,114.3,101.8,42.5,42.7,1.17
10255,Demo Pitcher 255,2023,32,Pitcher,RP,3.33,,,,,,,7.8,23.3,,,,,,,,33.4,29.5,,3.64,140.9,3.33,3.33,63.9,97.6,108.6,100.2,100.3,30.1,44.6,0.87
10256,Demo Pitcher 256,2014,27,Pitcher,SP,5.81,,,,,,,7.3,36.3,,,,,,,,36.9,35.6,,2.51,155.5,2.59,2.83,182.7,95.2,134.5,119.0,124.7,33.4,38.5,0.44
10256,Demo Pitcher 256,2015,28,Pitcher,SP,3.66,,,,,,,4.9,29.7,,,,,,,,36.5,32.2,,4.07,133.4,3.46,3.32,190.5,92.8,120.0,109.7,111.6,35.5,44.9,0.94
10256,Demo Pitcher 256,2016,29,Pitcher,SP,3.34,,,,,,,5.7,22.8,,,,,,,,33.6,27.2,,3.09,139.3,3.23,3.09,205.8,96.0,136.0,105.3,111.2,34.4,38.5,0.88
10256,Demo Pitcher 256,2017,30,Pitcher,SP,2.85,,,,,,,8.2,32.3,,,,,,,,36.9,30.9,,3.59,128.4,3.5,3.76,150.7,95.0,111.6,105.2,114.9,32.7,45.8,0.81
10256,Demo Pitcher 256,2018,31,Pitcher,SP,2.94,,,,,,,4.0,25.1,,,,,,,,27.2,27.6,,3.5,134.9,3.68,3.82,188.9,95.6,109.6,113.3,107.2,39.1,53.2,1.31
10256,Demo Pitcher 256,2019,32,Pitcher,SP,2.84,,,,,,,8.7,27.6,,,,,,,,28.6,31.7,,3.97,135.7,3.41,3.27,203.8,95.1,109.2,108.2,114.5,40.5,40.9,0.91
10256,Demo Pitcher 256,2020,33,Pitcher,SP,2.48,,,,,,,10.1,26.9,,,,,,,,33.5,26.5,,3.04,135.7,3.33,3.81,129.5,94.9,115.6,110.3,100.8,43.5,47.0,1.21
10257,Demo Pitcher 257,2015,22,Pitcher,RP,3.41,,,,,,,6.1,27.4,,,,,,,,31.4,24.8,,3.74,153.9,3.68,3.65,78.7,99.9,124.5,98.6,112.8,35.2,35.9,1.04
10257,Demo Pitcher 257,2016,23,Pitcher,RP,3.77,,,,,,,3.4,31.0,,,,,,,,27.3,27.7,,3.6,144.0,3.69,3.95,70.0,97.4,107.0,109.4,101.5,41.8,42.8,0.97
10257,Demo Pitcher 257,2017,24,Pitcher,RP,3.57,,,,,,,7.9,29.8,,,,,,,,31.0,36.8,,2.87,146.5,3.1,3.35,68.9,95.1,111.9,102.4,108.6,37.4,46.3,0.38
10257,Demo Pitcher 257,2018,25,Pitcher,RP,4.09,,,,,,,6.3,28.7,,,,,,,,30.2,31.0,,2.91,172.9,2.88,2.84,56.4,96.5,119.7,117.6,98.5,36.9,45.5,1.2
10258,Demo Pitcher 258,2017,22,Pitcher,SP,3.26,,,,,,,8.8,26.3,,,,,,,,30.5,36.4,,3.41,128.4,2.85,2.76,206.1,95.3,118.6,98.2,116.9,44.1,35.2,0.96
10258,Demo Pitcher 258,2018,23,Pitcher,SP,1.73,,,,,,,5.0,22.1,,,,,,,,33.8,28.0,,3.8,130.4,3.5,3.81,212.2,94.1,122.8,98.3,99.3,34.1,42.8,1.43
10258,Demo Pitcher 258,2019,24,Pitcher,SP,1.65,,,,,,,4.7,23.2,,,,,,,,31.8,30.9,,3.6,114.0,4.15,4.21,170.0,95.2,112.9,89.0,97.0,43.9,40.2,1.0
10258,Demo Pitcher 258,2020,25,Pitcher,SP,1.91,,,,,,,8.9,22.9,,,,,,,,30.4,28.8,,2.9,143.4,3.33,3.61,165.4,94.0,103.6,117.4,98.2,37.4,43.9,1.23
10259,Demo Pitcher 259,2014,21,Pitcher,RP,3.98,,,,,,,7.0,30.9,,,,,,,,29.0,32.2,,3.47,149.7,3.05,2.92,84.8,96.4,121.7,88.1,117.9,36.9,37.2,1.18
10259,Demo Pitcher 259,2015,22,Pitcher,RP,4.37,,,,,,,4.5,32.1,,,,,,,,35.9,32.7,,3.68,163.9,3.68,3.55,86.3,97.5,125.0,108.9,110.1,32.9,38.5,1.0
10259,Demo Pitcher 259,2016,23,Pitcher,RP,5.05,,,,,,,4.2,31.2,,,,,,,,34.4,36.9,,2.64,169.3,2.39,2.44,80.4,98.1,128.0,105.6,130.3,37.4,42.1,0.69
10259,Demo Pitcher 259,2017,24,Pitcher,RP,3.98,,,,,,,2.4,28.6,,,,,,,,33.6,27.4,,2.61,162.8,2.76,2.8,74.2,96.5,127.4,101.2,111.7,42.8,41.6,0.9
10260,Demo Pitcher 260,2016,27,Pitcher,SP,5.37,,,,,,,3.2,33.6,,,,,,,,37.2,35.7,,2.91,170.5,2.86,3.13,209.3,92.1,126.1,107.3,129.2,39.1,38.0,0.91
10260,Demo Pitcher 260,2017,28,Pitcher,SP,5.51,,,,,,,4.8,28.6,,,,,,,,36.0,41.3,,2.95,193.6,2.71,2.58,222.5,97.9,129.8,119.4,126.8,35.9,44.4,0.79
10260,Demo Pitcher 260,2018,29,Pitcher,SP,4.76,,,,,,,4.9,28.7,,,,,,,,35.5,32.1,,3.05,162.3,3.48,3.41,205.0,94.6,112.6,111.4,122.6,37.9,39.6,0.92
10260,Demo Pitcher 260,2019,30,Pitcher,SP,3.3,,,,,,,5.9,24.4,,,,,,,,32.6,24.9,,3.23,133.6,3.23,3.42,195.2,93.9,100.3,96.9,111.2,30.1,41.4,1.15
10260,Demo Pitcher 260,2020,31,Pitcher,SP,5.51,,,,,,,3.3,38.3,,,,,,,,36.1,32.5,,2.44,174.1,2.34,2.07,214.8,96.0,142.8,114.9,127.8,28.1,47.1,0.35
10260,Demo Pitcher 260,2021,32,Pitcher,SP,3.48,,,,,,,3.7,29.8,,,,,,,,29.6,27.2,,3.29,152.1,3.18,3.35,183.3,94.4,116.4,108.0,110.6,43.1,44.0,1.01
10261,Demo Pitcher 261,2021,20,Pitcher,RP,3.84,,,,,,,7.1,25.0,,,,,,,,29.7,33.4,,3.19,139.6,3.06,3.05,88.3,96.5,106.5,109.7,108.0,38.6,40.0,0.96
10261,Demo Pitcher 261,2022,21,Pitcher,RP,4.15,,,,,,,3.1,25.2,,,,,,,,35.1,25.8,,2.9,142.2,3.02,2.78,71.2,97.6,121.4,108.2,114.4,35.5,48.5,1.15
10261,Demo Pitcher 261,2023,22,Pitcher,RP,5.07,,,,,,,7.2,32.7,,,,,,,,31.4,29.8,,2.79,138.5,2.69,2.81,86.0,98.2,126.8,101.0,133.4,36.5,51.6,0.69
10261,Demo Pitcher 261,2024,23,Pitcher,RP,4.05,,,,,,,6.9,28.6,,,,,,,,37.0,32.9,,2.56,150.3,2.57,2.52,60.1,98.8,119.4,114.2,99.2,33.4,49.7,0.84
10261,Demo Pitcher 261,2025,24,Pitcher,RP,6.78,,,,,,,3.6,35.7,,,,,,,,33.2,36.9,,1.98,176.6,2.01,1.93,75.9,96.9,133.5,111.7,134.6,37.4,40.8,0.64
10262,Demo Pitcher 262,2021,20,Pitcher,SP,1.14,,,,,,,7.2,21.4,,,,,,,,32.9,24.4,,4.46,126.0,4.2,4.04,183.8,93.6,118.8,95.7,95.1,41.0,38.9,0.74
10262,Demo Pitcher 262,2022,21,Pitcher,SP,2.45,,,,,,,9.8,22.5,,,,,,,,31.4,26.1,,2.99,131.8,2.98,2.91,167.6,94.8,108.7,99.5,107.3,38.6,36.4,1.07
10262,Demo Pitcher 262,2023,22,Pitcher,SP,2.14,,,,,,,7.7,30.9,,,,,,,,34.2,30.4,,4.29,130.9,3.76,3.88,222.8,94.8,110.2,111.1,119.9,45.7,41.2,1.21
10262,Demo Pitcher 262,2024,23,Pitcher,SP,3.73,,,,,,,5.1,27.4,,,,,,,,35.8,28.9,,2.12,138.6,2.32,2.22,197.2,94.0,113.5,101.5,114.6,36.0,42.3,0.99
10262,Demo Pitcher 262,2025,24,Pitcher,SP,4.24,,,,,,,5.8,31.5,,,,,,,,33.0,34.7,,2.64,161.6,2.36,2.65,221.5,95.7,129.3,110.1,117.1,41.0,52.0,1.21
10262,Demo Pitcher 262,2026,25,Pitcher,SP,2.33,,,,,,,6.9,19.6,,,,,,,,31.3,29.9,,3.25,139.9,3.49,3.4,180.7,93.2,110.0,99.1,109.1,38.8,36.8,1.36
10263,Demo Pitcher 263,2013,27,Pitcher,RP,3.89,,,,,,,5.2,31.4,,,,,,,,41.0,34.8,,3.16,141.7,3.29,3.11,62.6,97.4,106.0,110.7,113.8,40.0,46.9,1.39
10263,Demo Pitcher 263,2014,28,Pitcher,RP,4.21,,,,,,,5.3,25.4,,,,,,,,25.6,29.8,,3.26,131.6,3.38,3.35,66.9,98.4,129.7,111.9,108.3,38.3,47.3,0.69
10263,Demo Pitcher 263,2015,29,Pitcher,RP,3.34,,,,,,,4.4,24.9,,,,,,,,32.8,24.8,,3.33,133.5,2.85,2.83,79.2,97.5,115.6,105.8,110.4,39.2,43.0,1.07
10263,Demo Pitcher 263,2016,30,Pitcher,RP,3.93,,,,,,,8.2,24.7,,,,,,,,32.1,29.1,,3.73,137.1,3.03,2.55,63.0,96.8,130.9,118.6,119.0,33.9,39.0,1.02
10263,Demo Pitcher 263,2017,31,Pitcher,RP,2.56,,,,,,,9.2,28.8,,,,,,,,34.9,26.4,,3.69,113.2,3.79,4.11,71.0,96.2,118.8,96.6,106.1,34.1,43.9,1.0
10263,Demo Pitcher 263,2018,32,Pitcher,RP,3.18,,,,,,,8.0,32.2,,,,,,,,29.6,28.2,,2.66,146.7,3.19,3.1,71.5,96.4,104.7,108.5,119.3,30.8,35.3,0.93
10263,Demo Pitcher 263,2019,33,Pitcher,RP,1.09,,,,,,,7.5,17.9,,,,,,,,31.1,24.9,,4.31,106.5,4.21,4.49,52.9,93.1,88.3,92.6,106.2,40.3,43.0,1.29
10263,Demo Pitcher 263,2020,34,Pitcher,RP,3.79,,,,,,,7.1,29.3,,,,,,,,32.4,21.0,,3.2,150.0,3.08,3.0,71.7,94.0,106.3,103.6,108.5,37.0,37.9,0.83
10264,Demo Pitcher 264,2014,24,Pitcher,RP,3.71,,,,,,,4.7,28.7,,,,,,,,32.2,31.1,,3.55,142.2,3.33,3.14,71.8,98.6,118.8,109.9,101.2,39.1,40.2,0.92
10264,Demo Pitcher 264,2015,25,Pitcher,RP,3.93,,,,,,,3.1,25.7,,,,,,,,35.6,32.7,,3.59,141.2,3.79,3.46,76.3,97.5,122.1,107.4,120.6,37.4,54.9,0.61
10264,Demo Pitcher 264,2016,26,Pitcher,RP,3.95,,,,,,,3.3,25.0,,,,,,,,33.4,23.7,,2.92,135.3,3.36,3.62,60.5,96.7,111.4,115.4,112.9,34.7,44.9,1.13
10264,Demo Pitcher 264,2017,27,Pitcher,RP,4.0,,,,,,,2.0,26.5,,,,,,,,30.0,32.3,,2.14,152.8,2.67,2.53,71.9,96.6,108.7,113.9,109.7,38.9,42.5,0.76
10264,Demo Pitcher 264,2018,28,Pitcher,RP,3.43,,,,,,,5.6,25.0,,,,,,,,36.9,33.2,,2.66,132.3,3.05,3.13,63.9,96.6,129.5,109.1,117.3,36.4,37.5,0.92
10264,Demo Pitcher 264,2019,29,Pitcher,RP,4.21,,,,,,,4.3,29.5,,,,,,,,36.6,31.6,,2.16,178.2,2.82,3.0,70.7,98.7,121.8,117.4,107.3,38.1,42.2,0.68
10264,Demo Pitcher 264,2020,30,Pitcher,RP,4.2,,,,,,,2.5,29.0,,,,,,,,30.3,30.1,,3.31,151.0,2.75,2.83,81.9,95.4,123.9,102.5,124.9,36.0,39.4,0.68
10265,Demo Pitcher 265,2018,23,Pitcher,RP,6.38,,,,,,,2.1,34.9,,,,,,,,35.8,36.4,,2.87,185.3,2.76,2.96,90.3,99.0,129.4,118.8,124.1,35.7,41.4,1.02
10265,Demo Pitcher 265,2019,24,Pitcher,RP,6.55,,,,,,,6.8,29.1,,,,,,,,37.6,33.1,,2.92,184.2,2.93,2.83,73.7,95.7,117.9,103.7,137.7,30.3,45.2,1.02
10265,Demo Pitcher 265,2020,25,Pitcher,RP,6.78,,,,,,,2.0,37.1,,,,,,,,37.9,34.1,,2.84,191.0,2.3,2.41,75.0,98.4,109.5,107.0,125.5,35.1,39.9,0.55
10265,Demo Pitcher 265,2021,26,Pitcher,RP,5.66,,,,,,,4.9,33.4,,,,,,,,34.4,33.3,,1.61,181.4,1.98,2.01,70.9,98.4,117.4,120.6,134.7,33.5,44.1,0.97
10265,Demo Pitcher 265,2022,27,Pitcher,RP,5.86,,,,,,,6.3,27.7,,,,,,,,35.8,32.2,,1.57,185.2,1.98,1.8,77.6,98.0,129.3,101.2,128.6,31.0,35.5,0.65
10265,Demo Pitcher 265,2023,28,Pitcher,RP,5.72,,,,,,,4.8,39.0,,,,,,,,36.4,33.9,,3.26,142.6,2.75,2.58,80.8,97.2,123.7,109.9,121.4,41.0,42.3,0.87
10265,Demo Pitcher 265,2024,29,Pitcher,RP,6.39,,,,,,,2.0,31.2,,,,,,,,33.0,30.0,,3.42,196.4,2.96,2.62,66.5,97.9,125.9,113.6,126.7,32.5,28.2,0.7
10265,Demo Pitcher 265,2025,30,Pitcher,RP,5.64,,,,,,,5.9,32.0,,,,,,,,38.7,34.6,,1.99,157.0,1.91,2.2,62.2,98.3,112.8,105.7,117.4,34.0,48.9,0.65
10265,Demo Pitcher 265,2026,31,Pitcher,RP,5.07,,,,,,,7.2,28.4,,,,,,,,36.1,32.1,,2.68,159.3,2.63,2.3,56.7,98.9,122.9,113.3,118.7,31.5,39.3,1.19
10266,Demo Pitcher 266,2011,25,Pitcher,RP,6.49,,,,,,,3.8,28.9,,,,,,,,34.9,39.4,,1.82,163.4,1.8,1.8,88.5,96.3,129.9,111.8,127.9,33.1,48.5,0.79
10266,Demo Pitcher 266,2012,26,Pitcher,RP,6.98,,,,,,,4.8,37.1,,,,,,,,34.3,33.6,,1.5,174.0,1.85,1.8,86.2,97.1,138.2,116.9,135.1,29.9,37.6,1.02
10266,Demo Pitcher 266,2013,27,Pitcher,RP,7.0,,,,,,,4.1,37.5,,,,,,,,31.2,38.4,,1.74,184.1,1.99,1.88,94.3,98.4,139.7,130.0,127.6,30.2,41.3,0.77
10266,Demo Pitcher 266,2014,28,Pitcher,RP,6.19,,,,,,,6.1,37.8,,,,,,,,29.2,37.1,,1.72,185.4,2.04,1.8,77.6,98.6,132.6,120.9,133.7,35.2,42.6,0.86
10266,Demo Pitcher 266,2015,29,Pitcher,RP,7.02,,,,,,,4.3,37.3,,,,,,,,36.1,32.2,,1.81,192.4,1.96,2.11,74.2,99.0,138.7,114.5,138.2,29.5,44.9,0.47
10266,Demo Pitcher 266,2016,30,Pitcher,RP,6.18,,,,,,,5.7,32.8,,,,,,,,32.9,35.9,,1.98,178.3,2.28,1.91,91.6,97.5,114.1,107.9,132.6,34.3,53.1,0.79
10266,Demo Pitcher 266,2017,31,Pitcher,RP,5.89,,,,,,,4.7,33.6,,,,,,,,40.3,34.5,,1.5,180.1,2.1,2.27,95.6,97.5,123.8,103.9,123.8,33.9,31.5,0.76
10266,Demo Pitcher 266,2018,32,Pitcher,RP,6.07,,,,,,,3.1,37.2,,,,,,,,36.0,42.0,,2.38,161.2,2.48,2.31,101.5,96.6,139.8,110.1,134.5,32.5,39.5,0.35
10266,Demo Pitcher 266,2019,33,Pitcher,RP,6.34,,,,,,,2.9,32.0,,,,,,,,34.3,39.4,,3.12,177.8,2.67,2.77,76.3,98.9,125.0,118.6,123.8,39.7,44.2,0.87
10266,Demo Pitcher 266,2020,34,Pitcher,RP,7.22,,,,,,,2.7,32.7,,,,,,,,33.5,37.6,,2.88,181.1,2.06,2.3,82.2,97.8,131.8,123.0,124.2,30.9,47.6,0.45
10266,Demo Pitcher 266,2021,35,Pitcher,RP,5.8,,,,,,,6.1,35.8,,,,,,,,28.6,34.4,,2.41,151.1,2.31,2.72,67.2,96.9,125.8,111.6,124.9,32.2,38.1,0.84
10267,Demo Pitcher 267,2011,25,Pitcher,RP,3.2,,,,,,,6.3,28.3,,,,,,,,35.6,26.1,,3.7,128.4,3.81,3.69,85.3,97.1,99.9,104.0,103.4,37.1,43.6,1.17
10267,Demo Pitcher 267,2012,26,Pitcher,RP,3.37,,,,,,,5.6,26.0,,,,,,,,32.2,28.7,,3.81,136.7,3.81,3.63,63.9,95.6,110.8,100.6,118.1,37.0,53.3,0.91
10267,Demo Pitcher 267,2013,27,Pitcher,RP,3.58,,,,,,,7.7,24.7,,,,,,,,36.5,29.2,,3.73,145.5,4.24,4.02,70.4,96.1,123.2,97.6,116.2,38.8,54.1,0.96
10267,Demo Pitcher 267,2014,28,Pitcher,RP,3.21,,,,,,,6.4,26.3,,,,,,,,30.8,29.5,,3.21,151.2,3.31,3.36,75.6,96.1,121.8,97.3,107.2,30.9,40.7,0.82
10267,Demo Pitcher 267,2015,29,Pitcher,RP,3.03,,,,,,,7.5,26.6,,,,,,,,33.4,31.2,,4.04,126.8,3.99,3.78,59.4,95.0,110.8,116.3,92.2,43.1,44.0,0.91
10267,Demo Pitcher 267,2016,30,Pitcher,RP,3.45,,,,,,,4.8,29.2,,,,,,,,32.0,27.7,,3.48,145.5,3.25,3.2,73.7,96.5,110.5,110.7,117.0,36.9,49.8,0.86
10267,Demo Pitcher 267,2017,31,Pitcher,RP,3.34,,,,,,,10.0,28.2,,,,,,,,29.9,29.0,,3.19,140.2,3.18,3.25,57.7,97.8,110.5,106.5,129.7,35.7,46.9,0.77
10267,Demo Pitcher 267,2018,32,Pitcher,RP,3.82,,,,,,,8.0,30.6,,,,,,,,32.0,24.7,,2.72,155.4,2.82,2.76,63.5,98.3,109.1,96.1,111.3,37.1,39.9,1.0
10267,Demo Pitcher 267,2019,33,Pitcher,RP,2.54,,,,,,,5.2,27.3,,,,,,,,32.7,34.7,,3.49,131.2,3.57,3.38,64.0,94.4,126.6,90.8,98.2,39.9,50.3,1.24
10267,Demo Pitcher 267,2020,34,Pitcher,RP,2.52,,,,,,,8.6,21.4,,,,,,,,25.2,30.0,,3.48,127.2,3.59,3.87,58.1,94.9,108.2,97.5,103.3,43.8,41.0,1.2
10267,Demo Pitcher 267,2021,35,Pitcher,RP,1.66,,,,,,,7.9,22.8,,,,,,,,30.0,23.1,,3.8,116.1,3.78,3.41,61.1,95.6,102.1,99.4,86.5,44.1,51.4,0.94
10268,Demo Pitcher 268,2012,23,Pitcher,SP,1.61,,,,,,,7.0,21.5,,,,,,,,34.2,26.9,,3.74,124.5,4.2,4.21,172.0,93.0,106.8,92.3,124.0,42.5,39.3,1.12
10268,Demo Pitcher 268,2013,24,Pitcher,SP,2.68,,,,,,,7.9,26.6,,,,,,,,33.8,28.5,,3.73,150.8,3.37,3.22,176.2,96.3,112.7,97.2,105.7,38.2,42.6,1.08
10268,Demo Pitcher 268,2014,25,Pitcher,SP,0.93,,,,,,,6.9,21.5,,,,,,,,34.2,30.7,,2.92,121.3,3.91,3.85,126.5,93.8,104.3,106.0,97.7,40.1,37.1,1.28
10268,Demo Pitcher 268,2015,26,Pitcher,SP,0.42,,,,,,,7.8,21.6,,,,,,,,32.0,26.7,,3.86,100.8,4.26,4.31,164.6,91.5,94.7,94.5,95.9,43.7,43.7,1.21
10268,Demo Pitcher 268,2016,27,Pitcher,SP,2.23,,,,,,,9.2,25.1,,,,,,,,34.3,26.4,,3.93,129.4,3.74,3.97,165.6,93.6,114.9,88.9,106.3,42.0,50.7,1.02
10268,Demo Pitcher 268,2017,28,Pitcher,SP,0.94,,,,,,,7.6,21.2,,,,,,,,29.6,23.7,,3.52,99.2,4.24,4.24,180.3,94.1,103.4,107.9,106.5,38.5,54.7,0.96
10268,Demo Pitcher 268,2018,29,Pitcher,SP,1.0,,,,,,,9.8,23.2,,,,,,,,32.0,25.1,,3.8,108.7,3.6,3.78,171.1,92.8,111.6,92.4,109.5,37.1,42.4,1.38
10268,Demo Pitcher 268,2019,30,Pitcher,SP,1.9,,,,,,,8.3,22.3,,,,,,,,33.4,24.7,,3.57,120.0,4.13,4.01,171.7,95.9,111.7,113.5,91.1,41.7,43.8,1.37
10268,Demo Pitcher 268,2020,31,Pitcher,SP,1.1,,,,,,,9.1,19.1,,,,,,,,27.3,29.2,,3.41,105.0,3.73,3.96,147.5,92.9,89.7,101.7,98.6,46.2,41.9,0.95
10268,Demo Pitcher 268,2021,32,Pitcher,SP,0.31,,,,,,,8.0,22.5,,,,,,,,30.0,21.2,,3.95,120.5,4.28,4.68,156.5,94.5,101.5,97.5,104.0,41.8,25.8,0.97
10268,Demo Pitcher 268,2022,33,Pitcher,SP,1.14,,,,,,,6.2,22.8,,,,,,,,31.4,28.0,,3.85,110.3,3.8,3.49,195.0,92.4,80.0,111.6,100.6,34.5,44.8,1.05
10268,Demo Pitcher 268,2023,34,Pitcher,SP,0.03,,,,,,,8.7,16.9,,,,,,,,25.6,20.2,,3.96,92.6,4.19,4.13,180.4,91.8,92.3,93.1,99.7,44.7,42.6,1.4
10269,Demo Pitcher 269,2017,26,Pitcher,RP,4.26,,,,,,,6.1,31.2,,,,,,,,32.2,30.7,,3.72,160.9,3.26,3.11,70.9,96.4,126.5,112.8,112.9,36.4,31.1,0.58
10269,Demo Pitcher 269,2018,27,Pitcher,RP,4.35,,,,,,,7.3,34.3,,,,,,,,34.3,30.2,,2.48,158.2,2.81,3.08,77.8,98.7,120.2,114.5,120.8,33.9,40.4,1.06
10269,Demo Pitcher 269,2019,28,Pitcher,RP,5.16,,,,,,,3.6,31.2,,,,,,,,34.2,33.9,,2.45,161.0,2.59,2.67,56.1,98.0,137.3,110.1,116.0,37.0,39.2,0.83
10269,Demo Pitcher 269,2020,29,Pitcher,RP,4.99,,,,,,,2.7,27.7,,,,,,,,38.5,34.6,,2.95,166.2,2.51,2.75,71.8,98.8,130.7,125.0,116.2,37.2,49.3,0.78
10269,Demo Pitcher 269,2021,30,Pitcher,RP,3.43,,,,,,,4.9,28.4,,,,,,,,27.7,28.9,,3.27,140.5,3.1,2.92,59.3,98.0,121.3,114.3,98.2,37.3,51.1,1.26
10270,Demo Pitcher 270,2018,20,Pitcher,SP,6.73,,,,,,,3.1,37.9,,,,,,,,42.0,42.0,,2.29,182.8,2.31,2.34,179.5,96.6,127.6,108.7,124.4,36.2,40.6,0.79
10270,Demo Pitcher 270,2019,21,Pitcher,SP,5.93,,,,,,,2.0,35.7,,,,,,,,32.5,30.1,,2.59,182.4,2.48,2.45,196.7,97.2,135.6,115.1,116.7,33.1,45.3,1.01
10270,Demo Pitcher 270,2020,22,Pitcher,SP,5.6,,,,,,,2.8,28.4,,,,,,,,34.1,37.5,,2.21,159.8,2.2,2.21,244.1,96.9,125.5,113.3,137.9,35.1,39.9,0.86
10270,Demo Pitcher 270,2021,23,Pitcher,SP,5.16,,,,,,,2.0,33.6,,,,,,,,34.8,33.0,,3.06,168.9,2.66,2.5,240.8,95.8,142.2,116.9,121.7,32.3,43.2,1.32
10270,Demo Pitcher 270,2022,24,Pitcher,SP,6.14,,,,,,,6.1,35.9,,,,,,,,35.4,35.8,,2.95,170.8,2.29,2.6,203.4,95.5,113.3,110.0,113.6,31.5,43.9,0.88
10270,Demo Pitcher 270,2023,25,Pitcher,SP,4.58,,,,,,,3.8,28.9,,,,,,,,34.6,33.9,,2.95,150.3,2.54,2.32,195.8,96.4,130.1,106.0,112.4,36.7,51.2,1.11
10270,Demo Pitcher 270,2024,26,Pitcher,SP,6.34,,,,,,,4.0,34.1,,,,,,,,38.1,37.3,,2.28,176.4,2.54,2.44,234.0,95.9,143.3,121.6,119.7,35.1,45.0,0.46
10271,Demo Pitcher 271,2013,27,Pitcher,SP,-0.06,,,,,,,9.5,24.0,,,,,,,,26.8,24.6,,4.24,106.9,4.26,4.03,149.5,94.0,108.4,92.0,87.4,38.3,45.6,1.12
10271,Demo Pitcher 271,2014,28,Pitcher,SP,1.17,,,,,,,7.6,20.8,,,,,,,,30.0,26.9,,3.6,126.6,3.47,3.84,186.7,95.1,105.5,109.2,103.4,36.6,39.9,1.09
10271,Demo Pitcher 271,2015,29,Pitcher,SP,2.3,,,,,,,4.9,26.4,,,,,,,,29.8,30.8,,3.55,120.5,3.22,3.29,172.9,93.2,101.0,108.6,108.4,37.7,46.1,0.57
10271,Demo Pitcher 271,2016,30,Pitcher,SP,0.85,,,,,,,7.1,23.1,,,,,,,,27.7,27.7,,3.85,130.7,3.64,3.42,131.9,94.1,107.5,96.2,93.5,36.9,36.4,1.2
10271,Demo Pitcher 271,2017,31,Pitcher,SP,-0.09,,,,,,,8.5,18.5,,,,,,,,24.3,27.5,,4.64,98.1,4.73,4.78,163.0,93.3,104.8,87.4,94.5,40.0,37.1,1.62
10271,Demo Pitcher 271,2018,32,Pitcher,SP,0.96,,,,,,,5.6,20.4,,,,,,,,28.2,24.4,,4.21,97.4,4.46,4.51,152.2,93.9,103.8,96.1,103.0,37.7,50.0,1.32
10271,Demo Pitcher 271,2019,33,Pitcher,SP,-0.02,,,,,,,10.2,17.8,,,,,,,,26.0,23.9,,3.91,76.2,4.6,4.77,123.8,90.4,97.7,113.0,97.5,45.1,45.4,1.08
10272,Demo Pitcher 272,2015,26,Pitcher,SP,1.91,,,,,,,9.3,24.7,,,,,,,,25.4,22.3,,3.35,124.0,3.64,3.67,202.0,95.2,96.7,102.0,112.8,38.2,33.1,1.37
10272,Demo Pitcher 272,2016,27,Pitcher,SP,2.59,,,,,,,9.6,27.1,,,,,,,,34.1,32.9,,3.42,136.4,3.22,3.6,159.1,96.9,107.7,112.5,106.0,36.7,41.2,1.13
10272,Demo Pitcher 272,2017,28,Pitcher,SP,2.82,,,,,,,7.1,24.8,,,,,,,,33.7,29.0,,3.25,152.0,3.0,3.37,192.6,94.5,113.6,100.4,103.8,39.8,36.0,1.1
10272,Demo Pitcher 272,2018,29,Pitcher,SP,2.11,,,,,,,6.5,26.3,,,,,,,,29.6,27.6,,3.35,113.4,3.95,3.93,190.0,94.8,110.9,103.1,99.4,41.2,38.3,1.21
10272,Demo Pitcher 272,2019,30,Pitcher,SP,2.47,,,,,,,6.8,25.2,,,,,,,,27.2,29.8,,4.06,128.9,3.92,3.9,179.0,95.8,125.8,93.5,103.5,39.4,46.1,0.69
10272,Demo Pitcher 272,2020,31,Pitcher,SP,2.13,,,,,,,9.5,25.8,,,,,,,,25.7,26.0,,4.08,110.4,3.77,4.02,155.0,94.9,95.5,111.9,108.5,37.8,49.6,1.08
10272,Demo Pitcher 272,2021,32,Pitcher,SP,0.57,,,,,,,7.6,19.2,,,,,,,,31.6,24.7,,4.02,112.8,4.0,3.99,154.1,93.0,92.3,88.5,89.1,41.9,44.8,1.45
10273,Demo Pitcher 273,2014,24,Pitcher,RP,1.82,,,,,,,7.7,21.3,,,,,,,,30.0,32.0,,3.91,129.0,4.46,4.4,60.8,93.6,115.5,98.8,108.8,36.5,45.6,0.49
10273,Demo Pitcher 273,2015,25,Pitcher,RP,1.83,,,,,,,6.2,23.0,,,,,,,,32.2,26.9,,3.38,135.9,3.86,3.59,51.9,96.8,101.9,110.8,114.7,37.9,50.0,1.29
10273,Demo Pitcher 273,2016,26,Pitcher,RP,1.5,,,,,,,8.6,26.8,,,,,,,,36.7,26.8,,3.69,95.5,3.67,3.58,74.8,97.1,97.1,98.6,110.1,43.0,44.1,1.4
10273,Demo Pitcher 273,2017,27,Pitcher,RP,3.6,,,,,,,6.7,27.5,,,,,,,,35.7,30.1,,1.71,154.6,2.14,2.15,75.0,96.0,129.5,101.8,113.9,36.0,41.9,0.56
10274,Demo Pitcher 274,2013,26,Pitcher,RP,1.96,,,,,,,7.2,21.4,,,,,,,,33.0,22.7,,3.74,117.8,4.07,3.81,57.8,97.5,108.6,97.9,97.8,35.6,45.6,1.26
10274,Demo Pitcher 274,2014,27,Pitcher,RP,1.01,,,,,,,9.1,22.0,,,,,,,,24.8,22.3,,4.8,121.5,4.42,4.22,52.2,97.2,97.8,106.3,95.5,37.8,39.0,1.15
10274,Demo Pitcher 274,2015,28,Pitcher,RP,1.84,,,,,,,8.2,27.4,,,,,,,,28.6,22.9,,3.73,110.1,3.41,3.66,61.4,96.0,102.5,103.1,92.6,37.2,36.7,1.33
10274,Demo Pitcher 274,2016,29,Pitcher,RP,1.99,,,,,,,6.1,30.0,,,,,,,,26.8,28.0,,3.99,111.2,3.78,3.42,55.3,96.3,105.4,110.9,108.4,42.4,39.0,1.25
10274,Demo Pitcher 274,2017,30,Pitcher,RP,0.54,,,,,,,6.7,22.6,,,,,,,,30.7,24.5,,3.84,129.5,4.05,4.31,49.0,96.6,108.0,97.8,99.1,42.7,44.9,1.44
10274,Demo Pitcher 274,2018,31,Pitcher,RP,1.64,,,,,,,7.3,25.6,,,,,,,,23.8,25.1,,3.74,104.8,3.97,3.97,51.2,95.9,101.9,91.3,100.4,37.4,44.1,1.08
10274,Demo Pitcher 274,2019,32,Pitcher,RP,1.68,,,,,,,9.8,24.8,,,,,,,,33.0,24.5,,3.58,122.3,3.81,3.9,70.8,97.6,104.6,100.4,97.6,44.2,44.5,1.09
10274,Demo Pitcher 274,2020,33,Pitcher,RP,2.17,,,,,,,5.1,25.9,,,,,,,,32.1,27.9,,3.44,142.6,3.74,3.99,56.4,97.8,112.3,113.1,110.8,40.2,42.1,1.27
10275,Demo Pitcher 275,2009,21,Pitcher,RP,3.73,,,,,,,6.5,29.2,,,,,,,,31.4,34.9,,3.06,152.7,3.04,3.26,68.3,96.9,121.8,106.3,112.9,41.7,39.2,1.08
10275,Demo Pitcher 275,2010,22,Pitcher,RP,3.95,,,,,,,5.3,27.1,,,,,,,,31.7,34.9,,2.84,165.0,3.14,3.22,67.2,97.7,106.7,108.3,114.7,40.0,29.7,0.75
10275,Demo Pitcher 275,2011,23,Pitcher,RP,3.18,,,,,,,5.6,20.9,,,,,,,,34.2,26.6,,2.92,140.8,3.05,3.01,84.0,96.0,125.6,103.7,117.6,36.1,47.4,1.17
10275,Demo Pitcher 275,2012,24,Pitcher,RP,3.38,,,,,,,4.6,26.6,,,,,,,,33.0,28.1,,3.58,151.6,3.71,3.6,59.3,96.3,115.9,108.5,103.0,37.9,37.6,1.12
10275,Demo Pitcher 275,2013,25,Pitcher,RP,4.44,,,,,,,7.2,25.2,,,,,,,,37.5,33.8,,2.86,140.3,3.09,3.04,75.9,97.8,110.3,121.9,114.9,42.2,46.4,1.06
10275,Demo Pitcher 275,2014,26,Pitcher,RP,3.92,,,,,,,5.1,30.1,,,,,,,,32.5,35.0,,2.69,150.0,3.0,2.97,81.2,94.2,117.0,110.3,121.4,38.6,57.9,1.05
10275,Demo Pitcher 275,2015,27,Pitcher,RP,3.74,,,,,,,6.1,21.3,,,,,,,,32.0,32.5,,3.21,161.8,3.22,3.21,88.8,94.7,124.5,115.5,104.5,41.1,39.6,0.94
10275,Demo Pitcher 275,2016,28,Pitcher,RP,3.5,,,,,,,5.0,29.8,,,,,,,,26.8,32.1,,2.88,146.1,3.3,3.31,72.5,97.0,118.9,109.0,124.7,45.2,38.9,1.2
10275,Demo Pitcher 275,2017,29,Pitcher,RP,3.9,,,,,,,7.2,32.1,,,,,,,,32.8,31.7,,3.56,167.5,3.11,3.39,82.2,96.8,111.2,105.7,113.6,34.0,39.8,0.95
10275,Demo Pitcher 275,2018,30,Pitcher,RP,3.16,,,,,,,10.2,31.4,,,,,,,,32.0,29.8,,4.46,129.5,4.3,4.52,80.8,95.7,126.6,102.7,113.5,42.0,41.7,0.92
10276,Demo Pitcher 276,2019,24,Pitcher,RP,5.21,,,,,,,4.1,31.9,,,,,,,,37.7,36.7,,2.81,167.3,2.82,2.49,65.9,96.7,133.6,119.2,124.7,35.3,59.3,1.04
10276,Demo Pitcher 276,2020,25,Pitcher,RP,5.43,,,,,,,5.7,37.7,,,,,,,,32.9,30.0,,2.18,169.0,2.34,2.44,92.6,97.3,135.2,104.2,127.0,34.3,44.5,0.5
10276,Demo Pitcher 276,2021,26,Pitcher,RP,4.79,,,,,,,4.4,29.2,,,,,,,,31.9,32.7,,3.17,150.0,2.71,2.79,73.7,96.3,129.5,114.3,117.3,34.1,45.7,0.79
10276,Demo Pitcher 276,2022,27,Pitcher,RP,5.25,,,,,,,2.4,30.2,,,,,,,,35.9,36.0,,2.83,162.9,2.46,2.54,56.9,97.4,130.9,99.2,134.5,36.9,49.8,0.74
10276,Demo Pitcher 276,2023,28,Pitcher,RP,4.26,,,,,,,6.0,34.5,,,,,,,,33.3,28.3,,2.4,162.2,3.03,3.15,76.1,96.2,133.2,109.2,118.4,33.7,29.7,1.04
10276,Demo Pitcher 276,2024,29,Pitcher,RP,5.69,,,,,,,2.2,34.4,,,,,,,,34.2,31.7,,2.46,167.3,2.19,2.29,76.3,97.5,130.2,128.1,115.8,34.4,40.4,0.62
10276,Demo Pitcher 276,2025,30,Pitcher,RP,5.8,,,,,,,4.5,35.2,,,,,,,,30.8,40.4,,3.14,154.4,2.97,3.09,75.2,98.0,130.9,115.6,132.2,42.1,38.9,0.92
10276,Demo Pitcher 276,2026,31,Pitcher,RP,4.22,,,,,,,5.9,33.9,,,,,,,,31.8,30.4,,2.43,161.2,2.77,2.87,65.0,98.1,128.6,109.3,111.0,36.3,34.6,0.89
10277,Demo Pitcher 277,2015,21,Pitcher,SP,3.76,,,,,,,4.5,33.0,,,,,,,,36.1,30.1,,2.06,142.6,2.43,2.37,227.1,93.2,115.0,96.0,121.1,37.8,44.5,0.89
10277,Demo Pitcher 277,2016,22,Pitcher,SP,4.09,,,,,,,7.6,27.5,,,,,,,,32.4,34.0,,3.18,166.7,3.1,2.96,193.0,95.5,114.5,126.1,117.4,39.1,46.1,0.8
10277,Demo Pitcher 277,2017,23,Pitcher,SP,4.33,,,,,,,5.4,30.8,,,,,,,,38.1,27.9,,2.75,147.5,2.91,2.93,218.4,94.4,106.7,116.8,118.8,36.1,36.8,0.83
10277,Demo Pitcher 277,2018,24,Pitcher,SP,3.36,,,,,,,5.1,28.5,,,,,,,,27.9,28.2,,3.38,135.1,3.15,3.14,176.7,94.2,106.4,115.0,108.1,39.0,49.2,1.04
10277,Demo Pitcher 277,2019,25,Pitcher,SP,4.81,,,,,,,5.1,32.0,,,,,,,,40.0,31.4,,3.53,144.7,3.19,2.98,201.3,94.3,112.4,106.1,102.3,37.8,50.3,0.9
10277,Demo Pitcher 277,2020,26,Pitcher,SP,4.16,,,,,,,5.8,28.3,,,,,,,,34.4,29.6,,4.01,158.2,3.61,3.51,200.8,95.8,129.3,111.9,108.0,37.6,47.0,0.74
10277,Demo Pitcher 277,2021,27,Pitcher,SP,4.9,,,,,,,3.9,28.1,,,,,,,,31.1,32.7,,2.98,143.1,3.06,2.94,185.9,96.8,122.1,117.5,119.2,38.9,46.7,1.12
10277,Demo Pitcher 277,2022,28,Pitcher,SP,3.26,,,,,,,4.7,25.6,,,,,,,,32.2,33.4,,2.82,137.6,2.77,2.64,195.0,94.8,111.0,103.6,120.0,35.6,36.1,1.15
10277,Demo Pitcher 277,2023,29,Pitcher,SP,3.86,,,,,,,4.8,30.7,,,,,,,,28.8,29.4,,3.62,163.1,3.24,3.28,195.6,96.0,111.4,117.0,127.2,36.5,54.9,0.97
10277,Demo Pitcher 277,2024,30,Pitcher,SP,3.42,,,,,,,7.9,35.2,,,,,,,,33.6,29.5,,2.83,143.5,3.06,3.18,153.3,96.7,120.5,99.9,108.7,38.5,37.5,0.8
10277,Demo Pitcher 277,2025,31,Pitcher,SP,3.22,,,,,,,4.2,26.6,,,,,,,,34.8,31.6,,3.59,126.2,3.02,3.02,169.5,95.3,115.5,110.0,104.4,41.5,35.8,0.66
10278,Demo Pitcher 278,2017,24,Pitcher,RP,2.64,,,,,,,10.5,24.6,,,,,,,,32.4,28.2,,3.46,138.6,4.15,4.14,65.5,96.1,100.8,102.4,107.7,36.7,41.9,1.3
10278,Demo Pitcher 278,2018,25,Pitcher,RP,1.49,,,,,,,8.5,21.5,,,,,,,,30.3,27.6,,4.55,118.6,3.82,3.87,77.0,96.0,115.4,107.8,107.9,40.8,41.8,1.33
10278,Demo Pitcher 278,2019,26,Pitcher,RP,1.7,,,,,,,8.6,23.3,,,,,,,,30.6,26.1,,3.9,112.7,4.25,3.8,64.0,96.5,109.8,111.1,104.5,40.5,31.4,1.11
10278,Demo Pitcher 278,2020,27,Pitcher,RP,1.88,,,,,,,6.5,24.9,,,,,,,,35.3,28.2,,3.61,123.5,3.64,3.63,64.5,96.4,119.5,94.0,100.4,37.3,44.4,1.24
10278,Demo Pitcher 278,2021,28,Pitcher,RP,1.48,,,,,,,7.5,22.0,,,,,,,,29.7,21.0,,4.08,122.6,3.79,3.71,52.2,95.6,98.8,91.1,104.5,44.4,39.7,1.01
10278,Demo Pitcher 278,2022,29,Pitcher,RP,1.57,,,,,,,6.4,23.5,,,,,,,,32.6,30.4,,4.31,111.3,4.26,4.24,73.3,97.4,89.7,97.3,116.2,39.0,49.0,0.88
10278,Demo Pitcher 278,2023,30,Pitcher,RP,0.4,,,,,,,7.8,24.4,,,,,,,,27.9,24.5,,4.83,118.6,4.54,4.59,52.2,92.0,86.6,84.5,94.1,44.8,41.3,1.25
10278,Demo Pitcher 278,2024,31,Pitcher,RP,1.45,,,,,,,6.6,25.0,,,,,,,,28.6,31.0,,3.62,106.0,3.68,4.03,65.1,97.0,102.7,109.2,102.9,38.7,47.4,1.19
10279,Demo Pitcher 279,2016,27,Pitcher,RP,2.79,,,,,,,4.3,24.8,,,,,,,,26.3,31.6,,3.37,141.3,2.87,2.63,59.2,98.1,110.5,98.3,102.0,40.7,48.3,0.96
10279,Demo Pitcher 279,2017,28,Pitcher,RP,2.25,,,,,,,9.9,21.2,,,,,,,,35.2,26.8,,2.76,123.8,3.4,3.6,60.9,97.2,118.7,96.3,106.9,39.6,48.1,1.04
10279,Demo Pitcher 279,2018,29,Pitcher,RP,2.4,,,,,,,7.6,24.0,,,,,,,,25.7,26.8,,4.24,121.3,4.28,4.15,77.7,95.9,100.6,88.8,116.9,39.2,32.9,0.96
10279,Demo Pitcher 279,2019,30,Pitcher,RP,1.02,,,,,,,9.5,19.9,,,,,,,,31.4,22.7,,4.21,112.0,4.02,4.03,52.0,92.5,108.9,90.7,100.9,41.6,48.0,1.13
10279,Demo Pitcher 279,2020,31,Pitcher,RP,3.07,,,,,,,6.9,27.6,,,,,,,,35.3,23.6,,2.82,140.5,3.49,3.19,66.0,98.2,122.0,105.3,110.0,37.7,43.1,1.2
10279,Demo Pitcher 279,2021,32,Pitcher,RP,0.89,,,,,,,9.8,20.3,,,,,,,,27.4,27.9,,4.7,100.5,4.32,4.23,53.2,97.5,99.8,109.0,94.0,40.0,39.7,1.2
10279,Demo Pitcher 279,2022,33,Pitcher,RP,2.08,,,,,,,6.4,19.8,,,,,,,,31.3,32.4,,4.26,106.8,4.09,4.07,59.3,97.7,108.0,107.6,112.7,35.8,36.3,1.08
10279,Demo Pitcher 279,2023,34,Pitcher,RP,0.54,,,,,,,8.0,21.5,,,,,,,,28.7,21.5,,4.32,104.5,4.35,4.38,59.4,93.7,97.0,89.6,99.2,39.5,42.7,1.17
10279,Demo Pitcher 279,2024,35,Pitcher,RP,-0.5,,,,,,,8.9,19.2,,,,,,,,25.0,21.7,,4.69,86.1,4.51,4.35,48.4,94.5,98.6,101.9,94.3,39.0,29.9,1.19
10279,Demo Pitcher 279,2025,36,Pitcher,RP,-0.5,,,,,,,8.3,22.6,,,,,,,,23.4,19.5,,5.57,97.0,4.98,4.94,53.5,95.4,101.2,90.9,94.7,40.7,52.5,1.5
10279,Demo Pitcher 279,2026,37,Pitcher,RP,-0.5,,,,,,,11.1,18.7,,,,,,,,21.4,21.3,,5.43,88.7,5.08,5.05,63.6,94.7,74.8,92.6,99.4,40.7,34.4,0.95
10280,Demo Pitcher 280,2013,23,Pitcher,SP,3.87,,,,,,,7.2,26.2,,,,,,,,27.3,30.7,,3.0,151.0,3.26,2.9,185.0,95.8,118.7,98.3,120.1,37.7,33.1,0.9
10280,Demo Pitcher 280,2014,24,Pitcher,SP,4.6,,,,,,,7.9,34.6,,,,,,,,32.7,34.5,,3.12,171.3,2.86,2.48,217.4,94.4,124.7,130.0,128.8,35.2,40.9,0.84
10280,Demo Pitcher 280,2015,25,Pitcher,SP,5.23,,,,,,,5.6,29.8,,,,,,,,34.9,31.7,,2.66,152.4,3.16,2.64,208.2,95.9,129.2,115.1,122.6,34.7,37.9,0.85
10280,Demo Pitcher 280,2016,26,Pitcher,SP,4.99,,,,,,,6.1,30.4,,,,,,,,34.7,34.0,,2.21,160.8,2.27,2.2,205.5,97.1,131.3,104.0,109.4,31.9,37.8,0.83
10281,Demo Pitcher 281,2015,24,Pitcher,RP,3.44,,,,,,,10.3,30.4,,,,,,,,30.9,27.8,,3.13,139.4,3.29,3.39,77.2,96.1,104.5,115.7,117.6,38.3,42.2,0.72
10281,Demo Pitcher 281,2016,25,Pitcher,RP,3.49,,,,,,,9.5,26.3,,,,,,,,32.2,32.8,,3.13,151.2,3.29,3.44,74.3,94.4,114.5,107.8,114.0,38.5,42.6,0.93
10281,Demo Pitcher 281,2017,26,Pitcher,RP,3.79,,,,,,,6.8,30.7,,,,,,,,33.5,27.5,,2.82,143.4,3.21,3.27,64.0,97.7,128.0,98.7,128.6,31.8,51.1,0.95
10281,Demo Pitcher 281,2018,27,Pitcher,RP,3.1,,,,,,,8.4,26.5,,,,,,,,31.4,28.3,,4.23,135.4,3.04,3.25,73.2,96.2,106.4,104.0,115.5,42.2,45.8,0.99
10281,Demo Pitcher 281,2019,28,Pitcher,RP,4.12,,,,,,,3.1,24.6,,,,,,,,30.7,28.1,,2.92,140.6,3.14,3.38,60.4,97.5,125.0,109.4,122.6,42.4,44.0,1.0
10281,Demo Pitcher 281,2020,29,Pitcher,RP,3.5,,,,,,,6.5,27.4,,,,,,,,34.7,31.5,,3.35,132.6,2.94,3.09,73.5,94.7,131.5,102.9,99.0,34.4,40.5,0.81
10281,Demo Pitcher 281,2021,30,Pitcher,RP,3.32,,,,,,,6.3,32.3,,,,,,,,34.1,30.8,,3.54,165.5,3.58,3.78,67.2,95.3,118.6,111.2,103.1,32.7,36.9,0.86
10281,Demo Pitcher 281,2022,31,Pitcher,RP,1.73,,,,,,,10.0,25.0,,,,,,,,36.5,27.1,,3.61,112.4,3.6,3.73,59.9,96.8,107.8,94.9,98.8,42.5,38.6,1.09
10281,Demo Pitcher 281,2023,32,Pitcher,RP,3.06,,,,,,,8.6,25.5,,,,,,,,36.1,32.0,,3.47,152.1,3.09,3.13,78.8,95.8,124.9,96.8,99.5,38.2,35.1,0.89
10282,Demo Pitcher 282,2018,22,Pitcher,SP,3.26,,,,,,,6.2,27.8,,,,,,,,34.1,26.6,,3.42,145.4,3.43,3.34,174.5,95.4,115.8,105.9,98.0,40.1,50.2,0.97
10282,Demo Pitcher 282,2019,23,Pitcher,SP,4.02,,,,,,,6.5,28.6,,,,,,,,36.3,34.5,,3.39,140.5,2.94,3.06,193.8,96.4,119.4,103.5,103.7,37.6,46.3,0.46
10282,Demo Pitcher 282,2020,24,Pitcher,SP,4.57,,,,,,,9.6,34.7,,,,,,,,29.0,30.0,,2.75,165.6,2.82,2.89,182.8,97.4,124.1,117.3,132.1,33.6,44.9,0.91
10282,Demo Pitcher 282,2021,25,Pitcher,SP,4.93,,,,,,,4.4,30.1,,,,,,,,28.5,37.3,,3.01,169.9,2.81,2.91,198.7,95.1,134.9,114.8,125.9,36.1,31.3,1.02
10282,Demo Pitcher 282,2022,26,Pitcher,SP,3.64,,,,,,,10.3,26.6,,,,,,,,40.8,31.0,,2.94,135.8,3.28,3.24,182.6,95.0,117.6,98.2,120.6,37.3,44.0,1.05
10282,Demo Pitcher 282,2023,27,Pitcher,SP,4.16,,,,,,,3.1,30.5,,,,,,,,29.0,34.6,,3.81,139.3,3.15,3.52,211.0,95.2,117.4,99.8,117.7,34.1,50.3,1.17
10282,Demo Pitcher 282,2024,28,Pitcher,SP,3.75,,,,,,,3.2,29.4,,,,,,,,34.7,30.5,,2.94,136.2,3.21,3.25,214.8,94.1,110.5,103.1,129.7,39.4,53.3,0.78
10282,Demo Pitcher 282,2025,29,Pitcher,SP,4.07,,,,,,,7.0,29.0,,,,,,,,31.0,30.7,,3.17,131.9,3.05,2.95,183.5,96.1,120.8,123.0,100.1,31.3,49.2,1.1
10282,Demo Pitcher 282,2026,30,Pitcher,SP,4.16,,,,,,,7.0,27.2,,,,,,,,30.9,28.3,,3.22,141.1,3.54,3.83,181.4,95.0,124.2,109.9,107.8,37.6,43.2,1.11
10283,Demo Pitcher 283,2011,27,Pitcher,SP,4.91,,,,,,,6.2,33.8,,,,,,,,38.4,36.3,,2.54,152.3,2.47,2.36,202.5,95.0,111.3,115.6,124.0,35.9,25.9,0.74
10283,Demo Pitcher 283,2012,28,Pitcher,SP,4.75,,,,,,,8.0,38.8,,,,,,,,34.5,28.9,,2.63,169.0,2.78,2.9,215.7,96.3,131.4,123.3,122.2,35.8,41.1,1.04
10283,Demo Pitcher 283,2013,29,Pitcher,SP,5.26,,,,,,,6.5,35.0,,,,,,,,32.9,30.7,,3.2,177.0,2.84,2.68,219.4,95.4,133.6,102.2,120.0,36.9,42.4,0.69
10283,Demo Pitcher 283,2014,30,Pitcher,SP,4.69,,,,,,,7.0,29.6,,,,,,,,38.8,31.1,,3.09,146.4,2.68,3.02,173.9,98.7,134.8,113.2,114.2,37.5,38.0,0.95
10283,Demo Pitcher 283,2015,31,Pitcher,SP,4.52,,,,,,,3.7,30.9,,,,,,,,35.4,29.7,,2.89,154.2,2.99,3.26,166.0,95.8,115.1,104.8,125.6,34.9,39.8,0.89
10283,Demo Pitcher 283,2016,32,Pitcher,SP,4.95,,,,,,,4.8,37.3,,,,,,,,33.2,34.1,,3.19,146.7,3.3,3.35,225.1,94.2,123.3,118.8,118.6,33.5,35.4,0.78
10283,Demo Pitcher 283,2017,33,Pitcher,SP,3.3,,,,,,,5.9,29.2,,,,,,,,32.3,26.7,,2.93,123.8,3.52,3.61,178.6,95.4,116.3,106.3,116.5,32.0,39.8,0.86
10283,Demo Pitcher 283,2018,34,Pitcher,SP,4.53,,,,,,,2.0,26.3,,,,,,,,32.7,34.3,,2.58,156.3,2.63,2.41,222.0,95.5,117.2,105.0,118.2,30.4,44.8,0.74
10284,Demo Pitcher 284,2012,26,Pitcher,RP,3.57,,,,,,,6.2,29.8,,,,,,,,38.4,25.3,,3.11,137.0,3.37,3.46,65.8,95.5,115.9,119.4,103.6,37.9,36.6,0.72
10284,Demo Pitcher 284,2013,27,Pitcher,RP,2.6,,,,,,,7.9,27.2,,,,,,,,34.4,29.9,,3.4,124.2,3.39,3.57,70.0,95.8,107.6,108.8,108.2,38.0,47.5,1.16
10284,Demo Pitcher 284,2014,28,Pitcher,RP,2.77,,,,,,,6.5,22.0,,,,,,,,30.9,34.6,,3.81,140.9,3.86,4.02,71.2,97.2,115.3,113.1,118.6,41.6,43.3,0.88
10284,Demo Pitcher 284,2015,29,Pitcher,RP,2.59,,,,,,,7.8,23.2,,,,,,,,35.5,26.3,,3.92,144.3,4.07,4.27,67.3,93.6,106.3,105.7,89.2,39.3,51.0,1.22
10284,Demo Pitcher 284,2016,30,Pitcher,RP,0.75,,,,,,,10.2,23.8,,,,,,,,31.9,17.5,,4.91,97.2,4.56,4.48,58.2,94.8,102.0,99.2,102.9,41.7,38.4,1.23
10284,Demo Pitcher 284,2017,31,Pitcher,RP,0.56,,,,,,,11.2,20.9,,,,,,,,25.3,24.0,,4.51,95.5,4.53,4.55,60.6,95.8,100.3,105.4,108.1,44.0,41.1,1.61
10284,Demo Pitcher 284,2018,32,Pitcher,RP,2.84,,,,,,,6.8,30.0,,,,,,,,34.4,26.8,,3.43,135.0,3.4,3.75,61.5,96.2,122.8,112.4,125.0,34.8,49.7,1.23
10284,Demo Pitcher 284,2019,33,Pitcher,RP,3.25,,,,,,,3.9,28.2,,,,,,,,33.4,33.0,,3.48,147.9,3.28,2.99,70.4,96.1,107.7,112.5,97.8,37.4,35.4,1.04
10284,Demo Pitcher 284,2020,34,Pitcher,RP,1.68,,,,,,,7.7,22.9,,,,,,,,29.9,20.8,,4.62,121.8,4.44,4.54,60.2,96.1,113.9,98.9,113.5,37.9,51.7,1.33
10285,Demo Pitcher 285,2013,26,Pitcher,RP,2.02,,,,,,,6.3,21.2,,,,,,,,32.9,24.3,,3.37,116.0,3.16,2.77,73.3,95.6,109.2,99.8,105.5,38.0,43.8,0.99
10285,Demo Pitcher 285,2014,27,Pitcher,RP,1.75,,,,,,,9.8,26.7,,,,,,,,26.4,30.2,,4.69,114.2,4.18,3.93,62.5,96.5,116.1,97.4,89.6,44.5,47.2,1.49
10285,Demo Pitcher 285,2015,28,Pitcher,RP,1.7,,,,,,,6.2,25.7,,,,,,,,30.0,21.2,,4.82,102.0,4.48,4.64,54.3,92.7,107.5,91.5,91.5,36.9,46.5,1.17
10285,Demo Pitcher 285,2016,29,Pitcher,RP,2.05,,,,,,,9.9,27.3,,,,,,,,28.9,26.3,,4.38,149.6,4.14,4.23,60.5,94.4,120.5,97.1,107.9,38.6,56.4,1.03
10285,Demo Pitcher 285,2017,30,Pitcher,RP,0.29,,,,,,,12.0,16.7,,,,,,,,27.7,20.5,,4.26,122.0,4.64,4.86,60.8,96.2,93.4,93.9,96.9,42.6,44.9,0.99
10285,Demo Pitcher 285,2018,31,Pitcher,RP,1.13,,,,,,,7.7,23.7,,,,,,,,23.4,27.0,,3.88,123.9,3.73,3.86,59.1,94.0,94.2,96.8,118.2,37.1,40.8,1.07
10285,Demo Pitcher 285,2019,32,Pitcher,RP,1.17,,,,,,,7.7,20.4,,,,,,,,31.4,20.4,,4.04,116.7,4.09,3.7,54.9,95.5,100.9,103.0,108.6,38.5,51.1,1.13
10285,Demo Pitcher 285,2020,33,Pitcher,RP,0.77,,,,,,,7.7,21.2,,,,,,,,31.0,24.5,,4.84,113.1,4.37,4.43,44.0,95.5,94.1,107.8,118.1,43.6,45.5,1.3
10285,Demo Pitcher 285,2021,34,Pitcher,RP,-0.5,,,,,,,10.3,16.9,,,,,,,,27.0,20.5,,4.16,80.5,4.49,4.66,48.3,96.0,93.5,85.2,83.0,40.4,39.7,1.57
10285,Demo Pitcher 285,2022,35,Pitcher,RP,0.07,,,,,,,9.0,16.6,,,,,,,,25.5,26.5,,5.08,91.3,4.83,4.58,63.1,94.3,89.6,108.1,91.6,41.4,44.8,1.45
10286,Demo Pitcher 286,2017,26,Pitcher,RP,5.43,,,,,,,5.6,28.9,,,,,,,,34.3,34.8,,2.0,160.2,2.48,2.39,82.4,97.6,128.1,114.8,130.9,35.5,36.7,1.22
10286,Demo Pitcher 286,2018,27,Pitcher,RP,5.19,,,,,,,5.3,35.6,,,,,,,,32.8,33.5,,3.15,150.6,2.95,2.77,75.9,96.7,119.7,99.2,124.9,36.2,45.5,0.89
10286,Demo Pitcher 286,2019,28,Pitcher,RP,4.28,,,,,,,6.3,36.1,,,,,,,,36.9,27.7,,2.91,145.7,3.72,3.77,60.9,94.4,127.1,105.4,127.0,38.7,46.0,0.93
10286,Demo Pitcher 286,2020,29,Pitcher,RP,6.66,,,,,,,7.8,40.1,,,,,,,,36.9,36.7,,2.58,180.6,2.2,1.97,65.1,94.8,122.4,116.7,130.6,31.4,43.3,0.91
10286,Demo Pitcher 286,2021,30,Pitcher,RP,5.16,,,,,,,5.4,29.0,,,,,,,,34.4,26.0,,3.03,180.1,2.98,3.25,88.8,97.1,127.0,103.4,107.2,36.2,48.3,0.68
10286,Demo Pitcher 286,2022,31,Pitcher,RP,4.94,,,,,,,3.7,27.7,,,,,,,,35.6,37.2,,2.82,163.5,3.35,3.32,82.3,96.9,128.7,103.0,124.0,35.2,38.3,0.65
10286,Demo Pitcher 286,2023,32,Pitcher,RP,4.23,,,,,,,6.8,28.8,,,,,,,,28.8,29.3,,3.36,133.3,3.01,2.81,68.8,98.9,133.3,110.2,124.8,39.8,46.7,0.89
10286,Demo Pitcher 286,2024,33,Pitcher,RP,4.34,,,,,,,8.8,29.8,,,,,,,,37.8,31.0,,3.0,156.2,3.51,3.77,72.2,95.2,121.8,120.9,109.4,35.2,43.3,1.08
10286,Demo Pitcher 286,2025,34,Pitcher,RP,3.7,,,,,,,3.8,26.2,,,,,,,,30.4,30.9,,3.59,147.7,4.27,4.33,75.5,98.2,117.8,102.0,108.5,34.6,28.2,0.51
10286,Demo Pitcher 286,2026,35,Pitcher,RP,3.35,,,,,,,5.1,28.0,,,,,,,,32.7,31.3,,4.11,128.7,3.75,3.74,55.1,95.6,110.6,106.8,111.6,34.1,46.2,0.74
10287,Demo Pitcher 287,2017,27,Pitcher,SP,1.55,,,,,,,6.6,25.9,,,,,,,,27.8,25.3,,3.45,117.4,3.44,3.39,192.0,94.3,99.5,100.9,102.5,38.9,47.0,1.1
10287,Demo Pitcher 287,2018,28,Pitcher,SP,0.68,,,,,,,11.5,16.4,,,,,,,,26.9,18.5,,4.75,111.2,4.32,4.39,140.3,94.3,102.2,84.9,115.6,39.1,47.1,1.56
10287,Demo Pitcher 287,2019,29,Pitcher,SP,1.06,,,,,,,9.9,18.6,,,,,,,,26.5,21.6,,5.23,109.4,4.44,4.35,163.4,92.1,96.8,98.9,103.1,51.5,42.3,1.34
10287,Demo Pitcher 287,2020,30,Pitcher,SP,0.88,,,,,,,9.5,18.2,,,,,,,,30.1,23.9,,4.05,104.2,4.46,4.38,156.1,95.1,101.1,95.4,105.2,41.5,49.0,1.17
10287,Demo Pitcher 287,2021,31,Pitcher,SP,1.37,,,,,,,2.5,24.0,,,,,,,,33.9,27.9,,3.85,121.6,3.4,3.46,180.3,93.1,102.2,100.3,102.1,38.3,43.6,1.33
10287,Demo Pitcher 287,2022,32,Pitcher,SP,0.5,,,,,,,7.0,16.7,,,,,,,,34.8,18.9,,4.02,101.4,4.39,4.18,155.7,92.3,97.5,93.3,99.0,45.3,38.7,1.37
10287,Demo Pitcher 287,2023,33,Pitcher,SP,1.56,,,,,,,6.0,20.1,,,,,,,,31.1,21.1,,3.35,119.4,3.63,3.34,203.8,91.6,110.9,109.9,96.5,43.9,52.8,1.31
10287,Demo Pitcher 287,2024,34,Pitcher,SP,-0.42,,,,,,,7.3,18.5,,,,,,,,29.8,20.6,,5.17,100.9,4.63,4.8,157.6,91.3,98.8,92.3,99.9,41.2,55.0,1.19
10287,Demo Pitcher 287,2025,35,Pitcher,SP,0.12,,,,,,,7.8,20.9,,,,,,,,27.2,22.5,,5.1,88.1,4.85,4.79,141.3,93.5,92.8,104.6,96.2,41.6,36.4,1.33
10287,Demo Pitcher 287,2026,36,Pitcher,SP,-0.5,,,,,,,10.4,22.6,,,,,,,,30.6,23.8,,5.74,89.5,5.0,4.98,137.6,94.8,88.4,94.7,96.1,45.8,36.7,1.23
10288,Demo Pitcher 288,2015,21,Pitcher,SP,4.25,,,,,,,5.5,30.6,,,,,,,,31.4,31.4,,3.04,159.1,2.94,3.11,192.5,95.6,121.4,118.4,118.0,33.1,39.2,0.8
10288,Demo Pitcher 288,2016,22,Pitcher,SP,4.38,,,,,,,6.5,31.6,,,,,,,,27.5,27.0,,3.54,159.4,3.49,3.36,204.9,95.3,119.8,106.6,113.2,32.8,49.2,0.57
10288,Demo Pitcher 288,2017,23,Pitcher,SP,3.89,,,,,,,5.0,26.1,,,,,,,,29.1,30.7,,3.2,155.4,2.96,2.98,188.9,95.6,114.8,110.2,118.7,32.8,29.7,0.91
10288,Demo Pitcher 288,2018,24,Pitcher,SP,4.11,,,,,,,4.7,33.0,,,,,,,,30.2,32.9,,3.48,137.2,3.29,3.08,206.1,95.6,115.0,106.7,122.8,39.1,45.5,0.71
10288,Demo Pitcher 288,2019,25,Pitcher,SP,3.51,,,,,,,6.7,29.5,,,,,,,,30.9,26.9,,3.46,142.4,3.79,3.76,202.6,93.6,116.4,103.8,114.6,39.1,34.3,1.07
10288,Demo Pitcher 288,2020,26,Pitcher,SP,4.11,,,,,,,4.0,29.4,,,,,,,,35.9,31.6,,2.49,150.2,2.48,2.45,167.9,95.4,110.8,124.7,121.3,33.3,51.7,0.68
10289,Demo Pitcher 289,2008,23,Pitcher,RP,3.53,,,,,,,5.7,21.9,,,,,,,,33.6,33.7,,3.01,143.2,3.24,3.58,69.9,97.5,112.2,96.5,115.2,36.9,29.2,0.93
10289,Demo Pitcher 289,2009,24,Pitcher,RP,3.35,,,,,,,9.5,32.4,,,,,,,,30.6,25.2,,3.15,157.9,3.29,3.16,72.0,96.1,114.2,118.7,109.4,37.0,48.9,0.58
10289,Demo Pitcher 289,2010,25,Pitcher,RP,3.19,,,,,,,4.9,33.3,,,,,,,,36.5,26.7,,2.8,137.6,3.31,3.55,56.6,96.8,98.4,103.2,116.9,38.6,44.3,0.81
10289,Demo Pitcher 289,2011,26,Pitcher,RP,3.17,,,,,,,3.2,28.0,,,,,,,,34.6,33.0,,3.81,139.8,3.52,3.47,66.6,98.8,116.0,109.5,109.8,36.1,34.3,0.63
10290,Demo Pitcher 290,2008,20,Pitcher,SP,4.84,,,,,,,9.6,32.6,,,,,,,,30.9,30.2,,3.03,146.3,3.56,3.25,176.3,94.1,127.0,105.4,119.4,35.5,41.5,1.16
10290,Demo Pitcher 290,2009,21,Pitcher,SP,3.69,,,,,,,6.1,22.7,,,,,,,,30.6,30.2,,3.69,153.0,4.0,3.89,167.1,97.4,121.6,113.2,116.3,41.5,39.6,0.93
10290,Demo Pitcher 290,2010,22,Pitcher,SP,2.59,,,,,,,8.4,25.3,,,,,,,,35.4,32.9,,3.42,131.5,3.35,3.23,152.9,97.2,136.2,95.8,104.1,34.7,50.6,1.08
10290,Demo Pitcher 290,2011,23,Pitcher,SP,3.82,,,,,,,8.2,29.0,,,,,,,,31.0,31.3,,3.59,142.4,3.74,3.7,168.9,94.4,122.0,113.6,124.6,38.8,45.8,1.01
10290,Demo Pitcher 290,2012,24,Pitcher,SP,4.05,,,,,,,9.6,32.9,,,,,,,,31.9,30.9,,2.97,169.4,3.18,3.23,218.2,94.8,140.0,109.0,118.2,36.7,43.2,1.04
10290,Demo Pitcher 290,2013,25,Pitcher,SP,4.17,,,,,,,2.9,33.7,,,,,,,,35.0,30.8,,2.9,144.9,2.68,2.63,219.0,93.9,118.7,101.4,124.0,36.3,48.7,0.92
10290,Demo Pitcher 290,2014,26,Pitcher,SP,5.24,,,,,,,5.6,29.1,,,,,,,,38.7,29.8,,2.63,161.3,2.45,2.09,250.7,97.2,120.6,116.8,114.8,31.9,39.7,0.67
